movie_title,genre,director,lead_actor,production_company,country_of_origin,language,rating,box_office_sales,budget,release_date,digital_release_date
"Chronicles of Narnia: Prince Caspian, The",Horror,Freddi Goodfield,Julius Dannett,Eimbee,Indonesia,Pushto,7.6,2845638.99,400383.88,9/26/2020,5/2/2022
Princess Mononoke (Mononoke-hime),Drama,Magdalen Kliche,Drud Sharphouse,Wikido,Cuba,Corsican,9.8,9277994.88,925544.65,12/16/2015,3/8/2017
"Killing of John Lennon, The",Drama,Leshia Brettell,Denna Balogun,Zoombeat,Hungary,Fijian,1.2,2115020.11,625884.38,10/26/2024,2/21/2018
Today's Special,Comedy,Talbert Keppin,Donovan Brisker,Fatz,China,Belarusian,9.4,4438036.23,757943.92,1/10/2024,12/4/2022
"Lost World, The",Action,Oriana Sherebrooke,Sonnie Marushak,Jaxbean,China,Cornish,4.3,8134025.73,32235.53,5/27/2022,11/14/2020
Toomorrow,Action,Duke Scane,Mallory Bierton,Plajo,Russia,Afrikaans,0.1,9982713.35,375120.28,2/13/2022,2/22/2019
G,Romance,Cad Dairton,Dinnie Simmonett,Oba,Palestinian Territory,Western Frisian,4.3,6078725.33,626471.71,12/17/2016,11/13/2019
Lovesick,Romance,Rodrique Ducker,Sisile Molloy,Blognation,Argentina,Yoruba,0.7,2057630.36,407819.01,8/31/2016,1/17/2019
Overlord,Action,Lisa Geratasch,Josias Hasted,Divanoodle,Canada,Sindhi,2.3,2911297.22,486940.15,4/2/2019,3/1/2021
"Shaft, The (a.k.a. Down)",Adventure,Hoebart Rambaut,Hamil Iannetti,Brainverse,Morocco,Fulah,4.9,2063394.19,624860.56,11/4/2018,5/13/2022
"Statement, The",Romance,Henrieta Minci,Debor Wehden,Wordware,Philippines,Guarani,2.7,8225416.82,779622.48,3/16/2025,2/7/2018
Up the Yangtze,Romance,Blondell Cawcutt,Dorene Meeus,Topicware,United Kingdom,Czech,9.6,4388801.77,129139.67,12/16/2021,11/5/2022
Home for the Holidays,Adventure,Cate Sokill,Torre McQuaker,Gabvine,Colombia,Faroese,8.5,2126874.12,919041.08,8/5/2015,8/30/2015
Let Him Have It,Fantasy,Willa Harbinson,Davida Noot,Jaxworks,Portugal,Herero,1.9,2415619.53,91028.09,4/14/2021,10/27/2015
Tora-san's Rise and Fall (Otoko wa tsurai yo: Torajiro aiaigasa),Drama,Dieter Archley,Curt Stoyles,Brightdog,Peru,Tsonga,8.5,2150001.8,634234.03,12/31/2016,12/6/2023
Blindman,Comedy,Karlene Zealey,Bev Deave,Yakijo,China,Azerbaijani,1.7,4703697.96,383695.68,7/16/2023,1/9/2022
Caged,Adventure,Taite Chopin,Kikelia Bantham,Twinder,Argentina,"Ndebele, South",3.0,7586695.72,363280.33,3/11/2022,10/17/2020
"Loser Takes All, The (O hamenos ta pairnei ola)",Romance,Farrel Lesek,Lucretia Riddington,Flashspan,Sweden,Hiri Motu,5.2,4338948.9,942937.73,4/22/2022,11/10/2021
"Fatal Hour, The",Horror,Tamera Harses,Kelcie Vaudin,Janyx,Brazil,Western Frisian,7.7,418851.15,333547.24,6/9/2025,9/28/2016
"Great Flamarion, The",Fantasy,Massimiliano Heyward,Heall Rattery,Realcube,China,Icelandic,6.8,4308543.55,550093.41,10/8/2021,2/18/2024
Where the Boys Are '84,Romance,Verge Sheaf,Derril Boag,Fanoodle,Albania,Herero,4.5,2904295.38,999236.83,3/2/2022,2/5/2024
High School High,Drama,Tania Shard,Dalila Duhig,Skinte,Japan,Corsican,5.2,8816752.62,852848.0,11/24/2020,2/2/2018
"League of Ordinary Gentlemen, A",Crime,Barney Grealish,Jacqui Bergstram,Skajo,Germany,Panjabi,7.5,8101055.28,162836.94,7/27/2021,10/29/2015
"Boondock Saints II: All Saints Day, The",Romance,Rheba Farfolomeev,Bennie Edlington,Oozz,Russia,Occitan (post 1500),3.4,8359206.42,311507.14,6/2/2016,9/21/2023
Southern Comfort,Action,Bobby Filpo,Coleen Antognetti,Fiveclub,United States,Central Khmer,9.7,9428219.0,280889.57,7/25/2024,11/18/2016
"That's Entertainment, Part II",Adventure,Bruno Derx,Shana Tebb,Tazzy,Slovenia,Central Khmer,8.4,4132720.28,540723.24,3/27/2016,8/7/2017
Greetings,Fantasy,Crysta Dilrew,Randolf Lakenden,Edgetag,China,Walloon,4.9,3681282.23,17062.18,11/18/2023,12/30/2025
Hoop Realities,Fantasy,Shir Canti,Ulrika Sakins,Rhycero,Indonesia,Tamil,6.8,2177038.23,845964.0,9/12/2022,7/3/2019
"A-Team, The",Crime,Davy Faustian,Ced Izkovitz,Thoughtstorm,Sweden,Mongolian,0.2,2857624.5,387018.57,8/3/2018,12/30/2023
Mr. Toad's Wild Ride (a.k.a. The Wind in the Willows),Comedy,Krispin McCorkindale,Lyn Lebel,Rhybox,Czech Republic,Sindhi,7.6,7106860.3,392323.44,10/1/2021,5/24/2018
The New Girlfriend,Adventure,Moreen McShirrie,Ike Mattheis,Livetube,Germany,Faroese,9.8,1727838.57,342866.34,2/22/2023,6/15/2025
Will Success Spoil Rock Hunter?,Romance,Reg Eskriett,Jacquette Petrishchev,Jayo,Finland,Basque,7.5,4474846.2,83387.82,4/24/2018,10/22/2019
"Myth of Fingerprints, The",Fantasy,Faun Dundredge,Cos Pash,Browsedrive,Russia,Sichuan Yi,6.0,8713990.48,697555.35,9/12/2025,10/2/2021
"Crossing Guard, The",Thriller,Roddie Pays,Pavla Draysey,Riffwire,Madagascar,Pali,2.5,8996699.21,780932.4,2/20/2016,12/19/2018
Born in Flames,Thriller,Izak Djekic,Lu Finlator,Jabbercube,Indonesia,Indonesian,4.6,5376528.31,161153.2,11/20/2022,1/23/2024
Black Water,Comedy,Keri Mathely,Roth Dykas,Brightdog,Indonesia,Basque,8.4,8366784.66,267990.36,9/10/2018,9/24/2025
"Light Bulb Conspiracy, The",Fantasy,Krispin Behnecken,Matteo Ashington,Gigazoom,Ukraine,Marathi,2.0,3644245.94,295787.44,10/1/2019,8/12/2015
Go Now,Adventure,Ivan De Gregoli,Kassandra Bonny,Tanoodle,Indonesia,Indonesian,1.2,2636212.99,415795.23,9/10/2021,9/8/2024
"Wild Wild West Revisited, The",Action,Tasia Krysztowczyk,Charmain Benezeit,Riffpedia,China,Turkish,6.3,9487004.25,705154.1,4/11/2019,12/4/2016
Down to You,Action,Rocky Canedo,Ephrem Ellingsworth,Trudeo,Indonesia,Mongolian,4.6,7686359.84,101005.47,10/11/2022,6/11/2021
Ed,Crime,Clair Fretter,Valeria Ogilvie,Yamia,China,Oromo,1.7,1400115.57,782797.93,6/28/2024,10/22/2022
The Referee,Fantasy,Stinky Vaughten,Lloyd Leacock,Bluejam,China,German,1.3,5093262.92,430960.56,10/5/2016,3/26/2015
25 Watts,Sci-Fi,Hymie Burdess,Jasen Picknett,Gevee,Indonesia,Uighur,0.8,9080182.2,227383.18,9/4/2020,10/15/2025
Kikujiro (Kikujirô no natsu),Horror,Jeana Bletsor,Alley Cunio,Ailane,Sweden,Catalan,2.8,8643227.09,987183.48,1/28/2022,10/3/2020
Freud: The Secret Passion,Sci-Fi,Shurlocke MacDermand,Brewer Wheeler,Voolia,Afghanistan,Hiri Motu,7.3,4913794.5,731827.32,9/5/2020,12/25/2015
"Blueprint for Murder, A",Fantasy,Kermit Ollington,Pearce Sisland,Mynte,Laos,Pushto,6.8,6553489.61,461823.24,4/21/2023,3/27/2016
"Nameless, The (Los sin nombre)",Sci-Fi,Freddi Matyja,Cymbre Sarton,Linkbridge,China,Dutch,6.0,9442820.39,763694.52,8/9/2021,12/4/2015
Is the Man Who Is Tall Happy?,Adventure,Marshall Woodhall,Janifer Storah,Layo,Portugal,Sardinian,8.7,1948025.86,27646.82,3/24/2015,1/1/2025
Pirates of the Great Salt Lake,Adventure,Leela Cicci,Aeriela Fairholme,Kamba,China,Divehi,7.6,3500278.67,771528.85,9/8/2023,12/12/2017
Snipes,Sci-Fi,Charlotta Barabisch,Madelin Bockh,Vinder,Lithuania,Dzongkha,0.8,5867926.69,954366.48,11/8/2019,6/8/2022
11.6,Sci-Fi,Rhodia Stainton - Skinn,Carlos Bohlsen,Tagopia,Chile,Persian,2.7,4007017.85,664206.21,3/23/2024,9/17/2023
Angie,Drama,Hal Fardy,Florentia Spyvye,Kwideo,China,Kashmiri,6.2,2511238.6,983015.77,8/6/2020,5/22/2019
"Change-Up, The",Horror,Maximilien Kemmett,Anthe Raoult,Voonix,China,Herero,7.8,7691265.18,605389.04,12/23/2015,5/3/2017
Strings,Horror,Nikolas Shortan,Dyanne Adamolli,Mudo,China,Volapük,7.9,8734407.53,788680.87,2/10/2024,3/24/2025
Burglar,Fantasy,Stu Cowhig,Cheri Rosenbusch,Livepath,China,Oriya,1.3,6855236.6,635159.97,4/30/2016,5/23/2016
Lone Star,Crime,Obadiah Plett,Betsy Maasz,Photospace,Indonesia,Aymara,4.5,6518570.2,673635.54,12/18/2016,9/19/2020
Welcome to the South (Benvenuti al Sud),Adventure,Charlotte Heggadon,Mandi Iwanczyk,Twimbo,Honduras,Thai,9.8,7457753.07,384098.73,8/28/2025,10/11/2017
Enchanted April,Romance,Syd Guitte,Bidget Skoggings,Ailane,Pakistan,Tswana,1.8,9672786.57,48065.31,4/5/2018,3/16/2019
"War Game, The",Thriller,Kipper Reubbens,Rosalie Lucian,Centizu,Philippines,Amharic,3.0,6666099.09,399194.33,2/19/2018,9/11/2018
"Homem Que Desafiou o Diabo, O",Horror,Bennie Osipov,Tuck Dunnet,Zooxo,Macedonia,Bashkir,4.1,3317333.76,489452.2,12/12/2018,11/16/2025
"Cheap Detective, The",Sci-Fi,Ninon Kingh,Blinnie Ivetts,Gigaclub,Pakistan,Kikuyu,0.1,419330.27,795201.58,10/24/2019,2/23/2025
Money for Nothing,Action,Bonnee Zebedee,Lawton Minton,Fliptune,Indonesia,Persian,1.8,2156539.74,832543.32,4/7/2021,2/19/2020
Dead of Night,Drama,Haydon McKernan,Veradis Huntley,Divanoodle,China,Korean,0.1,7982069.4,325813.22,6/28/2021,10/15/2023
Cold Moon (Lune froide),Adventure,Carlina Amberg,Carrie Riddel,Divape,Thailand,Afar,7.8,8153120.69,909154.17,7/5/2021,6/10/2022
"Sunchaser, The",Sci-Fi,Rosaline Talman,Waylen Sharrem,Kwilith,China,Aragonese,10.0,6844462.17,162432.05,1/23/2017,5/19/2015
Chillers,Thriller,Norry Ledgard,Griffith Leverington,Trupe,Peru,Nauru,2.0,624004.99,289666.48,3/22/2021,10/5/2018
DiG!,Action,Sonia Hew,Freddy Roache,Yakidoo,Philippines,Tamil,1.6,3826454.07,526719.83,11/23/2025,4/29/2021
"Eila, Rampe and Likka",Horror,Sharai Ianson,Iosep Lawford,Vitz,Colombia,Esperanto,8.7,4109379.96,882109.1,5/8/2022,10/19/2022
Rock 'N' Roll High School,Crime,Nanette Mc Pake,Samara Dannett,Abatz,Indonesia,Ukrainian,1.1,2855959.58,826314.05,10/2/2023,4/13/2020
Mademoiselle,Action,Abagail Clampe,Eadith Najera,Skyvu,Armenia,Macedonian,1.9,5199794.01,748661.14,7/30/2023,8/22/2024
"Play House, The",Crime,Ky Platts,Ulrick Perin,Blogtags,Mexico,Croatian,6.5,5383814.14,257595.54,11/27/2021,4/12/2024
Nancy Goes to Rio,Romance,Zach Strick,Piggy Vignal,Zoomcast,Ivory Coast,Indonesian,1.8,9023158.66,419208.32,2/25/2017,6/11/2020
Kidnapping Mr. Heineken,Adventure,Carley Tinson,Dene Henstone,Muxo,United States,Marathi,1.0,9334220.26,51484.25,11/25/2017,12/18/2020
True Believer,Fantasy,Gan Alsina,Adelice Cambell,Lajo,Nigeria,Sardinian,0.0,7700973.05,496661.67,7/20/2022,6/7/2015
Undead,Comedy,D'arcy Standbrooke,Hollis Foard,Tagpad,Portugal,Wolof,4.1,4285958.56,549885.94,3/4/2018,5/23/2015
My Stepmother Is an Alien,Thriller,Cletus Semmence,Madeline Acland,Tagopia,Indonesia,Avaric,6.3,6418652.16,884216.46,8/4/2024,11/13/2016
Gifted Hands: The Ben Carson Story,Thriller,Grantley Lars,Katharina Everest,Browsecat,Zimbabwe,Uighur,7.5,4785378.63,940846.14,7/26/2016,9/27/2016
Maria's Lovers,Comedy,Granger Ovett,Chiquia Fairlamb,Jabbertype,Venezuela,Luxembourgish,1.8,9036166.85,963286.01,7/23/2025,5/12/2020
Crash Dive,Thriller,Renato Foxen,Sebastiano Brooke,Fliptune,China,Bashkir,9.1,9962232.06,263183.68,7/24/2017,9/7/2024
Felix the Cat: The Movie,Drama,Hartley Miguet,Arlene Webburn,Topiclounge,Bolivia,Haitian,3.3,8268507.97,855696.06,3/18/2021,3/21/2019
Cutie Honey,Thriller,Andriette Gunnell,Rodolph Yegorov,Gabvine,China,Marshallese,7.7,8536114.39,855054.74,10/10/2023,1/11/2016
"Simple Life of Noah Dearborn, The",Horror,Ame Bunker,Wileen Gillio,Tagfeed,Nigeria,Basque,0.5,2203838.33,869328.85,9/19/2022,7/4/2019
Choke,Thriller,Darcee McVittie,Violet Farmery,Brainsphere,Dominican Republic,Tswana,5.9,4232162.04,102143.03,4/13/2023,4/22/2021
Mark of the Devil (Hexen bis aufs Blut gequält),Romance,Dallis Labbet,Aloisia Olivari,Fadeo,Venezuela,Chechen,8.7,6230677.56,500925.44,10/18/2021,11/28/2021
Russian Dolls (Les poupées russes),Crime,Reginauld Weafer,Anna Olford,Eire,Indonesia,Ganda,1.6,9298681.7,820517.3,1/19/2025,5/28/2022
"Babe Ruth Story, The ",Sci-Fi,Ike Robison,Antoinette Shire,Trudeo,Armenia,Divehi,7.0,2370139.86,226080.08,12/12/2023,2/12/2015
Attila (Attila the Hun),Comedy,Marlene Crauford,Elizabet Denes,Tagchat,Russia,Persian,4.3,2298377.91,408149.78,10/14/2022,6/14/2020
"Four-Faced Liar, The",Fantasy,Marshall Egleton,Faydra Mussettini,Yodo,Mexico,Kalaallisut,6.6,2626082.25,821290.4,3/19/2024,4/14/2022
After the Rain (Ame agaru) ,Drama,Teodoro Arangy,Shaylyn Goor,Mita,Indonesia,Navajo,4.3,6956343.07,480190.17,8/23/2019,3/31/2024
Beauty and the Beast (La belle et la bête),Comedy,Rachele Casewell,Hillyer Godball,Skyble,Brazil,Esperanto,4.0,6193568.34,691186.83,4/16/2024,11/27/2019
Batman Beyond: Return of the Joker,Thriller,Monika Pabelik,Merrile Congram,Centizu,Russia,Cornish,8.4,112723.54,835943.81,5/13/2025,9/20/2024
The Care Bears Adventure in Wonderland,Crime,Freddy Clausson,Lynsey Cargon,Vitz,Indonesia,Breton,1.7,9316987.6,611762.19,5/5/2017,1/25/2017
Beverly Hills Ninja,Horror,Burt Strickler,Cathlene Galpen,Voonix,Brazil,Divehi,7.1,2008022.68,196519.62,9/23/2022,1/16/2021
Machine Gun McCain (Gli intoccabili),Drama,Murvyn Hilbourne,Broderick Wimsett,Youspan,China,Tatar,2.9,1132191.75,523261.71,5/11/2023,8/28/2022
Eve's Bayou,Sci-Fi,Vinny Trevaskis,Rosanna Fenix,Centimia,China,Limburgan,9.8,1333522.46,234620.96,10/22/2016,9/21/2018
"Murder, He Says",Thriller,Christalle Attree,Sheilah Celli,Gabcube,Paraguay,Tibetan,9.4,9616297.57,846069.49,7/3/2015,5/18/2024
"Last Hard Men, The",Thriller,Bessie Skillen,Debora Greenroyd,Thoughtmix,Uzbekistan,Fulah,0.7,3132884.08,467352.32,11/24/2024,5/14/2020
Paper Birds (Pájaros de papel),Horror,Melita Insall,Deny Thoms,Zava,Cuba,Abkhazian,5.6,717873.39,216876.1,4/2/2024,8/31/2022
Surprise,Comedy,Gifford Cahey,Arnie Rabb,Wikido,Thailand,Venda,5.7,8936013.98,585616.11,12/20/2021,9/26/2016
Ghost World,Horror,Clovis Milburn,Shelba Klauber,Oyoloo,China,Xhosa,3.1,946027.97,92115.4,5/20/2019,5/6/2018
Eight Crazy Nights (Adam Sandler's Eight Crazy Nights),Romance,Ramon Crennan,Noel Cutbush,Devbug,China,Welsh,5.1,6711345.59,174190.82,2/5/2025,8/29/2020
"Tom, Dick and Harry",Horror,Traci Griss,Shelagh Wibrow,Thoughtbridge,Bosnia and Herzegovina,Central Khmer,8.4,8822771.17,399096.98,12/10/2023,5/7/2016
"Chronicle of Anna Magdalena Bach, The (Chronik der Anna Magdalena Bach)",Horror,Mady Witchell,Olivero Gioani,Kazio,China,Volapük,0.2,365293.11,47231.13,4/15/2025,4/5/2017
Barry Munday,Fantasy,Josy Dongate,Rudyard Blight,Realmix,Russia,Breton,1.7,2928499.88,659204.85,3/22/2016,3/30/2016
Bridge to the Sun,Crime,Pascal Giacovetti,Heddi Goodyer,Voomm,Libya,Oromo,3.3,8293611.24,324720.35,8/26/2018,5/13/2020
Forbidden Zone,Fantasy,Sonia Pethick,Odessa Aguirre,Zoombox,China,Kanuri,9.9,7683046.47,648228.25,4/5/2015,9/23/2021
Untamed Heart,Action,Katrina Hartgill,Ayn Clapton,Voolith,Portugal,Sinhala,7.7,3194302.21,354203.18,8/30/2020,4/21/2019
Guter Junge,Crime,Amandi Thwaite,Darsey Kiebes,Yodel,Indonesia,Quechua,9.4,9859489.15,376542.73,10/21/2020,3/25/2023
"Last Winter, The",Thriller,Niall Petracco,Billie Knight,Kwilith,Greece,English,3.2,3927386.68,606128.5,5/10/2016,6/27/2023
Crocodile Dundee II,Fantasy,Irina Avramchik,Nomi Bynold,Linkbridge,Brazil,Kazakh,9.9,258464.08,943142.44,3/20/2017,10/4/2020
Ca$h,Fantasy,Bobbee Cadd,Cleo Woolvin,Gigaclub,Indonesia,Russian,7.6,4488454.88,516829.74,8/26/2016,7/25/2023
Suspended Animation,Action,Monica Coch,Hartley O'Dogherty,Oyonder,Syria,Avestan,9.1,5206164.85,645989.39,6/6/2025,4/7/2021
Horns,Thriller,Rae Beslier,Laina Daborn,Topiclounge,Indonesia,Hebrew,2.5,152979.07,62060.78,7/2/2015,4/19/2018
"War Zone, The",Crime,Georgie Suddock,Noami Branscomb,Shufflester,Peru,Nepali,2.7,4563745.47,48822.25,3/13/2019,11/7/2018
Sex and Fury (Furyô anego den: Inoshika Ochô),Fantasy,Justinn Gleeton,Gordie Gellan,Rhyloo,China,Chuvash,2.1,7035124.37,197498.42,2/3/2019,2/25/2021
Lost in the Desert,Comedy,Robers Lipp,Fin Tangye,Zoombeat,Indonesia,Kinyarwanda,0.6,3359737.92,875294.91,5/4/2022,8/4/2018
"Ward, The",Crime,Bianka Lumsdaine,Salvatore Hewlings,Kayveo,Greece,Yiddish,2.4,6843301.77,557430.82,10/18/2020,12/21/2021
Pop Redemption,Comedy,Siffre Jamieson,Wolfy Brazil,Tagpad,Russia,Luba-Katanga,0.5,7786642.38,631049.8,11/22/2024,4/2/2020
There's No Business Like Show Business,Adventure,Dinnie Blakey,Breena Graffham,Bubblebox,United States,Assamese,1.0,5141255.44,87308.88,10/13/2025,5/1/2019
Killing Us Softly 4: Advertising's Image of Women,Fantasy,Constancia Smaile,Ebony Letcher,Yadel,Czech Republic,Gaelic,5.1,9304303.29,125556.21,10/24/2022,11/18/2018
Audition (Konkurs),Adventure,Westley Swatman,Maybelle Varfolomeev,Blogspan,Portugal,Spanish,4.8,8541861.4,983676.99,6/4/2020,2/27/2017
Appleseed Alpha,Action,Jordan Beckson,Woodman Freyn,Gabtype,Japan,Tonga (Tonga Islands),5.9,9678381.29,141254.95,12/22/2020,3/4/2021
"Shock to the System, A",Drama,Eolande Bernli,Justinn Huson,Fatz,France,Uighur,8.4,231884.6,871474.66,6/8/2024,7/4/2018
Torrid Zone,Fantasy,Abbi Matteoli,Sela McMenamin,Pixope,Vietnam,Tajik,4.8,3481916.51,382720.1,4/9/2016,1/26/2018
Naked Lunch,Romance,Orson Kondratovich,Babita Derbyshire,Photospace,Moldova,Kalaallisut,5.8,8176361.94,922101.87,5/7/2020,5/8/2015
"SpongeBob Movie: Sponge Out of Water, The",Romance,Normand Krojn,Amelie Tsar,Kwimbee,Venezuela,Fulah,9.6,6778470.41,673749.86,8/4/2018,3/15/2023
Escape from Alcatraz,Comedy,Jessica Ainger,D'arcy Amoore,Yodo,Sweden,Ewe,5.6,8800349.12,51805.43,3/26/2024,10/3/2018
Teeth,Adventure,Jackelyn Tudbald,Cari Giral,Teklist,France,Croatian,8.4,4895428.98,466845.52,11/23/2019,3/5/2023
Violet & Daisy,Fantasy,Imojean Mariault,Lanny Friary,Zoombox,New Caledonia,Cree,1.0,8652228.19,179054.13,3/19/2020,11/28/2018
Godzilla vs. The Sea Monster (Gojira-Ebira-Mosura: Nankai no daiketto),Sci-Fi,Karla Ashbrook,Dorree Cornilli,Dabshots,Brazil,Croatian,1.4,2179813.26,373944.02,3/28/2017,12/18/2020
Backbeat,Action,Colas Clarkin,Fin Bolderson,Voonyx,United States,Bosnian,9.0,9764859.9,386492.76,10/30/2024,4/6/2023
"Jar, The (Khomreh)",Drama,Waite Backwell,Anthiathia Kaliszewski,Jabbersphere,Finland,Dutch,0.9,3963776.83,76919.09,9/6/2021,10/17/2025
"I Am Taraneh, I Am Fifteen Years Old (Man, taraneh, panzdah sal daram)",Drama,Joann Bediss,Deane Stubbeley,Trudoo,China,German,7.8,2833191.81,903386.53,2/11/2023,2/10/2015
Run for Cover,Comedy,Kellie Harvard,Jo Senett,Devshare,China,Hiri Motu,4.6,4792486.42,270462.3,9/15/2021,5/26/2019
Radio Rebel,Horror,Chrystal Pennicott,Bay Cristofolo,Browseblab,France,Tatar,4.7,9242442.92,588068.77,11/30/2023,8/29/2020
Red Lights (Feux rouges),Comedy,Dimitri Gresly,Kass Quidenham,Podcat,Argentina,"Ndebele, South",6.4,1308257.02,613019.35,9/25/2022,3/16/2018
Komodo,Crime,Clio Fullerton,Nickie Cosser,Edgetag,United States,Azerbaijani,2.3,4296586.21,31054.94,4/25/2017,6/16/2022
"Adventures of Milo and Otis, The (Koneko monogatari)",Horror,Janina Scola,Bobbie Apted,Mydeo,Philippines,Interlingua (International Auxiliary Language Association),6.0,7339954.75,565913.96,12/5/2022,12/17/2019
Congorama,Thriller,Deeanne Pydcock,Diandra Howell,Thoughtworks,Yemen,Basque,9.6,2407870.56,788645.55,1/31/2017,12/15/2024
I Love You Again,Drama,Ermentrude Spawell,Clive Parkyns,Aivee,Bangladesh,Tagalog,0.6,1021843.68,290514.95,11/15/2023,8/8/2018
"Passion of the Christ, The",Fantasy,Elie Joslyn,Lief Llewellyn,Youopia,Morocco,Mongolian,5.1,294880.58,702736.78,10/6/2018,6/14/2023
Nothing But the Night,Comedy,Rosalyn Crumley,Gustaf Sandlin,Meemm,Philippines,Inuktitut,9.6,163856.95,147772.63,6/12/2021,10/3/2019
Russia 88,Fantasy,Alyosha Bondesen,Bruce Forsyth,Topicware,Mauritius,Kongo,5.1,7951856.04,268836.98,2/20/2017,10/23/2025
Feast II: Sloppy Seconds,Adventure,Monique Fishley,Beniamino Stille,Twiyo,Indonesia,Volapük,4.3,7838174.31,355954.54,10/13/2021,1/14/2021
Jurassic Park,Horror,Bethany Stockey,Elicia Tranckle,Quinu,Estonia,Norwegian Nynorsk,1.0,1039494.79,356967.88,6/20/2015,10/16/2023
Murders in the Zoo,Thriller,Batsheva Piele,Onfroi Abbyss,Ainyx,Sweden,Akan,0.4,1811853.88,517953.82,8/11/2017,1/4/2020
Living with Wolves,Adventure,Terza Goodwin,Phil Badini,Mynte,Philippines,Pali,3.7,5064868.35,121603.3,2/14/2025,5/7/2022
"Emperor and the Assassin, The (Jing ke ci qin wang)",Adventure,Dierdre Carlill,Mackenzie Dolder,Jabberstorm,Serbia,Ndonga,5.8,6488826.8,772271.66,2/19/2021,3/21/2015
"I, the Worst of All (Yo, la peor de todas)",Comedy,Elvyn Annakin,Estevan Buddle,Voonyx,Spain,Walloon,5.2,6609938.47,11396.74,3/19/2020,6/9/2015
Princess Yang Kwei Fei (Yôkihi),Adventure,Jeralee Bovingdon,Jaime Daley,Tagtune,Indonesia,Avaric,6.3,867705.6,587907.94,10/16/2020,9/21/2016
Getaway,Crime,Elenore Mougel,Romola Jenicke,Feedbug,United States,Sindhi,1.8,9515718.1,115244.98,12/5/2022,2/13/2023
"Dreamworlds II: Desire, Sex, Power in Music Video",Horror,Ezechiel Goley,Melisse Holde,Twinte,Venezuela,Nauru,1.8,136799.78,286726.53,9/11/2025,1/19/2015
Wild Horses (Caballos salvajes),Horror,Cassondra Pharoah,Fair Herculson,Twitterbridge,China,Bulgarian,1.2,116163.33,412691.62,5/6/2020,1/24/2017
Code Name Coq Rouge,Comedy,Avivah Piperley,Karney Gudeman,Yacero,Nigeria,"Bokmål, Norwegian",5.1,8034207.16,552459.3,11/15/2018,12/8/2020
"Sun Shines Bright, The",Romance,Ellswerth Haberfield,Patrick MacClenan,Voonte,China,Pali,7.5,8998226.23,88298.79,6/5/2018,6/14/2018
Four Brothers,Fantasy,Marcellus McQuilty,Skipper Czaple,Avamm,South Africa,Luxembourgish,0.8,6375803.67,313580.87,5/7/2021,6/5/2018
Personal Effects,Crime,Genvieve Puddan,Karlotta Isakson,Kimia,French Guiana,Aymara,6.1,4814224.03,669546.29,9/16/2017,4/5/2019
Jane Eyre,Thriller,Huntlee Bedberry,Chicky Tolland,Babbleset,South Africa,Chamorro,3.3,2165660.77,65803.55,5/17/2018,9/14/2019
Ernest & Célestine (Ernest et Célestine),Horror,Cy De Freyne,Brod Murrish,Feednation,China,Sinhala,1.2,4425050.53,666560.12,4/14/2023,6/15/2018
Somers Town,Action,Paquito Huttley,Rooney Vittore,Shufflebeat,China,Latvian,6.3,6004239.66,517946.69,2/8/2023,12/4/2023
"Mountain, The",Horror,Cordelia Leall,Balduin Gorthy,Skippad,Peru,Oromo,1.4,1591862.07,409968.46,10/22/2025,5/18/2018
Spread,Fantasy,Stacie Battison,Minette Callington,Skinte,Ukraine,Xhosa,9.5,3087468.93,475973.54,9/24/2018,10/12/2022
"She No Longer Talks, She Shoots",Drama,Lynda Orwell,Cullen Kilkenny,Dynazzy,Lithuania,Armenian,3.2,6303687.18,882712.35,12/4/2016,9/26/2018
"Family, The (Famiglia, La)",Action,Joella Clever,Heath Ishaki,Photofeed,China,Tagalog,6.9,1699061.82,545188.05,3/29/2016,5/3/2017
Othello,Thriller,Reggie Dumbreck,Derick Waldron,Oba,Mongolia,Romansh,8.3,3474157.81,936269.82,5/7/2018,12/26/2021
Night of the Demons 2,Adventure,Ree Penritt,Fiona Ennever,Einti,Philippines,Catalan,2.9,6027489.09,330513.07,1/17/2016,10/11/2025
Pretty Persuasion,Romance,Tabina Duckett,Tedie Chislett,Devbug,Samoa,Interlingua (International Auxiliary Language Association),5.8,9207866.1,70050.24,10/8/2016,12/29/2022
"American Dream, An",Thriller,Cissiee Ox,Brunhilde McElrea,Browsebug,Brazil,Marathi,7.7,3194672.52,23178.56,7/3/2017,6/18/2024
Nell,Drama,Kirk Harpur,Jobyna Georghiou,Skinder,China,Malayalam,4.4,4596746.58,919872.12,9/25/2024,4/26/2019
"Long Absence, The (Une aussi longue absence)",Sci-Fi,Zelma Michallat,Joey Lanney,Flashspan,Ireland,Japanese,8.3,8540079.3,173247.69,1/18/2019,6/28/2016
From Dusk Till Dawn 2: Texas Blood Money ,Drama,Melanie Pibworth,Ignaz O' Dornan,Livetube,South Africa,Russian,1.9,6323426.73,187067.43,7/5/2024,2/8/2018
Never Die Alone,Romance,Melisande Jankowski,Wang Mowat,Gigaclub,Indonesia,Lao,1.6,8167112.2,560137.2,12/25/2020,5/21/2017
C.H.U.D.,Action,Chlo Rosentholer,Olympie Reeson,Kamba,Brazil,Kalaallisut,5.2,2888188.62,284598.51,4/28/2017,2/20/2023
Breath (Soom),Comedy,Tobey Kirkebye,Matilde Grievson,Edgeify,Bangladesh,Faroese,8.3,2520894.41,588725.29,7/8/2019,5/17/2020
"Den, The",Romance,Benji Carnow,Sonja Pegram,Feedfire,Hungary,Xhosa,8.5,276969.24,627828.27,8/31/2017,5/18/2017
Mallrats,Adventure,Ulrich Radloff,Herbert Probyn,Mita,Jordan,Polish,9.0,8735273.55,874699.94,9/23/2022,10/24/2021
Shaolin Soccer (Siu lam juk kau),Horror,Jori Warrior,Etienne Kinsella,Babbleset,China,Japanese,4.6,9510080.14,553493.31,7/2/2023,12/6/2018
Imagine That,Sci-Fi,Elysia Trout,Druci Torbeck,Realcube,United States,Sindhi,6.7,3435596.27,500462.41,9/4/2021,9/12/2024
Up,Adventure,Rex Knowlys,Monica Genike,Linkbuzz,Portugal,Burmese,1.7,201091.88,68141.58,4/17/2015,8/25/2019
"Svensson, Svensson - I nöd och lust",Sci-Fi,Asa Tosney,Hermon Ghidelli,Yacero,France,Western Frisian,4.3,8969355.24,477302.15,12/5/2024,11/17/2023
Death Machine,Drama,Nat Bulleyn,Max Arnhold,Topiclounge,Slovenia,Nauru,8.6,5098562.0,703941.39,1/4/2024,11/1/2016
Defiance,Drama,Elwira Blanchflower,Gan Yegorev,Mybuzz,Ukraine,Tsonga,8.9,2030940.72,729744.08,5/21/2019,2/20/2025
Jack Frost,Comedy,Heywood Tapscott,Eugine Foottit,Jabberbean,Portugal,"Greek, Modern (1453-)",2.2,334062.41,118614.66,1/9/2016,1/21/2024
Mutants,Fantasy,Amabel Zottoli,Kay Thornton-Dewhirst,Tekfly,Myanmar,Faroese,6.3,5435985.35,663733.88,12/29/2021,4/15/2019
Picture This,Fantasy,Letitia Gingel,Osmond Braidman,Divavu,Indonesia,Hindi,5.6,1891974.79,496545.71,12/6/2021,10/27/2015
Sansa,Crime,Carce Beechcraft,Valentijn Whichelow,Tavu,Mauritius,Slovenian,8.7,2875696.24,493605.03,2/17/2022,8/15/2017
"Fixer, The",Fantasy,Cristy Bastistini,Emlynne Pendry,Fivebridge,Philippines,Chichewa,2.5,629093.75,245716.72,3/6/2025,6/10/2021
"Last of the Unjust, The (Dernier des injustes, Le)",Crime,Cara Huddy,Antonio Marner,Trilia,Indonesia,Thai,2.4,1890476.28,303337.62,1/13/2017,5/6/2015
"Swordsman II (Legend of the Swordsman, The) (Xiao ao jiang hu zhi: Dong Fang Bu Bai)",Adventure,Guillemette Smeeton,Domenic Marini,Twitterworks,China,Estonian,7.9,8960120.94,164755.36,5/6/2025,4/24/2021
Tavarataivas,Thriller,Germaine Gunney,Katusha Cluney,Tekfly,Iran,Ido,9.9,7017440.63,957817.33,6/24/2025,7/27/2025
"Producers, The",Thriller,Christoforo Farnell,Fairfax Karlqvist,Npath,China,Bengali,8.3,4358763.23,124426.2,10/17/2022,11/28/2024
The Nautical Chart,Sci-Fi,Owen Armin,Cele Barnes,Feedbug,Uzbekistan,Lingala,1.1,191386.97,653190.97,4/16/2018,4/11/2021
"Hollow Crown, The",Comedy,Hansiain Voisey,Ema Adelberg,Zoovu,Indonesia,Manx,1.8,9864786.15,580951.94,6/30/2016,10/30/2018
When Darkness Falls (När mörkret faller),Drama,Bertram Tanfield,Bret Vossing,Skyba,Portugal,Rundi,2.5,2307158.03,532959.25,7/30/2018,12/29/2020
Angel,Sci-Fi,Dena Telling,Nahum Borrell,Realfire,Macedonia,Fulah,1.2,9979284.69,344613.03,8/8/2025,11/15/2017
From Hell It Came,Drama,Creighton Falk,Georgy Beaufoy,Meemm,Guyana,Dzongkha,3.0,1426447.17,687550.67,2/6/2024,6/10/2018
"Muppets, The",Fantasy,Camilla Wind,Shela Christofides,Buzzster,Albania,Latin,3.3,4484445.33,979677.24,10/7/2022,11/24/2023
"Young in Heart, The",Adventure,Noelani Whistance,Gwendolen Mingauld,Zazio,Russia,Sanskrit,7.1,2673231.21,483832.02,3/12/2018,4/24/2019
I'll Be Home For Christmas,Comedy,Xavier Bedburrow,Livvy Pichmann,Layo,China,Portuguese,3.1,2024601.21,119418.5,1/6/2018,1/10/2015
"Innocent Affair, An (Don't Trust Your Husband) (Under Suspicion)",Drama,Maryanna Yearnes,Moe Patel,Skinte,China,Slovenian,9.3,7334276.25,353929.41,5/7/2024,1/9/2018
Winter Passing,Action,Travers De Lascy,Yorgos Pulley,Aibox,Tunisia,Nauru,8.4,6839337.31,571010.38,5/3/2023,5/14/2018
Safe Passage,Romance,Kristine Hurton,Ignatius Woollaston,Oyoloo,Serbia,Samoan,5.7,618624.41,984393.94,1/16/2017,9/10/2024
No End (Bez konca),Action,Cart Gaither,Lauretta Bambury,Avaveo,Sweden,Tigrinya,7.7,5045326.04,874907.54,7/7/2016,8/3/2022
City on Fire (Lung fu fong wan),Horror,Corissa Heggadon,Meara Raddish,Oyoloo,Poland,Aragonese,3.5,7345331.92,197812.82,5/5/2024,4/12/2015
Westward the Women,Action,Karim Pittman,Ilyse Parkes,Lajo,Indonesia,Polish,0.8,417522.57,109720.9,5/19/2021,11/17/2020
Fatal Attraction,Drama,Adda Beecker,Towney McConnal,Zava,Croatia,Herero,8.0,5069613.03,747375.71,5/29/2022,4/9/2017
Day of Wrath (Vredens dag),Comedy,Olwen Gautrey,Matthieu MacAlaster,Quatz,China,Javanese,3.4,4133909.53,567539.15,7/29/2022,5/14/2015
Mad About Mambo,Thriller,Clarisse Peyzer,Glynn Hitter,Avavee,Japan,Chechen,5.1,567181.48,947115.02,12/12/2018,11/9/2015
Call Me Bwana,Crime,Willie Ronchi,Boyd Schapero,Twitterlist,Indonesia,Malagasy,2.5,3116141.59,710175.63,2/19/2020,6/15/2019
"Days Between, The (In den Tag hinein)",Drama,Patty Janota,Verge Zellick,Tekfly,Argentina,Italian,9.9,6265140.57,736893.59,8/26/2020,4/22/2023
"First Day of the Rest of Your Life, The (Le premier jour du reste de ta vie)",Romance,Ulrick Beard,Michelle Habbema,Ooba,Russia,Ganda,4.8,1401762.83,640600.1,8/14/2017,5/14/2017
Lady Killer,Thriller,Aylmar Colbrun,Teri Gambles,Trunyx,Canada,Marshallese,3.1,5165284.21,675685.58,1/25/2018,10/18/2022
Rent-a-Kid,Thriller,Denver Simmonite,Valeda Duxfield,Jazzy,Tanzania,Sanskrit,1.0,3316016.62,915392.49,3/25/2017,11/5/2022
"2013 Rock and Roll Hall of Fame Induction Ceremony, The",Drama,Mallissa Gait,Lauralee Slatcher,Riffpedia,France,Cornish,3.9,2744853.84,376573.13,11/27/2018,2/24/2018
Shaolin (Xin shao lin si),Sci-Fi,Faun Belly,Mariele Bruce,Shuffledrive,Philippines,Slovak,1.0,9664739.74,82145.41,10/13/2020,8/17/2017
Deep in the Woods (Promenons-nous dans les bois),Horror,Farah Hutcheons,Laurie Szanto,Feedfish,Japan,Tajik,7.4,9314218.85,588092.51,3/20/2020,7/27/2025
"Brothers Rico, The",Comedy,Paten Grimster,Deloria Spurritt,Abatz,Poland,Herero,2.1,8309777.4,511083.23,7/10/2015,12/29/2020
Aloha Summer,Drama,Berny Tift,Kathryne Barrs,Linklinks,Turkmenistan,Ewe,8.0,2243931.73,865237.2,2/29/2020,8/24/2024
"Story of Xinghua, The (Xinghua san yue tian)",Thriller,Emmery Stenbridge,Kitti Flinn,Tagcat,Peru,Tswana,5.0,6056697.21,21909.48,2/25/2020,5/21/2024
Sound and Fury,Horror,Bernice Jarritt,Tucker Hazart,Realpoint,China,Slovak,8.6,7227316.92,809451.57,6/7/2020,12/19/2024
"Town Called Hell, A",Drama,Filmore Malatalant,Bartie Dyter,Brightbean,China,Kikuyu,1.5,6453240.89,485951.8,12/18/2022,3/21/2017
Christopher Columbus: The Discovery,Crime,Rowe Bevis,Doroteya Lembcke,Devbug,Kosovo,Lingala,8.2,6780291.5,904420.69,9/21/2016,10/8/2018
Indiscreet,Sci-Fi,Dougy Waliszewski,Bernetta Huxter,Aimbu,Russia,Malagasy,0.9,379602.97,88942.13,10/31/2023,3/13/2019
Visitor Q (Bizita Q),Comedy,Kristine Barhims,Pepillo Sucre,Roomm,Philippines,Sichuan Yi,7.4,2813335.34,251371.38,6/10/2022,6/25/2018
Tokyo Zombie (Tôkyô zonbi),Romance,Ambrosi Hubbins,Duke Helgass,Twinder,China,Sundanese,7.7,1761128.3,178082.95,2/5/2016,12/27/2020
"Big City, The (Mahanagar)",Drama,Kristel Barham,Jo MacRitchie,Oyonder,Portugal,Fijian,9.8,1572869.64,902601.0,6/24/2015,6/16/2021
"Guns of Fort Petticoat, The",Adventure,Abie Eames,Annelise Wolsey,Trudoo,Indonesia,Burmese,1.6,9010428.1,404659.25,6/11/2019,1/21/2025
Days and Hours (Kod amidze Idriza),Sci-Fi,Dallon Woolcocks,Doralynn Killwick,Oba,Poland,Komi,6.1,7534689.19,67002.17,11/18/2016,5/21/2017
Taxi Driver,Fantasy,Eadith Rannie,Hobie McColl,Photobean,Indonesia,Nauru,2.9,6573994.19,867540.27,5/5/2019,6/12/2023
Welcome Mr. Marshall (Bienvenido Mister Marshall),Thriller,Boyd Jordanson,Caty Patroni,Tanoodle,Philippines,Bengali,2.7,2696982.78,859322.47,1/5/2022,1/8/2024
Chinese Puzzle (Casse-tête chinois),Action,Davy Coult,Carry Macenzy,Oyonder,Poland,Slovenian,1.2,6567328.93,380221.64,2/26/2024,9/25/2017
"Dark Side of the Heart, The (Lado oscuro del corazón, El)",Drama,Frankie Pettendrich,Teddie Bowlas,Dabtype,Ukraine,Vietnamese,2.8,168136.58,946864.27,12/25/2023,2/6/2024
Mystery on Monster Island,Crime,Miran Swanson,Ofella Olwen,Leenti,Sweden,Italian,8.8,5513251.66,591341.55,8/24/2025,12/4/2017
Conquest,Thriller,Johnette Felipe,Kylie Cribbin,Skimia,China,Ewe,4.6,2704777.68,145698.85,5/29/2017,10/26/2018
Find Love,Romance,Fionna Anyon,Patsy Twinning,Wordtune,United States,Galician,0.8,5738765.84,276127.98,10/12/2018,4/25/2020
Vivre sa vie: Film en douze tableaux (My Life to Live),Sci-Fi,Winn Miner,Clo Rodgier,Skajo,Indonesia,Croatian,6.9,6043448.66,115799.85,3/10/2020,8/26/2024
Horror Express,Fantasy,Filide De Bruijn,Bone Treat,Skyble,Serbia,Malay,8.7,424071.9,259550.55,3/23/2017,6/14/2023
And Soon the Darkness,Action,Sara Gaffon,Dotty Winyard,Latz,Russia,Macedonian,3.3,2298937.0,545473.32,7/19/2019,11/19/2018
"Tales of Hoffmann, The",Sci-Fi,Ardelis Middleton,Lamont Stoffer,Skyble,Bosnia and Herzegovina,Luba-Katanga,3.6,3592428.52,215871.94,8/9/2023,9/14/2018
Wild America,Horror,Hillie Esposita,Tessa Chalfant,Skiba,United States,Sichuan Yi,6.0,8501813.3,875368.94,1/17/2019,12/26/2017
Extraterrestrial (Extraterrestre),Sci-Fi,Cash Lasseter,Augusta Le Fevre,Zoomlounge,Russia,Western Frisian,2.8,7519375.42,595481.2,4/30/2021,6/18/2023
Santa Claus Is a Stinker (Le Père Noël est une ordure),Horror,Lamond Chippendale,Clare Hunton,Agivu,Nicaragua,Hausa,1.8,4394774.71,122051.94,4/28/2015,5/27/2018
"Match King, The",Fantasy,Zora Dack,Osborne Komorowski,Rhycero,Portugal,French,5.3,3117473.72,788739.17,5/4/2015,10/8/2017
"Dog's Life, A",Thriller,Coretta Barwis,Charis Fatscher,Yadel,China,Panjabi,3.2,8390190.1,142324.96,3/2/2016,4/15/2017
Unfaithful,Thriller,Terry Haythorn,Hyacinthe Drain,Linkbuzz,Indonesia,Malagasy,0.0,1976296.66,650276.81,6/24/2017,12/16/2016
The Bride Wore Red,Sci-Fi,Miller Hutchinges,Leontyne Beausang,Gigashots,China,Esperanto,6.4,8668031.01,403340.08,4/11/2019,3/14/2023
Backlash,Sci-Fi,Gerhardine Sherrum,Ursula Siss,Devify,Mexico,Tagalog,7.4,2871667.63,774008.14,7/18/2024,3/10/2015
Flight of the Intruder,Adventure,Tris Coaker,Yetta Arkin,Skiba,China,Ukrainian,3.6,3821189.82,642146.77,3/18/2018,8/1/2023
Prefontaine,Horror,Quincey Mebs,Stan Vel,Photospace,Argentina,Czech,0.1,8190345.15,741528.22,8/30/2016,5/6/2021
Next Door (Naboer),Fantasy,Archibold Harfleet,Ardith Pattingson,Tagfeed,China,German,9.0,4231898.07,833149.07,3/28/2020,7/27/2024
"Strayed (égarés, Les)",Action,Leela de Quesne,Joni Creeber,Miboo,Greece,Amharic,7.2,916481.13,408940.48,2/11/2018,4/13/2020
Kids World,Romance,Aguste Yeo,Moritz Mattevi,Edgewire,Yemen,Kannada,9.2,7072837.2,851775.45,12/22/2016,9/4/2024
Bus Stop,Crime,Lenci Cottisford,Joletta Maroney,Meevee,Qatar,Javanese,8.7,2033322.92,732012.43,7/11/2017,10/16/2017
Elizabeth,Horror,Amandi Virgoe,Baron Mitrikhin,Skiptube,Russia,Swahili,9.3,3098091.93,909906.21,12/29/2016,1/4/2019
Regret to Inform,Fantasy,Ekaterina Rochester,Kevina Duffyn,Tagopia,United States,Javanese,9.2,6680485.45,397327.65,3/4/2023,2/2/2017
Sherlock Holmes,Sci-Fi,Sherri Daddow,Raye McHenry,Feedfish,Indonesia,Kongo,1.4,9991787.42,508144.25,10/1/2017,5/31/2015
SUBWAYStories: Tales from the Underground,Thriller,Lucien Pluthero,Yasmin Jarrette,Jaxspan,Poland,Esperanto,3.2,9499113.52,198214.56,3/9/2018,6/20/2025
"Brøken, The (a.k.a. Broken, The)",Adventure,Galvan Aughtie,Janetta Gotter,Rhycero,Russia,Sinhala,6.8,6931083.16,976315.79,2/7/2024,6/28/2025
Blind Chance (Przypadek),Thriller,Torrey Fairey,Derward Haldene,Janyx,China,Ganda,1.7,2021863.33,342199.85,1/18/2018,8/23/2017
When Worlds Collide,Romance,Micheal Brotherheed,Adeline Kleeborn,Mydo,Canada,Sichuan Yi,9.4,102120.19,981049.11,3/13/2017,4/14/2017
Fitna,Drama,Claudell Paton,Rhonda Rodda,Mynte,China,Basque,3.8,5253453.84,939655.04,6/25/2025,6/21/2017
Square Dance,Comedy,Tully Aggiss,King Walch,Mybuzz,Indonesia,Oromo,2.8,6388886.58,830106.12,7/16/2015,9/9/2025
"Oh, Heavenly Dog!",Adventure,Barbey Whitby,Madelina Quarlis,Meemm,Indonesia,Irish,7.9,3023340.1,914530.61,10/4/2015,7/1/2025
Born to Be Wild,Action,Florry Djurevic,Zondra Thome,Dablist,Philippines,Quechua,7.7,4522051.76,477376.09,1/16/2024,9/19/2024
"Ennui, L'",Horror,Markos Tregiddo,Hadleigh Andrag,Skyba,China,Marathi,9.7,6841000.8,252795.57,6/1/2019,9/8/2025
Fred: The Movie,Fantasy,Carlen Petegre,Bobbye Fake,Shufflebeat,Portugal,Urdu,4.1,1349945.42,828480.78,8/12/2018,1/23/2025
Flannel Pajamas,Adventure,Inger Leftwich,Kendall Burrett,Eabox,Mozambique,Tswana,4.3,7471747.66,813158.88,1/15/2021,10/1/2018
Ninjas vs. Zombies,Fantasy,Chaddie Giabuzzi,Geralda Cobbing,Meedoo,Brazil,Kazakh,8.8,8420632.24,503764.19,11/15/2022,7/26/2015
Outcast of the Islands,Fantasy,Catharina Lewton,Nahum Killingworth,Gigaclub,Armenia,Aymara,6.4,6245506.3,364554.22,1/27/2018,4/6/2025
Black Death,Fantasy,Elset Abella,Kizzie Duffield,Realmix,Brazil,Church Slavic,5.2,595408.68,307469.08,5/21/2015,9/15/2015
Kadosh,Thriller,Nada Bentinck,Georgina Allsupp,Yata,Russia,Ganda,0.7,7986920.45,502440.34,7/8/2021,4/3/2024
Swamp Shark,Comedy,Claus Parysiak,Sterne Lucey,Roodel,Russia,Korean,7.0,5403744.58,427045.85,10/31/2016,9/12/2023
Fred & Vinnie,Thriller,Martynne Rounsivall,Dee dee Blatchford,Twinte,Sweden,Bengali,6.4,4611585.4,12276.03,4/24/2023,10/16/2015
"Third Man, The",Drama,Durant Fairbrass,Jan Schoolfield,Realblab,Brazil,Church Slavic,9.1,1300786.84,72485.79,5/22/2017,8/20/2018
Eros Plus Massacre (Erosu purasu Gyakusatsu),Romance,Odelia Rembrandt,Roxanna Alishoner,Myworks,Indonesia,Czech,6.8,3901780.83,40353.89,10/4/2023,11/16/2023
Stop Train 349,Horror,Dasha Bernini,Kerwinn Scutching,Jaxworks,Sweden,Fijian,5.8,6282717.8,121543.61,7/8/2022,1/5/2023
Beefcake,Drama,Susanna Bridywater,Jervis Richichi,Roodel,Greece,Occitan (post 1500),9.5,3694664.61,333441.37,12/24/2023,7/2/2025
Meatballs III,Crime,Margarethe Cammidge,Merrill Emmitt,Skinix,Philippines,"Bokmål, Norwegian",2.4,1586083.94,743737.31,4/2/2019,11/24/2016
Gamera vs. Gyaos (Daikaijû kûchûsen: Gamera tai Gyaosu),Sci-Fi,Otha Reinbach,Adolpho Jacobi,Devshare,China,Dutch,9.0,7395420.51,63639.2,7/15/2017,1/1/2018
Sunday Bloody Sunday,Adventure,Gregg Wandrich,Mirabelle Limbert,Livetube,Russia,Uzbek,9.1,7814965.8,374828.53,6/10/2015,4/23/2019
Hong Kong Confidential (Amaya),Thriller,Jemima Keenlayside,Gilbert Suddell,Bubblebox,Indonesia,Korean,8.8,3786525.56,925360.41,1/18/2015,1/12/2022
"I, the Worst of All (Yo, la peor de todas)",Adventure,Sharyl Duggan,Alyce Meechan,Realcube,Russia,Inuktitut,9.8,9649605.37,875392.54,9/15/2017,12/28/2021
Born to Defense (Zhong hua ying xiong),Drama,Marthe Roskelley,Shauna Jurgen,Bubbletube,Venezuela,Amharic,10.0,9884426.0,587035.95,5/16/2019,5/31/2015
"I Was Born, But... (a.k.a. Children of Tokyo) (Otona no miru ehon - Umarete wa mita keredo)",Drama,Harris Olivari,Tristam Abbay,Yodel,Venezuela,Serbian,3.4,9004857.2,534472.19,4/24/2015,2/5/2018
Imagine,Crime,Nikoletta Battson,Emelda Camili,Yamia,Bangladesh,Norwegian,2.0,6304380.1,828722.71,9/17/2019,8/30/2015
"Dog of Flanders, A",Horror,Lutero Baldrey,Raquel Wharmby,Kwinu,Poland,Maori,6.1,804870.58,72565.38,4/28/2018,4/19/2021
Attila (Attila the Hun),Horror,Milzie Koche,Dahlia Coultass,Dabfeed,China,Avaric,4.8,2733185.5,544078.03,2/28/2019,12/10/2017
Raise the Red Lantern (Da hong deng long gao gao gua),Thriller,Neil Grioli,Beth Ibert,Trilith,Indonesia,Afrikaans,9.3,2259649.87,449999.61,12/29/2023,12/7/2020
Lightning Jack,Thriller,Lorrie Whereat,Ellwood Ricoald,Twitterlist,China,Romanian,3.9,9325108.0,712329.29,2/14/2023,2/14/2018
Jamie Marks Is Dead,Action,Amandy Marcinkus,Garvey De Francesco,Realpoint,Russia,Basque,10.0,8934345.5,314066.08,1/12/2018,4/14/2021
Anne of the Thousand Days,Fantasy,Daniele Bullers,Christiano Cramer,Jabberbean,China,Northern Sami,7.1,3415291.53,388619.36,1/9/2022,10/26/2015
56 Up,Sci-Fi,Harmonia Pendrid,Silvester Bourtoumieux,Livefish,Philippines,Polish,5.9,3227557.54,34590.12,9/24/2024,5/29/2019
Dorian Gray,Thriller,Gaile Cockram,Mathilde Eassom,Youtags,Russia,Belarusian,3.9,5118371.68,911961.59,10/18/2022,10/8/2020
Street Trash,Crime,Lukas Veschi,Marta Koenen,Kayveo,Philippines,Dutch,0.2,8020886.66,870361.83,3/22/2019,8/12/2019
Sparrows Dance,Adventure,Veriee Redley,Ray Graber,Kaymbo,Belarus,Lithuanian,5.2,8980871.54,535468.8,6/11/2017,3/31/2015
Stations of the Cross,Sci-Fi,Alix Bell,Vasilis Gouldbourn,Thoughtstorm,China,Romanian,0.0,9079836.1,789288.03,3/13/2021,6/24/2015
Absolute Beginners,Crime,Piggy Sandlin,Sergio Loreit,Fivechat,Philippines,Swati,9.5,7792977.55,782046.2,12/17/2020,1/6/2024
"Bitter Tears of Petra von Kant, The (bitteren Tränen der Petra von Kant, Die)",Crime,Lotty Dales,Natalie Douty,Skiptube,Argentina,Lingala,4.6,4937177.05,617577.26,10/9/2024,6/17/2024
Madame Bovary,Drama,Aldus Lukins,Ezri Hugin,Leexo,Brazil,Icelandic,7.2,8489249.08,87774.75,7/19/2021,11/12/2022
Yanco ,Crime,Dulce Wallsworth,Erda Dowdall,Lazzy,Philippines,Tigrinya,4.9,8382939.31,96381.97,6/30/2017,3/27/2021
Town Without Pity,Drama,Beret Esposita,Oby Le Surf,Miboo,China,Sinhala,0.0,8480107.01,179179.62,2/11/2025,4/12/2016
"Battery, The",Action,Clea Stellino,Marty Canner,Skimia,Netherlands,"Sotho, Southern",9.2,9921395.55,298696.09,3/12/2021,11/18/2023
She Done Him Wrong,Horror,Timofei Kennerknecht,Humfried Oehm,Mudo,China,Somali,7.2,5302132.99,542973.93,2/25/2022,5/14/2022
Nothing to Lose,Sci-Fi,Jeri Greed,Salvatore Beaford,Lazz,Finland,Russian,6.3,4128582.65,783959.01,4/26/2019,1/25/2020
Hot Dog... The Movie,Drama,Adina Capin,Lanny Gronowe,Oloo,Indonesia,Tigrinya,8.3,4879743.36,187268.44,6/14/2024,8/20/2015
Hello Down There,Romance,Paulina Brimblecomb,Ogdan Lydden,Twimbo,United States,Tatar,9.0,1089353.46,557899.95,10/18/2025,1/20/2024
Kindergarten Cop,Thriller,Andreas Hedney,Emory Belasco,Mita,China,Maltese,8.8,9199714.6,969914.87,7/2/2019,6/19/2024
A Most Violent Year,Crime,Wilhelm Renak,Bernie Kerr,Linkbuzz,Liberia,Estonian,6.3,2909303.05,822090.13,5/4/2025,10/16/2025
"Django the Bastard (Strangers Gundown, The) (Django il bastardo)",Fantasy,Amelita Hardy-Piggin,Odella Dugmore,Browsebug,Dominican Republic,Hungarian,3.4,2982122.26,555975.3,10/20/2016,4/10/2015
Private Lives,Sci-Fi,Joli Vaz,Sianna Wipfler,Quimba,China,Tibetan,5.9,6291519.22,501991.27,3/29/2016,6/22/2017
Newlyweds,Drama,Dara Rainton,Felicdad Jewson,Cogilith,United States,Interlingua (International Auxiliary Language Association),2.5,8018400.38,651632.8,2/22/2017,9/12/2018
Neon Genesis Evangelion: Death & Rebirth (Shin seiki Evangelion Gekijô-ban: Shito shinsei),Sci-Fi,Yorker Wilce,Bidget Kyte,Edgetag,Mongolia,Avestan,7.8,5154477.87,47150.8,7/1/2016,1/28/2017
Platoon,Adventure,Sean Darbon,Inna Benit,Youopia,Indonesia,Russian,0.4,3679239.94,804401.59,3/19/2019,1/1/2016
King Kong vs. Godzilla (Kingukongu tai Gojira),Adventure,Aeriela Pourvoieur,Tuckie Klimke,Topicshots,China,Afar,7.4,4460507.43,330332.63,6/18/2025,4/25/2020
That Thing You Do!,Horror,Germain Mousley,Fenelia MacCard,Rooxo,Indonesia,Bislama,6.9,8941273.37,511379.56,7/11/2017,12/9/2020
"Nanny Diaries, The",Drama,Tamqrah Mandres,Agna Petti,Fliptune,Russia,Cree,5.5,6683664.97,526813.74,10/17/2021,4/8/2015
Def-Con 4,Fantasy,Angil Bolles,Rhianna Conklin,Dazzlesphere,China,Twi,2.8,6158554.59,322545.31,9/25/2016,12/8/2023
The Story of Asya Klyachina,Adventure,Rodger Pymar,Flor Sans,Skipstorm,Poland,Walloon,9.8,7825408.45,923131.67,12/23/2019,12/31/2016
Powaqqatsi,Romance,Nicolis Crim,Danya Helbeck,Realcube,Indonesia,Limburgan,4.5,3295363.92,213794.75,8/25/2022,1/27/2025
Madagascar: Escape 2 Africa,Romance,Carrissa Filipov,Lettie Cobby,Chatterpoint,Japan,Telugu,7.2,9257676.42,656007.45,2/19/2024,2/6/2017
Death Wish,Adventure,Sydel Raccio,Quinn MacNish,Skippad,Pakistan,Inuktitut,1.6,6762862.36,173299.17,2/26/2024,4/8/2022
California Conquest,Fantasy,Lucienne Brownlea,Mikaela Godar,Tekfly,Ukraine,Komi,9.4,3344985.44,156497.85,5/5/2024,4/18/2017
Pax Americana and the Weaponization of Space,Horror,Gherardo Suddick,Ali Ruzek,Zoovu,China,Chamorro,7.0,921730.99,977340.72,9/29/2018,1/31/2016
"Sign of Leo, The (Signe du lion, Le)",Romance,Munmro Knowlman,Holly Morris,Jayo,Afghanistan,Swati,4.0,4259257.38,175217.53,2/11/2015,4/2/2020
Shadows,Romance,Karita Joannidi,Julienne O'Dempsey,Meembee,Poland,Avaric,7.2,1472381.64,437450.77,8/15/2022,10/20/2015
It's Impossible to Learn to Plow by Reading Books,Sci-Fi,Murial Dawidowsky,Franni Epp,Tagcat,Russia,Malay,0.8,8450299.14,949438.08,5/20/2025,3/13/2024
Xala,Romance,Dexter Richings,Merla Nesbit,Voomm,Czech Republic,Bosnian,0.2,4905645.62,315972.38,2/26/2019,5/17/2022
Looper,Fantasy,Brucie Ellett,Ennis Stotherfield,Zava,Indonesia,Burmese,8.8,4910829.92,250840.48,2/14/2022,6/11/2015
"Human Race, The",Comedy,Morry Elleton,Kyla Borless,Skipstorm,China,Avaric,3.9,8732610.17,924324.27,7/26/2025,9/30/2020
Haunted House,Thriller,Guenevere Longstreet,Jud Favela,Skidoo,Brazil,Ganda,9.1,6316256.13,147482.01,1/30/2018,10/5/2021
Edmond,Comedy,Lela Earingey,Kristo Alcoran,Thoughtstorm,Sweden,Breton,5.1,4656165.87,178066.94,9/12/2020,4/13/2025
"Guardian, The",Drama,Michelina Haggart,Gabe Giovannelli,Photofeed,Ireland,Macedonian,7.7,1096706.7,281219.71,7/19/2025,1/10/2022
"I Love You, I Love You Not",Thriller,Cornelia Axten,Ray Throughton,Camimbo,China,Akan,7.3,2042734.4,325172.69,11/21/2017,11/1/2025
Rooster's Breakfast (Petelinji zajtrk),Drama,Maxine Dolle,Amandy Sciacovelli,Avavee,China,Turkmen,5.0,2377979.25,771681.51,11/22/2022,12/25/2024
The Seven-Ups,Adventure,Karlotte Wittrington,Myca Seakings,Feedspan,Indonesia,Tswana,9.6,8248744.36,438194.63,11/13/2024,3/24/2021
Adios Sabata,Romance,Tina Craigg,Donovan Azema,Ailane,Panama,Occitan (post 1500),2.1,3377164.74,874450.66,5/6/2017,1/19/2024
"Grandpa for Christmas, A (Bert & Becca)",Fantasy,Abramo Karpychev,Hamid Janodet,Vinder,Argentina,Luba-Katanga,4.6,9011514.72,490761.81,3/20/2025,12/22/2019
Giallo,Fantasy,Eduino Jossum,Shelden Guthrum,Podcat,Peru,Bengali,7.0,4312905.65,437667.17,6/1/2021,2/5/2025
Mr. Moto's Last Warning,Drama,Netti Kirsz,Pamella Acedo,Avamba,Russia,Kannada,8.9,5829407.45,566309.95,8/7/2021,5/19/2016
1000 Journals,Fantasy,Kala Shobbrook,Trefor Eymor,Einti,China,Sinhala,0.0,4985806.94,172230.75,5/1/2016,10/25/2024
#chicagoGirl: The Social Network Takes on a Dictator,Romance,Allsun Brammall,Nate Sowman,Kwilith,Togo,Latin,1.8,7600142.7,730641.45,5/24/2018,6/23/2024
Sergio,Crime,Kelly Grason,Trescha Mariotte,JumpXS,Angola,Ossetian,1.2,1782311.81,592852.76,10/4/2023,11/23/2015
The Gamers: Hands of Fate,Horror,Prudy Langdridge,Ruthy Dalziell,Rhynoodle,Pakistan,Yoruba,4.8,3903678.69,512519.68,8/19/2018,2/22/2023
Last Train from Gun Hill,Adventure,Robinett Culver,Rubetta Kennaird,Npath,Brazil,Azerbaijani,4.0,1713221.11,431060.51,8/9/2016,1/30/2025
O Amor das Três Romãs,Horror,Griff Humberstone,Donaugh Mussared,Talane,Greece,Ndonga,4.3,7753543.74,110556.49,3/12/2021,8/5/2025
Blind Alley,Horror,Elene Rummery,Con Spini,Youspan,Indonesia,Kurdish,5.7,530226.18,733118.41,2/22/2018,12/21/2015
Act of Valor,Adventure,Bettine Jone,Halsy Richley,Oyope,China,Kalaallisut,1.7,7704425.68,829028.56,5/23/2019,2/25/2024
This Is 40,Drama,Henrik Peplow,Quint Swin,Browsetype,Greece,Tahitian,1.3,6991807.81,956212.13,11/23/2018,11/6/2023
Drillbit Taylor,Adventure,Dotti Rosas,Oralle Braunle,Wordtune,Czech Republic,Vietnamese,9.1,7005702.57,756579.79,4/30/2024,4/5/2023
What No One Knows (Det som ingen ved),Crime,Hector Smallsman,Abrahan McKeney,Tambee,Indonesia,Chamorro,0.2,3353222.58,343636.64,6/22/2020,4/7/2022
"Mod Squad, The",Adventure,Pinchas Lanfere,Abby Pren,Photofeed,Laos,Russian,7.5,3857788.5,764818.27,12/13/2020,5/9/2019
Marriage Italian Style (Matrimonio all'italiana),Sci-Fi,Ayn McKall,Gabe McCrone,Eimbee,China,Central Khmer,7.5,710316.43,62122.24,10/1/2016,10/26/2021
Malibu High,Action,Lizzie Skin,Brion Haskett,Skaboo,Mauritius,Sardinian,8.3,6827238.78,636474.26,3/10/2020,5/16/2019
"Le printemps, l'automne et l'amour",Drama,Malynda Mulles,Grier Doughton,Tagpad,Venezuela,Xhosa,3.0,1669776.73,733814.18,5/29/2019,10/4/2020
Sidewalks of London (St. Martin's Lane),Fantasy,Lilian Hasselby,Luci Costar,Jatri,Sweden,Sichuan Yi,6.7,2054353.16,351966.43,3/30/2022,10/7/2019
Cotton Comes to Harlem,Thriller,Farrel Amies,Eba Metzing,Buzzbean,China,Armenian,2.4,8845033.27,537612.46,6/4/2022,6/29/2020
Gypsy,Action,Bab Hanton,Addie Fieldhouse,Yabox,Lithuania,Sanskrit,5.7,9650174.17,865562.66,9/13/2025,12/12/2017
"Book of Life, The",Crime,Ali Harberer,Launce Lamperti,Wordify,Latvia,Yiddish,2.6,8764580.96,267188.27,9/14/2021,12/7/2018
First Daughter,Fantasy,Christa Trayton,Stavro Toplis,Oozz,Comoros,"Greek, Modern (1453-)",7.1,1973095.45,297439.54,3/11/2018,7/18/2018
Big Shot: Confessions of a Campus Bookie,Romance,Freida Brocklesby,Michaeline Matfin,Linkbuzz,Philippines,French,3.1,5405359.87,497582.96,7/19/2024,7/5/2025
Blind Date,Action,Mirelle Erasmus,Sherry Bracci,Izio,Philippines,Abkhazian,7.3,8219771.08,599269.27,4/22/2024,11/27/2025
"Wrong Move, The (Falsche Bewegung)",Fantasy,Tadd Lindenboim,Damon Ullyatt,Edgeclub,Croatia,Luxembourgish,3.7,4015399.18,347090.95,8/1/2019,5/28/2020
Blonde Ambition,Thriller,Mae Doddemeade,Arel Poulden,Riffwire,China,Korean,8.4,6186632.03,389982.11,5/21/2024,10/21/2015
"No God, No Master",Horror,Valery Libbe,Rhoda Elderton,Myworks,Portugal,Arabic,6.9,3044042.24,949518.49,4/10/2017,7/7/2020
Kaspar Hauser,Romance,Hilario Philipeau,Katinka Chrippes,Trudoo,Sweden,Twi,3.8,9589986.75,303192.19,9/12/2015,8/23/2021
Orpheus (Orphée),Fantasy,Carroll Musso,Lee Valois,Camimbo,China,Pali,5.1,5007603.74,575464.42,7/10/2020,4/19/2017
Tuareg: The Desert Warrior (Tuareg - Il guerriero del deserto),Crime,Clemmie Lafford,Winnah Goschalk,Youopia,Russia,Cree,0.6,8858761.47,101826.73,5/16/2020,7/17/2016
When in Rome,Horror,Zonda Monshall,Jimmy Burcher,InnoZ,South Korea,Xhosa,5.7,6399645.58,751808.73,12/8/2020,1/12/2018
Joanna,Sci-Fi,Friederike Yerson,Florencia Wibrow,Podcat,Czech Republic,Tatar,5.6,1127345.9,365479.1,2/4/2016,6/23/2016
Little Criminals,Fantasy,Bonni Duly,Perla Andell,Dynabox,Portugal,Sango,2.9,2960872.08,815069.37,3/11/2020,2/20/2018
César,Adventure,Sayer Lecount,Garrot Kairns,Shuffletag,Indonesia,Norwegian Nynorsk,2.1,7492380.94,790650.16,7/16/2017,5/27/2023
M,Romance,Hilarius Ashcroft,Susy Walby,Tagtune,China,Komi,3.2,4830121.16,792757.72,6/18/2024,2/18/2018
Bitter Feast,Horror,Trista Duffit,Kathi Marques,Yoveo,Brazil,Tajik,9.0,3767466.42,729087.86,11/30/2017,1/12/2016
Animated Motion: Part 5,Comedy,Rose Richarson,Gradey Good,Browsetype,Portugal,Estonian,3.2,3983147.95,650208.61,5/27/2019,3/2/2017
Special Correspondents (Envoyés très spéciaux),Thriller,Stanislas Auden,Rosalyn McTaggart,Gabtune,France,Tonga (Tonga Islands),2.3,2704459.29,113185.01,2/13/2016,6/10/2024
"Aviator, The",Fantasy,Zarah Loble,Ashlee Allred,Buzzshare,Brazil,French,7.7,6763203.11,133414.62,2/2/2018,6/10/2017
The Emperor of California,Fantasy,Rhea Madle,Penni Marians,Jabberstorm,Armenia,Northern Sami,7.8,8188623.44,380320.7,10/15/2024,2/21/2021
Poolboy: Drowning Out the Fury,Fantasy,Mac Barthelemy,Nelle Spurling,Vitz,Philippines,Assamese,2.9,3891935.7,863428.71,10/9/2024,11/30/2018
Ed's Next Move,Comedy,Burk Ebden,Jerrylee Gulberg,Cogidoo,Poland,Serbian,1.2,3391623.75,461719.62,7/17/2015,2/25/2022
Blame it on Fidel! (La faute à Fidel!),Thriller,Wheeler McAree,Ron Guyer,Jamia,Luxembourg,Sichuan Yi,5.0,2978117.01,163510.99,6/18/2024,6/5/2023
"Sun Also Rises, The",Sci-Fi,Robinet Augustin,Brier Hexter,Skyvu,Philippines,Pushto,8.1,4017075.72,746145.88,7/19/2021,4/20/2018
Copenhagen,Comedy,Kristofor Gyrgorwicx,Paolina Glasgow,Rhycero,Indonesia,Luxembourgish,6.7,9084322.95,120998.97,3/30/2022,8/13/2023
"Man There Was, A (Terje Vigen)",Horror,Rossie Chese,Kay Wainer,Blogtag,Japan,Kashmiri,8.2,3953281.64,597022.79,4/1/2024,11/26/2019
King Cobra,Romance,Ernie Tankus,Jason Rockingham,Oyoloo,Norway,Tahitian,4.6,4095646.43,947545.74,7/11/2022,5/17/2020
Immortal Beloved,Horror,Laetitia Van Hesteren,Marina Kilford,Pixonyx,China,Galician,0.0,6463886.57,981227.79,5/13/2024,7/1/2021
Garage Sale Mystery,Adventure,Nathanil De Freyne,Persis Bondy,Oyondu,Kyrgyzstan,Norwegian Nynorsk,9.8,3125797.79,185719.21,9/12/2018,12/28/2024
Herr Lehmann,Comedy,Renie Bolan,Lucy Adshead,Oyoyo,China,Ojibwa,6.0,4055296.7,553200.65,9/13/2018,11/10/2019
Ruby & Quentin (Tais-toi!),Drama,Gregory Tritten,Laureen Patmore,Skibox,Philippines,Luxembourgish,6.3,9752033.41,56991.79,10/2/2020,10/18/2019
8MM,Thriller,Wendell Layton,Emlynn Flood,Ailane,Malaysia,French,0.1,2697034.22,33637.22,7/19/2023,6/11/2015
Life After People,Comedy,Britni Antonoczyk,Rina Crossthwaite,Twitternation,France,Kashmiri,8.6,3674949.79,691552.95,6/8/2022,12/16/2023
"Chronicle of Anna Magdalena Bach, The (Chronik der Anna Magdalena Bach)",Romance,Nolie Lockwood,Margaux Cleyne,Gigabox,Azerbaijan,Shona,9.0,2664777.61,823651.71,8/12/2020,4/19/2024
"Stepford Wives, The",Adventure,Farris Berens,Brittney Dockrey,Tagtune,Brazil,Sardinian,8.1,6879060.8,438038.86,9/18/2021,2/2/2019
Hand Gun,Drama,Duffy Trundle,Emmet Twinn,Livetube,China,Ossetian,2.8,1164033.52,965157.19,12/21/2016,11/26/2023
According to Spencer,Crime,Astrid McEttigen,Reinaldo Slopier,Eadel,Czech Republic,Assamese,1.2,625561.07,125017.61,12/17/2025,11/20/2015
Alone with Her,Fantasy,Kermie McEwen,Carolynn Budgey,Innojam,Somalia,Lao,2.2,3636436.9,912863.8,9/26/2020,4/7/2019
Down to the Cellar (Do pivnice),Adventure,Jephthah Priscott,Jackie Lydon,Aibox,China,"Ndebele, South",7.9,9262068.84,172947.02,8/19/2021,3/17/2016
Dream Machine,Crime,Daune Chevolleau,Esteban Everiss,Dynazzy,Portugal,Luba-Katanga,8.5,6708851.38,729336.68,5/5/2024,7/27/2022
Commandments,Comedy,Christel Sindall,Diego Orniz,Fadeo,China,"Ndebele, South",9.6,1554932.46,944626.78,8/6/2015,5/9/2016
Re-cycle (Gwai wik),Fantasy,Elfrida Malec,Margi Balaisot,Photolist,Dominican Republic,Fulah,0.7,3959746.79,916571.67,8/1/2016,4/27/2015
Borgman,Comedy,Livvyy BoHlingolsen,Graehme Elgy,Photofeed,Japan,Tibetan,3.8,5765803.79,150916.31,4/5/2020,2/6/2025
My Brother Is an Only Child (Mio fratello è figlio unico),Crime,Martin Berzen,Hamilton Parslow,Tazz,Kazakhstan,Galician,9.8,2100084.14,215056.59,8/7/2024,9/2/2018
Three of Hearts,Fantasy,Consuelo Sandiford,Adrienne Riddeough,Edgeblab,Israel,Sango,2.3,6878441.47,106934.59,3/6/2020,1/25/2025
Man of the Year,Action,Shoshana Swinfon,Eveline Hamon,Snaptags,China,Ossetian,2.7,6245356.49,842252.57,7/20/2025,12/5/2016
Creature from the Haunted Sea,Comedy,Tressa Axton,Herta Winny,Twimm,China,"Ndebele, South",4.5,9949789.4,814719.61,4/11/2017,5/2/2023
Brooklyn Bridge,Thriller,Lee Oxenden,Clio Tomei,Geba,China,Marshallese,1.9,6801141.3,385669.9,5/6/2015,11/20/2024
I'll Be Seeing You,Thriller,Ethelda Ortmann,Arabele Stutard,Camimbo,Egypt,Ndonga,1.7,1223523.77,583189.32,5/12/2022,11/19/2015
I Start Counting,Fantasy,Marty Culbert,Ephrem Bonniface,Ainyx,Netherlands,Afar,3.3,170385.99,240958.07,3/18/2021,4/14/2017
Saint Ange (House of Voices),Action,Gray Allsepp,Melloney Joska,Tagopia,Slovenia,Occitan (post 1500),0.4,7127223.28,631810.7,2/9/2022,8/20/2025
"Princess and the Warrior, The (Krieger und die Kaiserin, Der)",Adventure,Byrann Rhymer,Nicoline Eddoes,Oyonder,Russia,Afrikaans,1.1,8380755.34,262829.02,5/13/2021,6/28/2024
Film ist.,Crime,Phip Rutherforth,West Yakebowitch,Buzzshare,Indonesia,Estonian,0.3,7428223.92,231675.81,1/9/2024,12/4/2022
Road to Singapore,Romance,Katey Luca,Zarla Swinnerton,Youtags,China,Oromo,5.5,3748732.82,777565.85,7/15/2019,9/25/2019
"Dawn Patrol, The",Drama,Teodoro Chree,Harwell Botten,Twiyo,Norway,Corsican,7.2,8717978.05,359811.94,7/12/2024,5/15/2019
"Net 2.0, The ",Drama,Randa Goldster,Brittni Kiwitz,Fivechat,Laos,Kannada,7.6,6528076.72,467375.57,2/23/2021,1/3/2023
Van Gogh,Adventure,Berget Gibling,Wandie Rolfi,Oba,Russia,Zhuang,7.1,1992400.36,795822.23,1/6/2021,1/30/2020
"Lovely, Still",Horror,Agneta Pocock,Elizabeth Martinat,Zooxo,Turkmenistan,Interlingue,3.6,3731111.89,244272.26,9/17/2019,6/7/2015
Pioneer (Pionér),Horror,Geralda Skeldinge,Ursula Lyst,Quamba,Indonesia,Xhosa,7.9,8525820.66,834092.41,5/18/2015,6/6/2018
"Man Who Never Was, The",Adventure,Allyn Nemchinov,Amaleta Madden,Photofeed,Portugal,Hungarian,6.5,4597786.04,858148.41,8/14/2020,1/12/2020
Toi et Moi,Thriller,Nike Flannery,Melisandra Druhan,Ailane,Malaysia,Komi,0.9,9405413.46,778628.09,3/30/2017,1/9/2019
Friday the 13th Part V: A New Beginning,Horror,Mirella Knapton,Ninon Cuardall,Oba,Cuba,Norwegian,6.2,3957059.65,807111.86,6/7/2019,1/10/2018
Face (Visage),Horror,Killian Copp,Zelig Di Angelo,Edgeify,Russia,Kazakh,1.3,8330135.51,921746.56,12/11/2021,12/22/2015
Nuts,Horror,Diannne Thaim,Tisha Livett,Kanoodle,El Salvador,Swahili,1.2,4339158.39,152221.04,9/20/2022,12/16/2021
Santitos,Adventure,Catina German,Olivie Pannaman,Aivee,Sweden,Shona,4.6,8225856.18,475447.3,8/2/2018,10/9/2022
Stage Fright (Deliria),Action,Case Bowbrick,Wally Matchett,Eadel,Sweden,Kikuyu,5.8,1006803.72,580727.79,6/24/2025,1/5/2016
Sexual Predator,Crime,Everett Saddler,Graham Matas,Avaveo,Philippines,Haitian,1.8,3008816.46,591967.99,1/21/2023,12/25/2025
Vixen!,Fantasy,Elisabet Giovannetti,Salomone Tolefree,Kaymbo,Philippines,Walloon,0.0,4512308.95,517670.49,8/17/2016,5/29/2017
Ollie Hopnoodle's Haven of Bliss,Thriller,Gabby De Caroli,Tad Yeabsley,Eare,China,Tamil,6.7,4988072.31,999544.58,2/8/2018,8/1/2018
News from a Personal War (Notícias de uma Guerra Particular),Adventure,Carny Haugen,Hertha Fletham,Gigabox,Portugal,Samoan,3.6,6326634.5,22236.09,10/1/2022,8/8/2016
"Date with Judy, A",Horror,Elyse Crowcum,Raven Slorach,Wikizz,Peru,Croatian,7.5,8968149.73,293563.99,7/22/2019,12/29/2022
News from Home,Horror,Jess Sloy,Minnnie Tullett,Riffpath,Sierra Leone,Lingala,2.4,7266084.75,663294.69,10/7/2022,1/3/2018
Topaze,Comedy,Wheeler Toseland,Yank Bryson,Blogtags,Philippines,Czech,0.6,5023279.79,725628.86,3/16/2015,7/19/2015
Vibrator,Adventure,Berry Brocklehurst,Lorne Mansuer,Agivu,Brazil,Igbo,9.2,6088610.53,646902.96,4/21/2020,2/3/2015
Three Smart Girls Grow Up,Crime,Aland Huntress,Kittie Troake,Babbleopia,Armenia,Corsican,7.7,2481341.93,644149.87,1/27/2017,12/7/2016
King Kong,Crime,Lavinie Biddiss,Zachery Postill,Vitz,Czech Republic,Breton,6.9,9673482.35,661269.38,3/24/2016,1/26/2017
Amazing Grace and Chuck,Action,Chicky Bruyett,Lavinia Marxsen,Skyndu,Thailand,Tswana,8.5,7346990.28,876881.84,6/7/2016,6/30/2018
Happily Ever After (Ils se marièrent et eurent beaucoup d'enfants),Romance,Ezra McClay,Gregorio Sheirlaw,Zoovu,Syria,Armenian,1.5,9468953.38,391393.58,9/20/2021,12/19/2025
World on a Wire (Welt am Draht),Comedy,Ilene Maxsted,Joby Koop,Jabberstorm,Peru,Portuguese,0.7,1957315.56,545300.38,4/19/2015,10/24/2023
Primus Hallucino-Genetics Live 2004,Fantasy,Liuka Magor,Wyatt Neaverson,Yodel,Albania,Pushto,1.3,4164570.58,985406.05,7/20/2017,4/16/2015
Bruce Almighty,Sci-Fi,Ringo De Hooch,Kassandra McMarquis,Zoonoodle,Indonesia,Western Frisian,8.2,8590775.92,876173.81,9/14/2025,3/7/2021
We Won't Grow Old Together (Nous ne vieillirons pas ensemble),Action,Marguerite Ambrogetti,Aldwin Carous,Quatz,Netherlands,Zhuang,10.0,7350520.74,42603.21,7/13/2018,10/18/2017
Behind Enemy Lines,Adventure,Robbi Leidecker,Verney Baird,Skimia,Czech Republic,Kinyarwanda,8.1,9962626.96,312896.61,12/23/2017,6/16/2019
"Untouchables, The",Thriller,Karl Conerding,Berty Arends,Jabbersphere,Poland,Korean,1.5,3500935.44,535362.24,1/30/2022,3/9/2022
They Were Expendable,Comedy,Kip McGonagle,Hinze Seargeant,Thoughtstorm,China,Hindi,5.9,3889461.75,44700.8,2/22/2019,11/2/2019
Carrington,Crime,Glen Morcom,Almeria Wynrahame,Realpoint,Mexico,Kanuri,2.6,6571981.12,975043.42,6/26/2021,10/27/2018
Women on the Verge of a Nervous Breakdown (Mujeres al borde de un ataque de nervios),Action,Allan Cheney,Miquela Riccard,Lazzy,Yemen,Belarusian,2.5,2080207.91,330959.01,10/18/2017,1/2/2023
In the Fog (V tumane),Fantasy,Dolph Swindells,Irv Gorry,Yodo,Russia,Latin,1.2,8326250.46,792499.4,3/19/2019,3/29/2023
Fighter in the Wind,Romance,Sheelagh Wollen,Cosmo Ecclesall,Skipfire,Colombia,Norwegian,1.0,1906626.35,902763.09,8/21/2015,8/28/2019
"Pursuit of the Graf Spee (Battle of the River Plate, The)",Thriller,Ferdinand Snowling,Carter Gilbertson,Fliptune,Philippines,Sinhala,7.5,3442801.41,768933.11,6/6/2018,1/23/2019
Twilight of a Woman's Soul (Sumerki zhenskoi dushi),Sci-Fi,Eolande Mannagh,Jasmine Affuso,Devshare,Japan,Malagasy,5.4,8101522.2,100833.03,9/2/2018,2/3/2025
Code of Silence,Action,Curcio Jellis,Faina Somers,Snaptags,Thailand,Danish,2.6,6548628.71,125753.18,4/7/2016,12/20/2019
Underworld,Adventure,Ardyth Walkinshaw,Jania Blackborough,Twiyo,Spain,Pushto,0.3,7906293.94,272185.33,4/19/2018,7/15/2023
"Center Stage (Ruan Lingyu) (Actress, The) (New China Woman, The)",Crime,Talbert Checchetelli,Suzie Grealy,Browsebug,Indonesia,Maori,8.1,6421156.92,849651.84,4/27/2016,8/22/2019
"Needle, The (Igla)",Horror,Gabriel Synan,Hector Matusiak,Thoughtblab,Cyprus,"Greek, Modern (1453-)",6.7,1936063.0,112563.73,4/5/2024,8/15/2025
"Claire's Knee (Genou de Claire, Le)",Crime,Sinclair Berling,Bennie Natwick,Centizu,Russia,Bengali,6.3,8168757.93,701670.26,5/5/2021,1/28/2015
American Pie Presents Beta House (American Pie 6: Beta House),Thriller,Sallie Claye,Billi Housecroft,Trilith,United States,Aragonese,5.4,4754855.68,356505.36,2/13/2018,8/29/2023
Cashback,Drama,Margaretta Morter,Adrien Mellers,Ntag,China,Malagasy,8.5,4657730.48,203018.89,5/20/2022,6/11/2015
Belle of the Nineties,Fantasy,Cathlene Wogdon,Jozef Iverson,Muxo,Gambia,Hiri Motu,2.7,8560019.84,823793.95,10/5/2022,10/9/2022
Showrunners: The Art of Running a TV Show,Sci-Fi,Abrahan Goodinson,Lesly Aleksankin,Topiczoom,Philippines,Japanese,0.9,2659843.68,636983.75,2/6/2025,7/12/2020
Raining Stones,Sci-Fi,Gunter Burke,Hazlett Shorthouse,DabZ,France,Ojibwa,6.4,7067436.75,562673.63,2/25/2018,9/21/2019
One Night Stand,Romance,Sherilyn Fettes,Rowland Sissel,Twitterbridge,Argentina,Sindhi,7.6,5754179.02,951626.23,7/11/2024,5/12/2019
Northern Soul,Sci-Fi,Anatol Dane,Jarrod Pickvance,Yamia,Ukraine,Czech,7.3,5132410.18,718262.27,11/2/2017,9/6/2023
Crooklyn,Crime,Grantham Lemmer,Ugo Kryszkiecicz,Topicstorm,Morocco,Bosnian,7.8,6738971.65,847425.42,1/31/2015,5/15/2020
"Boy in Blue, The",Romance,Noel Gligoraci,Craggie Scritch,Yotz,Indonesia,Bashkir,8.3,8162566.31,957756.43,2/18/2023,5/12/2017
Eye of the Needle,Romance,Skye Tuson,Gill Mallatratt,Twimbo,China,Samoan,4.4,2276952.6,894711.12,1/25/2024,12/2/2023
Kismet,Adventure,Michaela Caddock,Gallagher Brevitt,Devify,Poland,Vietnamese,6.6,1942332.5,332971.84,6/28/2020,6/24/2015
I Can't Think Straight,Sci-Fi,Lenard Sells,Keary Adkins,Meembee,China,Somali,9.3,1914561.55,416975.22,11/8/2017,3/15/2018
Godzilla's Revenge (Gojira-Minira-Gabara: Oru Kaijû Daishingeki) (All Monsters Attack),Adventure,Brier Extal,Reynold Novakovic,Photobug,China,Polish,1.1,778616.55,462587.21,12/4/2021,10/26/2022
"Exterminating Angels, The (anges exterminateurs, Les)",Thriller,Stormi Packwood,Farlay Flowith,Agimba,Ukraine,Twi,6.3,339894.67,893890.45,10/23/2025,6/17/2023
Seconds Apart ,Comedy,Daniel Cato,Noby Hansell,Voonix,China,Persian,9.8,4688536.11,385224.45,1/20/2025,10/3/2019
After Alice (Eye of the Killer),Comedy,Shirley Dodswell,Erskine Tuny,Jaxbean,Philippines,Western Frisian,0.9,4380981.43,571500.87,2/3/2022,12/8/2023
Magnificent Obsession,Sci-Fi,Karlis Provis,Chere Pol,Oodoo,Brazil,Kazakh,9.3,7547815.34,140077.18,1/14/2017,7/4/2015
Sidewalls (Medianeras),Horror,Emelia Cavie,Lennard Glitherow,Wikizz,China,Spanish,4.6,6088394.82,909817.55,8/21/2025,12/22/2015
Ticking Clock,Fantasy,Dimitri Brauns,Romola Road,Dynabox,Somalia,Tatar,6.4,8033973.82,583527.0,5/17/2022,3/23/2022
Speed: In Search of Lost Time (Speed - Auf der Suche nach der verlorenen Zeit),Fantasy,Sissy Beaston,Elva Blanchette,Mycat,China,Amharic,7.1,6670275.55,188530.65,7/24/2025,5/18/2019
Problem Child,Fantasy,Tracy Stair,Chandra Kurth,Browseblab,Macedonia,Faroese,9.6,558167.47,515870.4,9/3/2019,12/8/2017
Goodbye Charlie,Fantasy,Kale Calderhead,Dael Rigby,Realcube,Sweden,Faroese,2.0,8468987.89,691533.97,6/4/2019,12/25/2017
"Man of My Life, The (L'homme de sa vie)",Horror,Griswold Dransfield,Reuben Cordingley,Mydeo,Pakistan,Zhuang,8.6,5273556.77,258334.49,9/27/2024,9/18/2015
Annie Oakley,Romance,Helge Yurov,Alidia Gascone,Flashdog,Peru,Tswana,0.4,4358759.55,912172.76,3/3/2023,3/31/2019
"Owl and the Pussycat, The",Adventure,Kermit Karby,Beckie Beddie,Yamia,Malaysia,German,8.4,5235443.23,305487.6,6/6/2015,12/27/2021
Landscape with a Woman (Zena s krajolikom),Sci-Fi,Guillemette Killeley,Salim Alliban,Photofeed,Norway,Inupiaq,1.8,759550.68,549451.3,9/15/2020,1/14/2020
Titanic,Sci-Fi,Tate Goulder,Amara Orsi,Zooveo,Russia,Hungarian,2.4,3167835.22,30470.03,6/6/2025,9/22/2015
Seven (a.k.a. Se7en),Sci-Fi,Maurie Bridge,Elsbeth Aitchison,Innojam,Russia,Spanish,7.5,6707768.67,835533.0,8/4/2020,5/15/2024
Juno and the Paycock,Comedy,Bernardine Huncote,Claiborne Mullin,Eazzy,Vietnam,Armenian,8.8,6783258.71,60397.22,2/17/2025,8/3/2018
Cinemania,Adventure,Sergeant Chue,Flinn De Bell,Yakitri,Czech Republic,Interlingue,1.7,3181908.75,990470.19,7/5/2019,12/21/2021
Let the Bullets Fly,Adventure,Dill Dumberrill,Neda Orviss,Agivu,Kazakhstan,Kurdish,5.1,5323748.12,162520.52,11/25/2024,12/2/2019
"House Bunny, The",Adventure,Waylan Gillott,Howey Bordessa,Miboo,China,Armenian,0.3,3527042.96,704260.13,10/11/2021,4/25/2015
Ju-on: The Grudge,Crime,Shayne Arnowitz,Ev Manoch,Voomm,China,Chamorro,9.6,1704229.25,275467.93,5/9/2020,12/28/2019
"Client, The",Drama,Glen Cheverell,Odell Going,Edgeclub,Russia,Aragonese,9.0,3151786.82,626001.45,9/23/2018,8/12/2017
Boat People (Tau ban no hoi),Comedy,Jyoti Trow,Gaven Roelvink,Flipopia,Kenya,Nepali,7.9,8883990.91,290254.41,7/15/2019,8/6/2017
Safe,Adventure,Flin Isakson,Ethelyn Ebben,Viva,Russia,Ojibwa,1.3,1562372.78,876690.92,7/20/2021,11/10/2019
Run Silent Run Deep,Comedy,Lefty Adrian,Aurelia Hansod,Youfeed,Japan,Interlingue,0.8,1824842.21,703505.63,10/5/2020,2/14/2016
Venus Boyz,Crime,Dmitri Rowswell,Brandise Hacking,Shuffledrive,Portugal,Ndonga,8.9,1996315.14,909355.56,1/4/2019,10/5/2022
Which Way Is Up?,Thriller,Palmer Chippindale,Antonie Petrie,Twitterbridge,China,Kuanyama,0.5,8666634.71,633838.82,3/6/2023,9/1/2022
"Paris, France",Action,Conrado Perton,Jereme Biffin,Fatz,China,Fijian,4.6,6998636.74,580893.86,4/16/2018,10/4/2025
Romantics Anonymous (Les émotifs anonymes),Adventure,Gwennie Sooper,Tabbitha Kilfether,Oyoba,Brazil,Ndonga,6.1,828782.71,635300.59,5/15/2020,10/16/2025
Somers Town,Romance,Mary Kindred,Hugh Loder,Reallinks,Indonesia,Ojibwa,2.8,8325398.52,697511.97,9/28/2015,12/28/2015
Yuki & Nina,Thriller,Brigg Greiser,Beverlie Dudgeon,Thoughtstorm,Iran,Tamil,2.5,6099115.0,101633.74,8/1/2018,1/21/2018
3:10 to Yuma,Comedy,Blondy Prangley,Steffane MacMenemy,Kare,Estonia,Sindhi,5.2,755975.78,535267.57,4/18/2018,11/22/2024
That Old Feeling,Crime,Tybie Grayson,Sorcha Larmuth,Jaxspan,Czech Republic,Slovak,1.0,5343479.83,726504.52,8/4/2021,12/31/2020
"Sin of Madelon Claudet, The",Thriller,Charissa L'Episcopi,Tracey Pacey,Skidoo,Indonesia,Zhuang,1.3,5877193.66,738342.53,7/31/2021,1/11/2022
Almanya - Welcome to Germany (Almanya - Willkommen in Deutschland),Horror,Jillane Westmarland,Rozalie Jillins,Chatterpoint,China,Esperanto,9.6,2306508.77,116847.34,6/4/2021,12/18/2023
The Retrieval,Sci-Fi,Laurella Danaher,Jobey Sandars,Zoombeat,Poland,Avaric,5.5,4609918.89,687892.76,3/25/2024,5/31/2019
Terror of Mechagodzilla (Mekagojira no gyakushu),Adventure,Shayla Bladen,Cordi Malt,Yambee,Sweden,Belarusian,5.1,3683503.14,420727.71,9/21/2025,8/31/2022
6ixtynin9 (Ruang Talok 69),Drama,Eda Sullly,Wesley Simonot,BlogXS,Norway,Albanian,7.1,1993365.14,393797.53,7/5/2017,9/16/2023
Horror of Dracula (Dracula),Crime,Karlotte Gillebert,Merrill Collins,Lazzy,France,Cree,5.3,1135527.13,882877.38,8/9/2015,4/23/2021
Manhattan Baby,Drama,Clarabelle O' Mulderrig,Bendick Borthram,Myworks,Belarus,Sardinian,9.9,5489115.8,890430.39,4/30/2020,9/12/2021
Legend of the Black Scorpion (a.k.a. The Banquet) (Ye yan),Adventure,Jaimie Howgate,Cherianne Jayme,Blogtag,Sweden,Rundi,8.2,2870114.33,710183.48,3/27/2015,5/4/2021
Le Donk & Scor-zay-zee,Horror,Rolland Ellerey,Newton Scrivens,InnoZ,Portugal,Marshallese,1.9,3874737.55,109961.44,10/19/2023,11/18/2024
White Palms (Fehér tenyér),Sci-Fi,Guntar Parcells,Theodor Stote,Photobug,Sweden,Northern Sami,9.1,8761985.34,58670.96,3/24/2016,8/11/2024
Maria,Action,Dulcinea Killiam,Esmaria Ashwin,Kayveo,Argentina,Ido,7.9,5382243.09,539944.96,3/2/2016,2/24/2022
"Package, The",Adventure,Nanny MacParland,Morten Benfield,Kazu,Portugal,Luba-Katanga,4.3,591652.54,380967.19,2/28/2025,9/5/2019
Bush Mama,Crime,Sallyann Hebbs,Maxy Brahan,Feednation,Philippines,"Bokmål, Norwegian",4.6,7105805.33,345080.96,11/21/2017,4/5/2016
Peeping Tom,Romance,Willie Nozzolinii,Cecil Dunrige,Fivebridge,Oman,Maltese,5.0,7413067.14,820318.55,1/3/2024,6/3/2020
This Film Is Not Yet Rated,Action,Dennie Guare,Jeannie Woofendell,Yoveo,China,Korean,4.4,9932866.57,707650.89,9/29/2021,2/1/2021
"Man Who Knew Too Little, The",Thriller,Indira Claige,Bogey O'Caherny,Avavee,Indonesia,Twi,8.7,8168040.82,966950.11,5/30/2016,10/8/2024
Aspen,Drama,Jasmina Napoli,Ruperta Yurikov,Eamia,United States,Sardinian,8.9,6474607.06,623885.5,1/17/2025,5/7/2019
After Tiller,Sci-Fi,Celle Chudleigh,Cass McArdell,Geba,Russia,Kazakh,3.7,3575252.72,996127.0,7/29/2017,6/11/2021
Boat People (Tau ban no hoi),Romance,Everard Haddleston,Carce Sunner,Abata,Serbia,Dutch,4.0,8883391.96,641178.86,4/22/2020,3/30/2024
Lullaby,Sci-Fi,Shandra Zorzini,Elfrida Finey,Yata,China,Hebrew,5.5,7181240.22,184361.25,11/21/2019,10/16/2017
Idiot's Delight,Adventure,Leila Barles,Kelila Wissbey,Trilith,Mexico,Thai,3.5,1112560.9,670078.22,5/13/2015,4/13/2019
And Then There Was You,Crime,Dasie Yakuntsov,Lind Stopford,Edgetag,Greece,Czech,4.0,3427236.12,619049.92,5/20/2018,9/13/2022
Don't Deliver Us from Evil (Mais ne nous délivrez pas du mal),Horror,Angus Dable,Shanna Blasik,Divanoodle,Ukraine,Finnish,9.7,5633763.86,305316.06,1/12/2025,1/1/2016
Marwencol,Adventure,Artemas McGebenay,Bennie Linebarger,Plambee,Democratic Republic of the Congo,Sindhi,5.5,2467842.48,464103.43,11/24/2024,12/20/2022
Honkytonk Man,Romance,Garik Comer,Nathan Hazlehurst,Flipstorm,Iran,Quechua,5.2,3124158.46,752332.25,7/7/2016,7/15/2021
"Great Locomotive Chase, The",Action,Ruddie Heijnen,Farrand Signorelli,Edgewire,Ukraine,Oriya,0.9,6831353.21,956892.4,6/15/2022,6/21/2015
"Children of Huang Shi, The",Drama,Deana D'Aubney,Putnam Dossettor,Voonte,China,Telugu,2.8,5614024.68,189006.69,8/5/2023,12/2/2022
"Amityville Horror, The",Romance,Nikolia Haburne,Andy Wornham,Zoomlounge,Belarus,Chamorro,5.0,7888891.4,24922.67,11/18/2023,11/1/2021
Eden,Romance,Beck Seys,Noelle Gonsalvo,Linklinks,Peru,Portuguese,0.0,1440646.57,318459.62,2/3/2016,1/16/2022
"Dark Crystal, The",Fantasy,Merle Milberry,Brandyn Maine,Agivu,China,Swedish,8.3,1441494.44,822487.0,10/17/2023,1/30/2022
"Fly Away (Bis zum Horizont, dann links!)",Comedy,Von Balloch,Rosetta Endrighi,Skivee,China,Bengali,0.5,1104244.62,356022.29,10/27/2016,12/4/2023
Comic Book: The Movie,Drama,Flossi Lymbourne,Dallis Flatt,Aibox,China,Swati,0.3,7119988.33,602678.13,4/19/2015,1/28/2022
Marci X,Fantasy,Anitra Logesdale,Shelba Camellini,Livepath,Indonesia,Kashmiri,1.7,303782.69,216932.74,7/31/2025,8/25/2022
"Closer You Get, The",Sci-Fi,Darrell Gulberg,Remington Bartlomiejczyk,Gabtype,Greece,Latvian,0.4,6473566.82,797055.04,11/28/2016,4/28/2021
"Fugitive Kind, The",Horror,Anallise Swan,Dorey Wyborn,Feednation,United States,Herero,10.0,6047773.48,405976.25,5/25/2023,1/17/2016
Zuzu Angel,Comedy,Carin Feirn,Sheilah Brazear,Gigazoom,Indonesia,Fulah,4.0,204227.35,575965.38,3/3/2020,8/2/2016
Crooks in Clover (a.k.a. Monsieur Gangster) (Les tontons flingueurs),Romance,Chariot Uttley,Theresina Jura,Edgetag,China,Belarusian,5.1,4697317.65,616532.5,10/29/2019,3/7/2022
Leprechaun 2,Romance,Lynnea Regorz,Roxana Binstead,Demizz,Russia,Persian,5.6,8039617.98,572842.84,6/17/2025,11/24/2015
Aerial Gunner,Horror,Calida Maclean,Shae Sarfati,Ailane,Peru,Ndonga,9.1,7040421.1,251301.22,1/8/2020,1/28/2019
Miffo,Action,Anthea Batcheldor,Neils Gergler,Mydo,Portugal,Kurdish,3.7,8015031.43,757760.26,6/29/2023,6/26/2019
Wendy and Lucy,Adventure,Hansiain Hasted,Stephanie Dansken,Twimbo,Colombia,Hebrew,3.5,1493947.83,175341.77,11/5/2015,4/26/2022
"Place in the Sun, A",Horror,Michaelina Dommersen,Alessandra Weiner,Kwilith,Vietnam,Armenian,3.9,2953541.37,813804.22,1/1/2021,4/6/2019
Stagecoach,Comedy,Chad Cappineer,Jenifer Sterley,Fivechat,China,Kazakh,5.2,8270288.29,675647.72,3/31/2019,11/25/2025
It's All True,Crime,Berny Linneman,Alphonso Bedbrough,Jaxspan,China,Cree,3.7,3952657.58,969053.84,1/16/2017,9/27/2015
Jimmy Hollywood,Crime,Michale Cayet,Gareth Core,Fivechat,Dominican Republic,Nepali,0.8,4156780.76,30937.96,2/24/2016,8/8/2017
Until the End of the World (Bis ans Ende der Welt),Action,Helen-elizabeth Palluschek,Mathian Humberston,Skinder,South Korea,Slovak,5.2,9025109.93,617638.07,1/17/2023,9/13/2017
"Manxman, The",Romance,Sydel Cords,Abigale Totterdell,Skalith,France,English,4.5,1724517.88,258823.76,1/4/2025,5/1/2025
Intentions of Murder (a.k.a. Murderous Instincts) (Akai satsui),Fantasy,Arvie Palfrey,Candide Blondell,Pixoboo,Kazakhstan,Divehi,4.9,5819514.45,942251.09,9/4/2020,4/18/2019
Table 7,Adventure,Rosina Vittel,Selle Hedgeley,Zava,Taiwan,Portuguese,1.3,3946820.11,741165.5,9/6/2024,11/24/2015
"Incredible Mr. Limpet, The",Drama,Christi Tebbut,Korella Clapston,Abata,France,Hindi,4.8,5020645.11,540535.62,4/5/2020,8/20/2025
Rånarna,Romance,Otha Blakelock,Hildagard Bettenson,Skinix,China,Tagalog,6.0,9053368.28,159908.47,9/3/2023,1/28/2021
"Theory of Flight, The",Romance,Danyette Jiroutka,Guthrey Kennett,Omba,United States,Chichewa,3.8,8138358.92,437143.39,11/18/2016,11/26/2021
"Super, The",Adventure,Wildon Burbage,Astrix Graveston,Quatz,Greece,Tatar,4.4,8529335.77,974563.82,3/8/2016,4/6/2021
Princess Caraboo,Action,Joann Cudbird,Janice Karpeev,Roodel,Ukraine,Bulgarian,3.6,6364229.95,624432.12,3/22/2018,12/1/2017
"Night in Heaven, A",Thriller,Gweneth Busch,Gilberto Dossett,Ozu,China,Ossetian,9.6,1570259.54,333507.41,4/20/2018,4/28/2023
Rio Lobo,Drama,Arlyne Realff,Rafe Garling,Ainyx,Indonesia,Hungarian,5.6,288833.76,234840.74,8/5/2018,1/19/2015
Watermarks,Drama,Wheeler Christofe,Giraud Lorkins,Minyx,Russia,Basque,7.2,7648676.07,998372.06,9/26/2021,8/11/2019
College,Romance,Meta Chishull,Arther Valler,Skipfire,Kazakhstan,Belarusian,5.4,143502.48,282410.6,4/19/2019,3/2/2020
Dream Lover,Crime,Gabriel Vasiliev,Dorette Krimmer,Wikizz,Syria,Tigrinya,2.8,368617.31,930965.05,6/5/2019,2/22/2021
"Bachelor and the Bobby-Soxer, The",Fantasy,Dottie Bugby,Teodorico Devaney,Devpulse,Philippines,Armenian,1.2,3276174.83,850565.9,12/17/2020,11/26/2016
"Surgeon, The",Crime,Niccolo Schlagman,Belinda Bennion,Blogpad,China,Finnish,7.8,6028211.18,412707.18,9/9/2021,7/17/2020
Eyes of a Stranger,Adventure,Austin Assinder,Caryn Dinneges,Quamba,Indonesia,Wolof,9.0,9811131.18,193786.04,9/18/2025,10/29/2021
Real Life,Horror,Hayyim Huyge,Hadleigh Kehoe,DabZ,Sweden,Kalaallisut,0.0,7865251.02,990369.5,8/27/2023,7/16/2016
Pacific Rim,Crime,Dave Slimme,Darn Copelli,Divape,Chad,Ganda,1.4,4172156.04,557433.33,4/12/2021,3/25/2016
Auggie Rose (a.k.a. Beyond Suspicion),Drama,Zia Gaskin,Coop Torel,Quinu,Chile,Ganda,5.4,6401597.58,156560.48,4/8/2022,7/11/2015
Super Rich: The Greed Game,Comedy,Malva Caddie,Aubrey Lintall,Zava,China,Tigrinya,4.2,6636258.38,275066.77,10/25/2024,9/29/2024
Lap Dance,Romance,Helene Sutheran,Tami Degue,Skajo,Philippines,Tajik,1.6,8600468.06,361356.43,1/19/2023,1/31/2023
"Callejón de los milagros, El",Romance,Dario Tookill,Prissie Akess,Jaxbean,China,Marathi,4.7,9568307.05,180130.98,3/2/2020,5/30/2023
"Garfield Christmas Special, A",Sci-Fi,Germain Leghorn,Silvanus Binnion,Yakijo,South Korea,Zhuang,0.5,977677.23,802116.43,6/1/2025,4/7/2015
Is Paris Burning? (Paris brûle-t-il?),Romance,Seka Wolffers,Virgina Frid,Photojam,Philippines,Sardinian,3.6,2253440.44,476756.34,9/27/2017,12/28/2018
Keep Your Distance,Comedy,Ilka Brotherhead,Donica Turfes,Topdrive,Argentina,Marshallese,4.4,4253661.79,566879.76,6/19/2015,5/3/2022
Your Sister's Sister,Horror,Jasen Burnhard,Devondra Munton,Oyonder,Russia,Ewe,1.0,2081163.66,906295.38,1/2/2017,4/30/2019
Sylvia,Romance,Bibi Lindborg,Toby Woolner,Linktype,Peru,Chechen,7.8,727523.72,607593.04,11/17/2025,12/20/2024
Stalingrad,Sci-Fi,Dorothee Farnie,Wilek Gilham,Thoughtworks,Russia,Aragonese,8.3,2101354.35,250027.3,3/2/2017,7/26/2022
Naked Lunch,Thriller,Norton Cholerton,Olivette Dowdle,Linkbridge,Indonesia,Kashmiri,9.7,6192309.21,279087.29,9/7/2017,4/22/2016
"Preacher, The (De dominee)",Horror,Shanda Bembridge,Crichton McAne,Skilith,China,Kinyarwanda,8.9,2956271.67,388821.44,9/13/2019,8/11/2018
Requiem for a Dream,Sci-Fi,Kevina Hagergham,Taryn Tippett,Feedbug,Guinea,Maltese,1.2,5311339.92,496226.6,8/13/2025,10/27/2017
Chasing Ice,Crime,Michaelina Scurrer,Ailis Witz,Linklinks,Philippines,Sundanese,1.5,5788367.24,257187.33,3/6/2024,2/13/2021
One Night with the King,Action,Merridie Strathearn,Baldwin Kew,Jaxbean,Indonesia,Armenian,2.0,9581965.33,884608.63,1/23/2019,9/1/2021
"3rd Voice, The",Action,Catherine Essam,Delora Mowat,Skipfire,China,Urdu,4.7,3652603.06,776801.41,11/11/2020,6/27/2021
Reykjavik Whale Watching Massacre,Romance,Ches Guerin,Emmet Budcock,Vipe,Poland,Lao,0.7,7225260.22,108385.24,9/21/2016,3/30/2020
Get a Horse!,Drama,Janot Strethill,Vassily Marikhin,Divape,Thailand,Church Slavic,9.2,9032807.82,946088.57,5/12/2018,3/16/2024
Dark City,Fantasy,Fredi Erington,Kimball Joul,Digitube,Portugal,Hebrew,1.5,7917016.48,87716.09,1/4/2018,6/13/2020
Gretchen the Greenhorn,Romance,Raimund Gorring,Guglielmo Hamberstone,Babbleopia,Russia,Avaric,4.4,745234.98,898631.2,9/3/2017,12/12/2023
"Occurrence at Owl Creek Bridge, An (La rivière du hibou)",Drama,Patsy Woodcraft,Glenn Coaker,Pixoboo,Peru,Catalan,1.8,1532076.0,932659.32,1/15/2021,9/21/2015
Indecent Proposal,Sci-Fi,Kittie Perrigo,Sonny Newns,Podcat,Colombia,Interlingue,1.3,6593915.53,30289.1,5/9/2022,9/8/2018
"Possession of Joel Delaney, The",Crime,Teri Dana,Son Murr,Brightdog,Greece,Romansh,2.1,8139220.83,193776.81,12/25/2015,8/24/2019
From Hell,Sci-Fi,Hulda Tolland,Haily Wogdon,Yoveo,China,"Bokmål, Norwegian",3.2,2962328.9,611235.79,8/7/2025,1/13/2017
His Brother (Son frère),Thriller,Issie Ackrill,Lira Verna,Browsecat,Russia,Walloon,1.8,6820430.22,462115.8,2/11/2020,11/3/2019
"Farmer's Daughter, The",Drama,Desdemona Ridsdell,Cal Attenburrow,Ntag,China,Marshallese,2.1,7002024.61,493577.53,2/8/2017,8/12/2017
Great Expectations,Action,Kristofer Dishmon,Gerrard Fronzek,Twitternation,Portugal,Twi,3.9,3634882.14,735377.67,4/28/2023,8/31/2024
Face (Visage),Sci-Fi,Sherill Sumsion,Reidar Van Son,Pixoboo,Slovenia,Chichewa,1.0,8882049.73,551394.1,2/28/2017,5/2/2020
Endgame,Thriller,Prentiss Arrington,Corenda Fuke,Riffpath,China,Hungarian,1.9,5182348.53,932348.06,2/4/2017,7/1/2015
Jackpot 2,Comedy,Darice Diggle,Major Ricciardiello,Voonder,Indonesia,Zulu,4.9,8684782.01,106210.11,2/20/2015,6/22/2022
"Bourne Legacy, The",Fantasy,Rois Klosa,Rosaline Hoy,Kwideo,Nigeria,Bashkir,8.5,5370952.74,60998.56,4/29/2025,8/20/2017
Fearless Hyena II (Long teng hu yue),Fantasy,Hana Marzele,Aldwin Shaefer,Youfeed,Yemen,Church Slavic,8.4,2610591.94,880790.72,3/26/2017,11/3/2020
Steel Magnolias,Comedy,Tabbitha Bumford,Verina Cornthwaite,Rhybox,Thailand,Luxembourgish,0.6,2445934.35,918687.41,7/11/2015,3/6/2023
"President's Analyst, The",Sci-Fi,Shelton Le Breton De La Vieuville,Coretta Gianninotti,Jaxnation,China,Zhuang,3.4,7662571.14,829972.39,8/14/2019,5/8/2022
Iris,Fantasy,Saul Eric,Putnem Dymock,Twinte,Moldova,English,5.6,7143653.25,805804.49,7/31/2024,4/6/2016
Jet Li's Fearless (Huo Yuan Jia),Horror,Nissa Brakespear,Mannie Brandassi,Podcat,Greece,Ido,7.5,8849997.62,264659.29,7/27/2018,12/10/2015
"Pellet (Bola, El)",Action,Currie Telfer,Ericha Rieflin,Chatterpoint,China,Dzongkha,3.0,8560322.15,304128.91,1/13/2019,2/22/2023
Chicago Massacre: Richard Speck,Drama,Ephraim Coggon,Stanley Plumbridge,Oba,Philippines,Ndonga,2.4,8031607.94,960214.48,3/8/2017,12/2/2017
Harry Potter and the Deathly Hallows: Part 1,Adventure,Sindee Rubbert,Kev Kleinmann,Avavee,Finland,Afrikaans,3.8,2113466.09,666832.55,9/11/2015,4/13/2022
"Food of the Gods, The",Horror,Gardie Sizzey,Diana Mawtus,Realcube,China,Tahitian,0.6,1447918.8,186386.03,4/9/2019,1/29/2024
"Boys in Company C, The",Crime,Marcile Pattlel,Merell Lowensohn,Talane,Germany,English,0.9,2361947.26,405276.89,10/16/2024,3/24/2018
Calendar,Crime,Cassie Wreford,Bernardine Grist,Roombo,Poland,Serbian,2.2,3991378.02,363839.46,4/11/2023,1/18/2019
Practical Magic,Romance,Donavon Mussalli,Ora MacTerrelly,Wikizz,China,Assamese,9.2,1990270.57,194526.1,1/12/2017,11/10/2017
"Adventures of Hajji Baba, The",Drama,Chandal Bruckent,Oona Crottagh,Dabvine,Ukraine,Kurdish,5.1,914348.75,872627.01,7/25/2022,8/23/2017
"Wheel, The (La Roue)",Action,Therine Whittles,Adela McDyer,Plajo,Germany,Malay,4.7,5681777.28,970693.14,5/28/2017,5/2/2017
Khartoum,Comedy,Chaim Flavelle,Laverne Robard,Abata,Ukraine,Irish,6.3,9347580.65,124870.81,9/4/2023,12/2/2024
"SpongeBob SquarePants Movie, The",Thriller,Sheffy Officer,Astrix Cattini,Topiczoom,China,Lao,4.3,693777.34,608406.34,4/25/2017,3/24/2022
Heroine,Adventure,Correy Robins,Jaime Mouatt,Babblestorm,Poland,"Sotho, Southern",3.3,5936849.77,960768.25,7/6/2019,6/7/2022
"Monster Squad, The",Comedy,Brady Uphill,Nancie Duffield,Meeveo,New Zealand,Navajo,9.7,470181.2,446957.23,5/15/2020,6/29/2021
"Scene at the Sea, A (Ano natsu, ichiban shizukana umi)",Adventure,Kelila Gambie,Hogan Sprey,Vipe,Morocco,Guarani,3.6,1503485.89,681144.46,7/2/2022,9/3/2025
"SpongeBob SquarePants Movie, The",Thriller,Nataniel Deaville,Thornie Hinrichs,Oloo,Russia,Dutch,1.5,3408270.77,848887.32,11/17/2022,10/16/2022
Twilight,Adventure,Cathyleen Keynes,Janeen Dohms,Riffpath,Czech Republic,Herero,2.2,4740000.38,405297.08,2/24/2024,7/23/2018
"Christmas Carol, A (Scrooge)",Fantasy,Jo-anne Goldsmith,Salmon Rechert,Ainyx,Philippines,Venda,9.9,9782591.33,241647.72,10/1/2023,11/14/2015
"Blossoming of Maximo Oliveros, The (Ang pagdadalaga ni Maximo Oliveros)",Thriller,Cyrill Cronkshaw,Broddy Curling,Wikizz,Philippines,Kalaallisut,8.5,6956177.02,557963.14,11/18/2023,9/4/2018
Beware of Pity,Horror,Gleda Kneal,Coretta O'Heneghan,Skinix,Yemen,Swati,6.7,815951.22,767578.52,7/31/2015,5/12/2025
Osama,Crime,Demetrius Valentim,Rosamund Sandford,Meedoo,Nigeria,Kazakh,9.5,145876.12,904898.64,12/16/2023,6/16/2022
300,Adventure,Ros Banghe,Andee Kilban,Mybuzz,United States,Malagasy,0.4,304598.08,862722.12,4/17/2025,2/1/2019
Nob Hill,Horror,Cosette Trenbey,Benedikta Syde,Bubblebox,China,Ukrainian,3.4,3219060.41,584980.9,3/8/2024,8/9/2023
War of the Buttons,Drama,Herbert Ratter,Wash MacWhan,Fivechat,Indonesia,Portuguese,1.3,9077344.27,880629.33,7/24/2017,5/31/2019
Snug as a Bug (U Pana Boga za piecem),Comedy,Vanna Moncreiff,Teddy O'Heagertie,Linkbuzz,China,Ojibwa,3.1,9558644.04,337590.89,9/26/2024,8/28/2025
War Witch (Rebelle),Thriller,Esther Ferencz,Lewiss Golightly,Jaloo,Portugal,Lingala,9.3,9275112.88,154355.75,3/5/2021,9/17/2025
Jekyll & Hyde,Action,Diena Comberbach,Shelley Inch,LiveZ,Indonesia,Vietnamese,9.9,9713955.08,696784.87,10/6/2019,1/31/2021
"Man Who Fell to Earth, The",Crime,Leonanie Eloy,Sherilyn Terron,Blogtag,China,German,8.0,6979594.25,49767.38,11/27/2015,8/11/2024
"Rocket from Calabuch, The (Calabuch)",Thriller,Vonni Kernocke,Darcee Kiwitz,Rhyloo,Indonesia,"Bokmål, Norwegian",6.5,7270338.38,326280.87,7/21/2017,6/29/2017
Eulogy,Fantasy,Clay Davet,Hugo Beckhouse,Vinder,Argentina,Pali,9.2,5577467.95,283721.46,3/7/2025,10/11/2024
Detroit Rock City,Adventure,Renado Kingh,Kennedy Blazynski,Youspan,Indonesia,Akan,5.0,5573812.31,188672.68,1/11/2022,11/1/2020
"Life of Aleksis Kivi, The (Aleksis Kiven elämä)",Sci-Fi,Eolande Gawthorp,Aubrey Padden,Shufflester,China,Dzongkha,7.6,107126.73,277215.51,7/9/2019,1/2/2015
Shadowlands,Comedy,Harmony McGiven,Madelena Rulf,Tazzy,Russia,Amharic,3.7,7604760.62,705731.22,5/27/2024,3/22/2017
"Tall Men, The",Crime,Elnar Imbrey,Kimball Aucoate,Skimia,Gabon,Icelandic,4.8,2955341.89,576430.0,1/2/2019,11/25/2022
Scenes of a Sexual Nature,Adventure,Maybelle Carding,Bourke Feely,Quaxo,Italy,Afrikaans,9.3,247049.02,243915.13,8/27/2015,11/9/2023
Still Crazy,Crime,Emlynne Gout,Mitzi Cottem,Tambee,Yemen,Western Frisian,1.5,5490662.89,160014.15,1/17/2021,2/17/2015
Ghost Story,Fantasy,Burke Ragbourn,Bailey Lafond,Fadeo,Ukraine,Lao,1.9,1261019.18,139183.69,5/16/2018,2/15/2021
"11'09""01 - September 11",Drama,Harcourt Coulthard,Becca Brinkley,Twiyo,Afghanistan,French,7.8,3326222.51,204662.06,6/5/2021,8/10/2017
Push,Drama,Udale Ferney,Theresina Meiklejohn,Meevee,Ukraine,Danish,6.7,9946968.38,669230.37,1/18/2018,3/13/2020
My Brother Tom,Action,Gunther Terrans,Raquel Bene,Yotz,France,Polish,2.4,2955111.37,747712.57,12/25/2022,12/12/2021
Let It Be,Romance,Currey Niaves,Scarlett Toll,Rhyzio,Japan,Northern Sami,4.9,2330152.0,416419.06,8/8/2024,9/15/2021
H.O.T.S.,Fantasy,Misty Billanie,Lloyd Winckworth,Livepath,Macedonia,Ido,9.4,8282689.81,204804.96,12/8/2022,4/29/2018
Trouble with the Curve,Horror,Daniella Riseley,Moore Jouannisson,Kanoodle,Kazakhstan,Oriya,5.3,6035406.04,700125.85,4/28/2024,5/2/2024
Dear Frankie,Crime,Ced Eivers,Ker Rizzini,Kwinu,Japan,Avaric,7.4,2610701.9,544996.5,4/15/2015,4/16/2015
"Beat That My Heart Skipped, The (battre mon coeur s'est arrêté, De)",Thriller,Lek Laurenceau,Christoph Etches,Vitz,Germany,Lithuanian,7.9,2478612.59,147828.25,8/10/2015,1/1/2024
Hellgate,Fantasy,Somerset Dani,Shell Peschmann,Dabvine,Egypt,Komi,7.5,9870100.65,899772.1,5/7/2015,4/20/2016
"Leech Woman, The",Drama,Kahlil McIlwrick,Anna Hanster,Wordware,Ukraine,Galician,7.3,1865736.92,959696.09,8/3/2016,1/12/2019
A Summer in La Goulette,Action,Saree Briddle,Corinne Blum,Buzzshare,China,Portuguese,3.2,1183401.94,270934.17,9/9/2020,3/5/2025
Spinning Plates,Romance,Barbara-anne Deppen,Birch Smeed,Flashdog,Kuwait,Uzbek,2.6,9227444.89,839603.24,11/30/2022,9/21/2017
Batman: Under the Red Hood,Action,Christoph Vergine,Nell Francie,Jayo,Brazil,Rundi,7.4,6605108.93,636023.73,7/23/2016,1/18/2017
"Pyromaniac's Love Story, A",Action,Marmaduke Gamblin,Maddy Prince,Skaboo,Philippines,Ukrainian,6.9,2190892.05,252633.62,4/17/2024,3/8/2024
"Mysterious Island, The",Adventure,Francoise Bastistini,Hagen Druhan,Voonix,Democratic Republic of the Congo,Chamorro,3.3,8109431.67,199282.45,5/8/2018,6/21/2025
Skinwalkers,Action,Clayborn Paterson,Janel Carnaman,Avamba,United Arab Emirates,Romanian,7.8,5662550.35,536626.78,6/11/2020,6/4/2019
My Favorite Season,Fantasy,Adiana Eburne,Niall Borland,Flashdog,China,Fulah,9.4,7783327.37,983752.0,3/5/2022,4/20/2020
"Noose, The (Petla)",Crime,Chrisse Spir,Nanine Alwell,Babbleblab,China,Marathi,1.4,6982187.34,252000.95,2/7/2017,6/22/2017
"Fly II, The",Drama,Fallon Farryn,Christiane Romaint,Mudo,Brazil,Burmese,8.2,3594957.92,29038.08,4/24/2017,4/4/2021
1984,Comedy,Iggie Etherton,Victoria Jagiello,Cogibox,Philippines,Polish,4.3,5599664.95,204082.27,1/14/2024,9/8/2025
Of Time and the City,Adventure,Clementine Brunroth,Ninnetta Wickman,Skyvu,Russia,Hungarian,1.9,9600783.47,437104.48,11/14/2019,7/24/2025
"Garage, The",Comedy,Iris Cecchetelli,Gussie Smewings,Thoughtblab,Armenia,Sundanese,3.3,9556558.08,107737.69,6/10/2018,6/2/2021
"Innocents, The",Crime,Ruggiero Summerskill,Dodie Febvre,Twinte,Chad,Tagalog,1.1,1406324.36,159533.2,9/19/2025,12/7/2020
"Student, The (El estudiante)",Action,Lisle Battaille,Rania McDunlevy,Zoozzy,China,Akan,9.5,2849242.11,729149.28,11/20/2015,11/17/2015
Orchestra Wives,Sci-Fi,Kimberlee Leet,Jeannette Akerman,Photojam,Japan,Urdu,1.7,1798456.0,713599.48,1/25/2021,4/20/2018
"Pope's Toilet, The (El bano del Papa)",Adventure,Rodolph Behnke,Reggie Walters,Leenti,China,Marshallese,6.6,5782681.03,276879.7,8/16/2020,4/29/2017
The Amazing Dr. Clitterhouse,Thriller,Scottie Scholig,Clayson Knowles,Kwinu,Luxembourg,Haitian,0.6,3805280.42,489786.98,12/26/2016,3/1/2018
Dragonslayer,Drama,Guthrie Lightbowne,Legra Georgeson,Devshare,Luxembourg,Malayalam,9.6,7338988.81,621784.52,8/31/2017,1/17/2020
Atomic Rulers of the World,Romance,Lucy Fabbro,Allis Hilbourne,Fiveclub,Afghanistan,Panjabi,1.5,3203502.42,417949.41,1/27/2018,1/1/2017
Taxi,Romance,Rosette Limeburner,Madelin Brazener,Jabbertype,China,Chichewa,3.6,6582319.58,102333.86,3/5/2015,1/30/2021
Indecent Proposal,Comedy,Skelly Dods,Joey Bellie,Divavu,Czech Republic,Czech,8.0,7354124.42,37963.44,8/5/2024,10/26/2015
In the Midst of Life (Au coeur de la vie),Thriller,Nissa Wingate,Saree Ashton,Devshare,Malaysia,Macedonian,4.8,9000580.64,656681.24,9/18/2020,2/10/2025
Feiern,Thriller,Teodora Orridge,Windham Busst,Pixonyx,Sweden,Twi,1.3,2277675.33,904028.8,2/18/2015,1/27/2021
Samurai Spy (Ibun Sarutobi Sasuke),Drama,Ginger Curedale,Giordano Keaves,Yombu,China,Pushto,2.0,4208448.54,351040.71,2/2/2016,4/5/2023
SS Experiment Love Camp (Lager SSadis Kastrat Kommandantur),Action,Cullen Gallehock,Juieta Lawty,Eimbee,Suriname,Yoruba,5.5,5783490.47,223975.27,12/8/2020,2/27/2021
Gun Fury,Sci-Fi,Noah Eustis,Alfonso Danzig,Trilia,Philippines,Lithuanian,1.4,8751742.31,865043.44,9/29/2016,12/20/2022
"Wrong Box, The",Crime,Marvin Keam,Fredia Troop,Eayo,Brazil,Turkish,7.9,4801151.92,733397.85,7/29/2020,8/10/2025
Skidoo,Drama,Geri Fattori,Boothe Petrovykh,Livepath,Martinique,Ukrainian,1.4,2988283.93,558230.53,3/12/2017,6/1/2023
Pusher,Action,Hebert Budget,Augustine Cochern,Meejo,China,Nauru,0.2,9898903.84,415580.42,4/9/2023,3/25/2015
Decoding the Past: Secrets of the Koran,Action,Birgit Hammerberg,Stephine Buston,Skyndu,Greece,Swati,4.8,3811206.92,278083.59,7/6/2017,9/24/2024
Pekka ja Pätkä Suezilla,Crime,Joe Sommerled,Gardie Bunkle,Linkbridge,Poland,"Bokmål, Norwegian",7.3,1348605.3,380839.37,7/25/2021,1/22/2024
Night Flight,Action,Fey Jovanovic,Lemmy Kenwrick,JumpXS,Indonesia,Kashmiri,2.4,9634868.29,812149.31,7/29/2025,3/19/2021
Strange Invaders,Drama,Seana Jedrasik,Betty Weinham,Photobug,Brazil,Korean,2.9,4530911.85,235384.86,5/7/2015,12/2/2021
Redemption: For Robbing the Dead,Thriller,Lana Chaim,Mendel Barratt,Dynava,France,Tswana,5.8,2540647.38,575027.95,9/4/2022,5/5/2016
Spice World,Romance,Smitty Wardingley,Jacklyn MacPherson,Devcast,Russia,Luba-Katanga,1.3,1480279.08,267578.81,1/29/2016,3/25/2017
In the Land of Blood and Honey,Drama,Carny Eveling,Janessa Knotton,Babbleblab,China,Chamorro,5.3,1468463.59,909557.19,2/2/2024,1/12/2021
Soft Toilet Seats,Sci-Fi,Keith Bleeze,Fabien Karpmann,Meembee,Russia,Limburgan,2.3,7478118.99,438337.12,10/19/2018,10/11/2023
Pool of London,Action,Christoforo Hunn,Vick Shippey,Skimia,Mauritius,Armenian,3.9,2786900.34,362670.42,9/30/2015,4/25/2017
"People Under the Stairs, The",Romance,Waldemar Haville,Kalinda Leppington,Bluezoom,Indonesia,Armenian,6.7,6512626.07,116957.49,11/18/2021,7/3/2017
Saps at Sea,Horror,Adolf Morrad,Arluene Zienkiewicz,Jabbercube,China,Gaelic,0.2,3150316.91,752600.77,11/2/2024,6/12/2025
Harrison's Flowers,Adventure,Warren Milkeham,Jeannette Alsford,Twimm,Czech Republic,Spanish,1.0,175747.14,509324.74,1/11/2015,8/16/2022
Zatoichi in Desperation (Shin Zatôichi monogatari: Oreta tsue) (Zatôichi 24),Romance,Nisse Schuster,Roseanne Dibben,Wikido,China,Tagalog,2.2,214205.63,272225.38,11/22/2018,1/2/2018
"Goodnight, Mister Tom",Horror,Beatrix Potebury,Dorris Rydeard,Jabbersphere,Peru,Norwegian,2.4,2656818.97,494980.78,5/15/2024,4/27/2023
"Tale of Zatoichi, The (Zatôichi monogatari) (Zatôichi 1)",Sci-Fi,Tore Beddingham,Welbie Breinl,Gabtype,China,English,7.6,9931125.21,140584.85,3/12/2015,1/4/2024
Sister Helen ,Fantasy,Jocelyn Teasdale-Markie,Temple Robbie,Leexo,Ethiopia,Aragonese,4.3,5863914.8,607297.08,5/17/2024,11/12/2021
China Blue,Drama,Kellina Goodwin,Felic Tudor,Quinu,China,Malayalam,0.5,3728161.59,679485.14,6/3/2023,1/5/2021
"Debt, The",Romance,Alford O' Finan,Jamison Timby,Skivee,Indonesia,Hiri Motu,6.2,3846810.94,920907.82,3/8/2017,2/27/2025
Passport to Pimlico,Sci-Fi,Tani Boldra,Madalena Dripp,Fivechat,Indonesia,Burmese,9.3,7097882.43,879000.41,10/27/2016,9/15/2018
Toto le héros,Fantasy,Melisenda Rainon,Haskell Tamburo,Trudoo,Philippines,Chinese,0.2,5950706.0,543775.92,11/30/2021,3/1/2018
127 Hours,Fantasy,Jacquie Chasemoore,Jordain Evason,Photobug,China,Tigrinya,5.9,4974657.35,776198.05,8/29/2019,7/21/2018
Touch the Sound: A Sound Journey with Evelyn Glennie,Adventure,Maurice Hinsch,Harry Dollin,Feedfish,China,Afrikaans,9.7,1429471.15,992049.45,11/5/2018,3/3/2021
"Fever in the Blood, A",Crime,Joaquin Rolfini,Alejandro Dymidowski,Devcast,Canada,Avestan,4.7,232771.73,762351.47,7/17/2021,9/30/2025
Dead Genesis,Romance,Bondy Beminster,Rebbecca Purches,Quatz,China,Irish,8.5,4836620.06,861284.57,1/16/2024,10/12/2025
Guess Who,Action,Hedy Lintin,Camellia McIntee,Midel,Guatemala,Hindi,8.8,467630.84,716972.54,10/18/2016,10/4/2025
Personal Velocity,Action,Forester Casa,Sonya Leander,Brainsphere,Portugal,Tagalog,3.6,4001605.79,428362.81,1/21/2025,3/14/2019
Tortured,Crime,Brewster Blaxall,Dwayne Sturridge,Blogspan,Russia,Finnish,8.9,6387284.48,877291.92,3/11/2025,9/13/2017
The Last Station,Adventure,Arny Phillimore,Dorri McGooch,Trunyx,Indonesia,Kikuyu,0.6,385038.81,630017.41,4/1/2023,9/1/2019
Dead Air,Crime,Cherri Smidmoor,Bordie Ferronier,Skipfire,Indonesia,Tsonga,5.5,8684097.85,449573.62,11/26/2024,9/20/2021
Jönssonligan & den svarta diamanten,Horror,Wendy Illesley,Maximilian Zohrer,Realbridge,Indonesia,Ewe,2.7,8622591.62,169351.94,11/2/2023,8/25/2022
Passeio com Johnny Guitar,Crime,Isador Chanson,Trevar Grigoliis,Yamia,Portugal,Armenian,8.7,7859046.08,635103.1,9/21/2019,4/22/2019
Pharaoh's Army,Drama,Aldo Godbold,Glenna Portingale,Talane,Sweden,Lingala,8.6,5749225.24,88191.68,1/1/2021,6/9/2023
Arthur and the Revenge of Maltazard (Arthur et la vengeance de Maltazard),Horror,Serena Maymand,Alistair Bagehot,Voonyx,Czech Republic,Divehi,0.4,6703397.04,756496.81,2/21/2016,10/4/2024
20 Seconds of Joy,Drama,Kitti Gatrill,Roxana Adnams,Wikizz,Yemen,Limburgan,4.3,6377969.39,472550.55,1/12/2021,7/29/2016
Bionicle: The Legend Reborn,Horror,Ottilie Jeffray,Essy Waldock,Kamba,Morocco,Czech,2.3,2929140.41,846426.56,11/22/2019,10/6/2020
It Started with Eve,Fantasy,Glori Mation,Aurelia Gueny,Eidel,Greece,Fulah,9.8,165537.33,613966.33,7/22/2019,9/2/2019
Wind with the Gone (El viento se llevó lo qué),Fantasy,Meaghan Amesbury,Christiana Dickens,Zoombox,Morocco,Irish,5.8,6123888.18,926240.07,2/2/2017,2/1/2016
Lilian's Story,Sci-Fi,Monro Pilkington,Trescha Caldairou,Mita,Indonesia,Wolof,3.5,714798.93,90601.77,7/1/2022,2/24/2023
Some Guy Who Kills People,Action,Marylee Trematick,Bobine Robert,Realbridge,Pakistan,Cornish,2.5,1761985.66,792314.1,12/27/2022,2/13/2018
"Scenesters, The",Action,Delilah Reagan,Clarisse Daymont,Skilith,Vietnam,Ndonga,4.9,4226185.35,720601.59,3/21/2019,12/27/2017
Inspector Gadget,Action,Donavon Tanti,Rici Meeson,Jabbersphere,Japan,Inuktitut,3.5,8864675.09,108982.4,9/17/2023,8/5/2024
"Rack, The",Horror,Arnold Abdie,Bennie Vause,Vidoo,Indonesia,Thai,0.6,1359477.18,759082.24,4/21/2025,7/9/2015
"Caine Mutiny, The",Comedy,Domenico Pagitt,Arlie Seif,Feednation,Belarus,Kurdish,9.5,3625837.53,50288.1,5/6/2024,9/21/2015
Angel's Leap,Comedy,Clarita Stebbing,Norean McMichan,Zoombeat,Japan,Korean,1.3,4491627.03,723415.16,4/4/2020,1/14/2015
Nashville,Action,Cherilyn Laverty,Carlyn Nano,Gabtype,Czech Republic,Cornish,6.8,3179625.13,683232.64,9/17/2024,10/16/2018
"Other Side of the Bed, The (Otro lado de la cama, El)",Sci-Fi,Cammi Girardi,Charla McFarlane,Yadel,Colombia,Indonesian,4.2,4328663.23,573571.76,4/3/2015,5/21/2024
"Moon Warriors, The (Zhan shen chuan shuo)",Comedy,Ann Paydon,Tomasine Mordon,Blogtag,China,Chuvash,4.2,7466868.8,723130.45,9/23/2025,9/6/2020
Emotion,Comedy,Aleece Merrington,Winnie Bolsover,Zoomzone,China,Belarusian,6.7,5046763.75,838971.39,3/20/2023,2/1/2015
Devdas,Thriller,Anita Ovise,Lock Portriss,Oyoloo,Portugal,Kalaallisut,0.8,4528098.01,935185.01,12/16/2024,11/30/2023
"Norte, El",Romance,Westbrook Avesque,Antoni Liffey,Yadel,Russia,Guarani,3.5,5036129.04,275871.3,4/13/2019,10/14/2016
"Unforgiven, The",Fantasy,Miguel Cleaves,Emmie Kilfeather,Vinte,Israel,Ganda,8.5,6407244.35,180872.57,7/20/2019,4/4/2018
Car Wash,Horror,Lizzie Gokes,Walther Rout,Rhycero,Poland,Gaelic,10.0,1439563.03,985176.44,2/15/2017,7/31/2025
Unstoppable,Adventure,Korrie Pessold,Nanny Mennithorp,Kwideo,Indonesia,Xhosa,4.0,6557681.13,149254.97,7/28/2019,10/18/2024
Doctor Zhivago,Sci-Fi,Pren Pretswell,Roseann Fraser,Pixope,Ukraine,Belarusian,1.9,7498369.06,87144.81,9/26/2017,12/25/2024
Ward 13,Romance,Gearard Malthouse,Irene Hammon,Twitternation,Indonesia,Guarani,5.6,4335682.03,139392.31,10/2/2018,12/21/2018
"Arrival of a Train, The",Fantasy,Willa Cowtherd,Lew Benedek,Zoomlounge,Argentina,"Greek, Modern (1453-)",0.3,334895.44,924820.18,11/10/2016,7/17/2016
Ernest in the Army,Horror,Eden Erlam,Roxana Menichini,Gigazoom,Portugal,Chichewa,7.0,5260267.17,215455.82,12/9/2019,8/12/2020
"Jerky Boys, The",Thriller,Dalenna Lukianovich,Sherye Bladon,Digitube,Philippines,Oriya,7.6,4984788.5,410165.32,5/10/2019,6/14/2023
Diamond Girl,Horror,Ursala Spyer,Maris Van Bruggen,Skimia,France,Basque,7.4,6522823.1,156772.37,4/21/2016,8/7/2019
Snipes,Adventure,Idalina Fullard,Waylin Fidock,Fanoodle,China,Tigrinya,4.5,4395283.3,576326.46,9/14/2016,10/16/2019
How Much Wood Would a Woodchuck Chuck (Beobachtungen zu einer neuen Sprache),Action,Mindy Loffel,Dreddy Bowditch,Feedbug,China,Shona,1.8,4211163.11,212776.13,1/17/2015,4/6/2019
Mystery Road,Adventure,Franklin de Aguirre,Hildegarde Cardon,Blognation,Greece,Xhosa,6.8,436806.28,166030.24,4/24/2025,9/1/2015
From Hell It Came,Sci-Fi,Rourke Beton,Johnnie Blazewski,Gigaclub,Brazil,Catalan,6.8,7766364.5,697148.53,7/8/2024,12/18/2018
"Deluge, The (Potop)",Adventure,Desmond Stairmand,Lolita Dellenbrook,Wikivu,Bangladesh,"Sotho, Southern",9.8,9022880.35,362342.52,2/14/2018,3/15/2021
Scooby-Doo! WrestleMania Mystery,Crime,Forster Gardiner,Novelia Dosedale,Geba,Russia,Finnish,6.6,5223944.33,633396.19,2/16/2023,11/21/2019
Crazy Mama,Sci-Fi,Costa Hellwig,Sig Reardon,Flipopia,South Africa,Tahitian,1.5,5677309.98,668246.41,9/8/2019,11/10/2022
Advance to the Rear,Horror,Jami Moorrud,Malcolm McCourtie,Vipe,Mozambique,Galician,5.1,4992350.92,704545.59,9/6/2020,5/26/2017
"Last King of Scotland, The",Comedy,Frederik Isselee,Dedra Thulborn,Riffpath,Indonesia,Malayalam,8.3,2198425.22,707867.03,4/3/2025,4/28/2015
"Heirloom, The (Zhai Ban)",Romance,Natty Bassingden,Michail Arnaez,Kwilith,Poland,Panjabi,5.8,7430182.7,320983.28,11/7/2015,3/25/2024
Kaleidoscope,Horror,Augustus Radnedge,Hagen Bourdice,Quatz,Portugal,Oriya,1.6,2950955.34,940700.76,2/20/2016,1/14/2018
Monkey Shines,Adventure,Winny Skeggs,Xymenes Sahlstrom,Centimia,Indonesia,Bashkir,2.8,4210144.37,522193.18,7/15/2025,8/18/2023
Popeye,Romance,Dorella Condie,Zea Puckett,Fanoodle,Indonesia,Inupiaq,4.6,6689415.29,503247.67,1/19/2020,2/12/2018
Fed Up,Action,Marwin Carbin,Merrill Carluccio,Tagopia,Syria,Chechen,5.5,1351029.61,962444.46,3/21/2015,9/6/2024
Plunkett & MaCleane,Sci-Fi,Rhiamon Skipworth,Alexander Andrzej,Kazio,Sweden,Kashmiri,2.4,1262111.03,652810.2,10/26/2017,5/25/2019
Brain Dead,Horror,Jesselyn Dovidaitis,Jocelyn Mousdall,Flipbug,Philippines,Lao,7.5,2339560.37,249196.83,5/2/2015,11/27/2015
Fear,Comedy,Robin Symson,Alyda Sharrock,Topicstorm,Australia,Pali,7.7,7092619.54,257014.45,9/12/2022,2/2/2015
Make It Happen,Comedy,Xylia Fieldhouse,Sallee Borkin,Katz,Morocco,Malay,6.3,7858477.89,429627.62,12/29/2016,8/8/2019
"Creature Wasn't Nice, The (a.k.a. Naked Space) (a.k.a. Spaceship)",Crime,Patton De Fries,Humfrid Brammall,Tekfly,Ethiopia,Ojibwa,9.8,874623.94,129831.7,10/17/2025,6/6/2018
Missing,Comedy,Marley Djorevic,Alric Ciccottio,Thoughtblab,Indonesia,Romanian,0.9,1250051.74,248426.67,1/4/2019,11/16/2023
Paranormal Activity 3,Horror,Robb Load,Jake Bunting,Blogtag,Russia,Javanese,4.9,7629784.49,843427.12,9/16/2021,6/13/2022
Lianna,Horror,Aland Rigg,Sofie Chainey,Fanoodle,Indonesia,Indonesian,9.9,3524782.81,214135.86,7/8/2016,9/22/2016
"Whistle Blower, The",Fantasy,Marjy Jewett,Gabriele Loveland,Zoomlounge,Ukraine,Cornish,10.0,1923505.03,533226.72,4/3/2016,4/2/2020
Immensee,Romance,Sloan Tettersell,Alec Firmage,Devpulse,Cuba,Romanian,6.9,9645652.79,77396.7,1/10/2022,7/9/2021
Vinyan,Drama,Phylys Sunners,Elsey Flips,Tagpad,China,Azerbaijani,6.0,7180606.72,29897.57,8/26/2017,8/11/2022
"Institute Benjamenta, or This Dream People Call Human Life",Comedy,Paloma Dellenbach,Hannah Binham,Topicstorm,Latvia,Chechen,4.3,606514.61,126526.52,4/21/2021,12/10/2017
Blackball,Adventure,Thatcher Dallosso,Arturo Thumann,Midel,Russia,Yoruba,7.7,6501268.76,419174.07,9/18/2017,7/2/2019
"Summer Hours (Heure d'été, L')",Romance,Dulciana Cobb,Berthe Inchbald,Cogilith,Argentina,Irish,8.5,1902206.93,107785.74,12/28/2016,9/17/2020
National Lampoon's Pucked,Romance,Saunderson Duchesne,Gunter Catterell,Geba,Portugal,Serbian,4.0,5277061.35,629834.5,10/24/2019,1/17/2023
Blade on the Feather (Deep Cover),Horror,Thorndike Carss,Findlay MacFarlan,Riffwire,Argentina,Divehi,7.9,3729955.74,134787.56,3/5/2025,10/5/2022
Alone in the Wilderness,Sci-Fi,Konstantin Jemmison,Guthrey Dennett,Feednation,Vietnam,Hiri Motu,3.9,3215155.79,73216.41,1/13/2020,5/19/2019
Like Mike 2: Streetball,Romance,Eadmund Goodinge,Eda Focke,Babbleset,Hungary,Hungarian,7.0,5643310.59,917766.41,7/20/2015,11/2/2019
My Best Friend (Mon meilleur ami),Thriller,Mathian Surgen,Kienan Carmont,Yamia,China,Indonesian,3.6,4734939.39,38023.27,11/15/2022,11/26/2017
Armored,Crime,Arturo Mackieson,Rafi Willcox,Centizu,South Africa,Welsh,8.6,8430189.88,410290.44,12/29/2018,2/8/2023
Ponette,Action,Magdaia Ellingsworth,Gasper Madison,Fiveclub,Ukraine,Afar,8.3,4447386.23,878002.38,4/11/2024,7/2/2018
Bob Funk,Crime,Lillis Masser,Jewel Barns,Twitterlist,China,Northern Sami,9.9,2815190.55,322164.65,10/2/2020,2/8/2015
"Sound of Music, The",Crime,Myer Werndley,Conni McAster,Gigazoom,Brazil,Sanskrit,9.0,4770428.25,414051.14,10/9/2024,1/12/2017
"Big Parade, The",Fantasy,Arne Godthaab,Jobyna McKeag,Yabox,China,Sanskrit,3.8,1246102.13,418856.65,2/7/2025,9/8/2023
Cruising,Comedy,Terese Fulstow,Carine Margrett,Gigaclub,Canada,Georgian,6.3,1750772.8,317837.38,4/21/2020,5/15/2017
"Brave, The",Drama,Geoffry Lesek,Maynard Lochead,Thoughtstorm,Russia,Hausa,4.8,7478354.91,667691.74,4/30/2024,9/12/2025
"Far Off Place, A",Crime,Helaine Upham,Amara McCreary,Leexo,Italy,Romanian,5.7,7298008.08,987482.92,7/24/2021,5/2/2023
Curly Top,Sci-Fi,Roman Almon,Carlie Teggart,Kwinu,Philippines,Quechua,7.7,1680457.59,386921.3,10/20/2023,12/9/2019
No Greater Love,Fantasy,Ned Gallamore,Stafani Barwood,Kazu,Indonesia,Hausa,5.0,741076.08,368503.31,11/30/2022,2/9/2022
It Felt Like Love,Action,Nickey Jukubczak,Haze Surgeon,Brightbean,Colombia,Turkmen,4.0,8428799.78,725664.16,1/18/2017,12/20/2016
"Story of Ruth, The",Crime,Nellie Aneley,Hadrian Alvis,Oloo,Zimbabwe,"Sotho, Southern",9.8,6353829.21,286764.12,1/9/2018,5/2/2019
My Life in Pink (Ma vie en rose),Drama,Holly-anne Jerratsch,Shurlock Rohlfs,Centidel,Czech Republic,Divehi,9.4,4566906.05,642327.98,7/6/2018,10/11/2024
Porto of My Childhood (Porto da Minha Infância),Drama,Zsa zsa Melmeth,Retha Sibbson,Cogidoo,Ukraine,Limburgan,9.1,9647537.64,593730.16,3/12/2016,4/28/2022
"Lincoln Lawyer, The",Thriller,Verene Reiling,Ellerey Maylam,Vimbo,Oman,Slovenian,1.8,6076811.14,926682.96,10/9/2024,8/10/2017
BookWars,Thriller,Prent Beane,William Radmer,Realmix,Nigeria,Uzbek,5.0,9862540.78,755422.81,6/22/2020,5/30/2017
Remember Sunday,Action,Barnett Bloxam,Dallas Farthin,Thoughtbeat,United States,Marshallese,5.1,909755.15,910589.27,6/17/2021,5/20/2017
Night of Dark Shadows,Sci-Fi,Cherry Schusterl,Elvina Ivanikov,Meevee,France,Inupiaq,6.8,2537733.94,178316.38,8/20/2015,8/9/2025
Slim Susie (Smala Sussie),Horror,Sile Attersoll,Ogdon Narraway,Dazzlesphere,Uzbekistan,Inuktitut,0.5,8097223.05,331109.02,5/30/2019,12/27/2020
"Rugrats Movie, The",Romance,Elfrida Hartshorne,Tomlin Ellen,Zava,South Africa,Kongo,9.7,4998322.6,224802.48,11/24/2023,7/14/2022
El tren de la memoria,Crime,Norris Thome,Miner Raggatt,Skidoo,China,Korean,8.6,9891574.98,972847.05,4/30/2020,5/26/2016
Deliverance,Drama,Gabriel Siene,Grazia Antyshev,Npath,Argentina,Norwegian Nynorsk,2.6,9931310.62,807813.94,10/15/2018,9/27/2015
Sniper 2,Crime,Joanna Goodding,Melissa Speakman,Quimm,Cyprus,Cree,5.7,2182743.58,980798.29,1/23/2023,10/30/2019
10 to Midnight,Fantasy,Justinian Gaskamp,Ogden Giamo,Wordtune,Zimbabwe,Herero,1.3,2209720.23,30070.61,11/13/2020,12/4/2021
Congo,Horror,Lauretta Growcott,Merna Whetnell,Gigazoom,China,Welsh,8.8,1728157.26,879850.54,3/6/2016,12/1/2019
"Jane Austen Book Club, The",Adventure,Anya Ouldcott,Tudor Rubin,Chatterbridge,Philippines,Javanese,0.4,6319188.73,102991.06,5/19/2017,1/26/2024
Tiresia,Action,Sheffield Rosson,Natty Kassidy,Myworks,Ukraine,Ndonga,5.0,2159165.74,993801.8,11/28/2018,3/5/2018
Christmas in August (Palwolui Christmas),Thriller,Vinson Valentin,Eleonora Golsworthy,DabZ,Poland,Oromo,5.2,9644704.28,159515.73,11/8/2021,11/9/2021
Rare Exports: A Christmas Tale (Rare Exports),Fantasy,Teressa Ruller,Brittni Bilbrook,Meemm,Philippines,Pali,2.9,9031822.96,609157.42,8/29/2025,5/20/2024
Breaking Upwards,Comedy,Eolande Greenwell,Ward Broscombe,Quamba,China,Luxembourgish,6.9,5255817.05,758494.13,1/28/2021,9/16/2021
Crime and Punishment,Adventure,Xymenes Allsep,Noreen Dunn,Jetpulse,China,Corsican,8.2,8449028.14,669147.62,2/17/2025,7/26/2020
Bells of Innocence,Action,Walker Warn,Cissy Burland,Flipbug,Poland,Haitian,6.2,3164021.76,216999.42,2/4/2015,2/5/2017
Regeneration,Drama,Gustie Sictornes,Ursuline Clementucci,Flashspan,Bhutan,Latvian,6.8,2353310.33,348257.05,5/12/2019,6/2/2016
Little Man Tate,Fantasy,Rickie Goldwater,Deeyn Over,Brainsphere,China,"Bokmål, Norwegian",8.4,4010128.18,972124.81,5/14/2019,10/19/2020
"Late Quartet, A",Drama,Demeter Krysiak,Dahlia Laflin,Zoombeat,China,Kurdish,7.9,5191976.12,13213.59,4/29/2020,10/28/2020
Blondie of the Follies,Fantasy,Cathee Lemerie,Kathy Paulig,Leexo,China,Hindi,0.8,7030937.91,190239.59,3/4/2017,11/14/2019
The Heavy,Adventure,Desiri McLardie,Roobbie Fearns,Jabbersphere,Norway,Lao,3.4,7590145.14,573864.31,9/23/2020,4/6/2021
A Justified Life: Sam Peckinpah and the High Country,Adventure,Vida Crowson,Laurie Shinefield,Fliptune,Philippines,Welsh,0.7,6354888.93,669312.74,3/27/2015,12/22/2021
Chocolat,Action,Devan Theobalds,Marty Ramirez,Rhycero,Palestinian Territory,Walloon,4.0,617101.89,658929.29,7/1/2015,10/25/2025
Chad Hanna,Romance,Morissa Witten,Colman McMurraya,Minyx,Tanzania,Rundi,4.4,6963525.09,258618.85,6/21/2024,3/17/2023
Addicted,Sci-Fi,Ellery Buncher,Welbie Waterdrinker,Lajo,Jamaica,Sanskrit,8.7,2552761.93,578606.81,1/5/2025,5/26/2024
Desperation,Adventure,Faustine Kopps,Meaghan Devany,Blogpad,China,Occitan (post 1500),7.9,6562606.42,475190.33,4/2/2017,7/29/2016
Orderly or Disorderly (Be Tartib ya Bedoun-e Tartib),Comedy,Ginny MacCleay,Kynthia Bouttell,Nlounge,Finland,Lingala,3.0,687856.22,701679.16,2/3/2019,3/11/2015
Michael Clayton,Sci-Fi,Noellyn Surcomb,Carolus Gimblett,Zoomdog,Mozambique,Assamese,9.0,9509218.16,489260.86,3/10/2022,7/6/2022
"Shepherd of the Hills, The",Thriller,Felecia Stanmer,Abel Holtaway,Vimbo,Portugal,Chechen,4.2,5740131.1,12827.42,9/11/2016,2/21/2025
What Ever Happened to Baby Jane?,Romance,Neron Bricksey,Celinda Piser,Jabberstorm,Madagascar,Corsican,4.7,849153.13,429023.9,11/16/2015,12/1/2023
Night at the Museum,Romance,Bette Hiddy,Abba Boatwright,Yombu,Mongolia,Portuguese,6.3,7103486.21,39648.97,3/26/2024,1/9/2016
Miracle in Milan (Miracolo a Milano),Sci-Fi,Abbey Monery,Far Stollwerck,Divape,Brazil,Romansh,9.5,858698.33,219054.44,11/10/2016,12/21/2021
Predator,Sci-Fi,Laney Sacchetti,Orlan Phin,Wikibox,Indonesia,Hiri Motu,8.4,3225401.34,82328.9,2/23/2024,1/8/2022
"Revenant, The",Crime,Darcy Moakler,Ab Iowarch,Skyba,Ghana,"Bokmål, Norwegian",2.7,2788191.31,962276.16,10/18/2015,9/4/2021
This Above All,Sci-Fi,Gibb Marquese,Eloise McDyer,Skilith,Poland,Malagasy,0.0,8464866.59,304350.66,4/29/2015,6/19/2023
My Kidnapper,Thriller,Rikki Valett,Kata Cardoo,Thoughtbeat,Madagascar,Mongolian,3.9,7885859.99,988579.11,2/9/2021,6/4/2016
Viola,Adventure,Carrissa Cana,Nariko Rowan,Izio,China,Lao,4.7,5245754.28,653260.39,10/22/2018,12/19/2018
"Model Couple, The (Le couple témoin)",Action,Tine Golagley,Hilly McIan,Blogtags,Portugal,Maltese,8.3,8599272.92,187352.52,5/15/2016,9/20/2025
Freedom,Fantasy,Lorita Ciccerale,Rodge Konzelmann,Lajo,Portugal,Akan,5.3,9638617.28,279820.62,1/9/2021,3/31/2018
Opportunity Knocks,Action,Renault Rozier,Yvon Obispo,Yotz,Czech Republic,Persian,9.6,9465422.29,14945.63,10/23/2022,7/21/2023
Walled In,Crime,Kerr Hallbird,Lynnett Taggerty,Wikibox,United Arab Emirates,Western Frisian,0.2,2128958.89,261817.55,5/13/2024,5/5/2023
"Slight Case of Murder, A",Romance,Cyb Ruston,Saree Crofthwaite,Photobean,China,Urdu,2.8,814286.73,544493.45,8/3/2022,5/26/2018
Goofy Movies Number One,Adventure,Alexio Cheetham,Karlyn Rubi,Flashdog,Benin,Ewe,4.6,9023360.36,343308.87,2/4/2016,7/5/2016
Password: Uccidete agente Gordon,Action,Worth Ribeiro,Mitch Commin,Rhybox,China,Kurdish,8.9,8169641.71,821495.6,11/13/2022,1/1/2021
Blast of Silence,Adventure,Kip Menaul,Randa Blewis,Devify,Brazil,Sanskrit,9.9,9606828.06,165305.14,2/22/2019,12/29/2018
Stagecoach,Drama,Dinny Duddell,Veda Po,Youbridge,China,Georgian,4.5,9046828.5,96332.81,1/5/2015,7/26/2018
Blind Massage (Tui na),Crime,Clovis Nossent,Naomi Keating,Riffwire,Russia,Danish,8.9,2803917.5,536201.63,1/14/2021,12/23/2020
Roseland,Thriller,Bellanca Davidoff,Baron Van Dalen,Wikizz,Indonesia,Tatar,2.2,1369937.64,547574.09,3/20/2019,5/11/2016
"X from Outer Space, The (Uchû daikaijû Girara)",Action,Thatcher Faulkner,Duffy Parman,Teklist,Philippines,Pali,6.2,9524463.12,924503.53,11/10/2021,11/6/2016
Charlie Chan at the Race Track,Comedy,Sigfrid Tutt,Renata Giovannardi,Mymm,China,Swahili,8.3,6144035.85,901307.49,5/4/2016,4/30/2022
Amreeka,Horror,Adrianne Temblett,Johny Di Maggio,Oloo,France,Corsican,9.9,6484166.05,12286.19,7/28/2016,3/31/2024
Stalag Luft,Fantasy,Jeth Honatsch,Jessey Ivashnyov,Feedfire,United States,Limburgan,9.7,7212207.53,534208.84,12/31/2023,10/12/2019
Recipes for Disaster,Horror,Emogene Bumpas,Holly Hayhow,Realmix,Syria,Portuguese,4.0,5628112.2,890221.15,9/13/2015,11/1/2017
"Method, The (Método, El)",Drama,Eba Baudic,Lindsey Elce,Devpoint,Spain,Ewe,9.1,2585422.8,798208.52,4/3/2017,3/11/2025
"Pear Tree, The (Derakhte Golabi)",Sci-Fi,Zorine Celes,Nevsa Amerighi,Divape,Indonesia,French,8.8,9402238.0,143471.89,4/25/2022,7/28/2019
Marnie,Comedy,Jackelyn Haughey,Silva Adamthwaite,Digitube,Finland,Irish,6.4,7077977.61,611686.59,6/7/2023,1/23/2019
Charlie Chan in Dangerous Money,Romance,Charyl Hadwen,Jean Ablett,Trudoo,Morocco,Afar,4.7,1687417.89,633602.03,11/8/2016,4/23/2020
In the Navy,Fantasy,Homerus Edgerley,Antonina Sayles,Fivechat,Poland,Hebrew,6.3,2885542.16,705458.91,5/19/2019,2/13/2025
Honey (Miele),Thriller,Kahlil Poletto,Paulina Sakins,Myworks,Peru,Ukrainian,7.4,4851324.46,167567.81,3/8/2017,12/15/2020
Lili,Horror,Kip Scard,Foster Staner,Fliptune,Cameroon,Fijian,0.3,1801939.26,613162.24,6/18/2017,10/10/2023
"Shaggy D.A., The",Comedy,Teri Maylam,Gavrielle Howley,Jayo,Lesotho,Twi,0.2,8432346.89,936649.63,12/1/2019,7/19/2021
Whoregasm,Thriller,Octavia Abrahart,Phineas Antoons,Yadel,Finland,Avaric,4.4,5063506.43,886283.44,1/14/2022,5/6/2024
Human Capital (Il capitale umano),Fantasy,Trudy Stelli,Hillel Butter,Ntag,China,Inuktitut,3.1,2728750.06,294914.79,8/10/2024,10/7/2024
"Paradise, Hawaiian Style",Horror,Ruthann Le Marchand,Lee Hoult,Jabberstorm,Russia,Avestan,6.1,7181935.73,939104.39,11/12/2025,10/1/2018
Red,Fantasy,Stillmann Privost,Mal Ribbon,Oyondu,Thailand,Armenian,2.7,2516174.16,173781.77,10/25/2019,10/28/2022
Xala,Fantasy,Emmey Grunder,Rhea Kiddy,Babbleblab,France,Georgian,5.7,2218208.58,384626.1,11/4/2020,3/21/2021
Desert Bloom,Horror,Seward Chesser,Granger Brinkman,Edgeify,Brazil,Chechen,0.1,2328424.59,734507.75,7/21/2019,9/9/2015
"Corrina, Corrina",Adventure,Minnie Tieman,Marabel Charlot,Eimbee,Greece,Catalan,4.5,5423482.59,926265.03,8/21/2025,11/4/2019
Without Warning (a.k.a. Alien Warning) (a.k.a. It Came Without Warning),Romance,Fina Fawloe,Carly Grandham,Devcast,China,Xhosa,1.9,7226731.68,327052.07,3/2/2017,4/21/2019
Search for the Beast,Comedy,Lester Tsarovic,Dalila Mcwhinnie,Skalith,Colombia,Tsonga,8.8,194035.84,411149.32,10/23/2021,2/15/2019
Thunderpants,Comedy,Coleen Mattioli,Mitchell Zuann,Skalith,Bosnia and Herzegovina,Tonga (Tonga Islands),9.2,2196400.62,43598.99,9/18/2018,3/3/2019
"Good German, The",Crime,Paulina MacNeice,Gayelord Lilloe,Realfire,Indonesia,Polish,8.3,4694729.72,898943.27,9/5/2017,4/23/2016
Shadow Boxers,Adventure,Wayne Plackstone,Alphonso Glancy,Flashpoint,Portugal,Navajo,0.7,6093222.63,245921.7,7/8/2018,1/7/2025
Blood Trails ,Adventure,Addie Baskett,Friedrick Anand,Janyx,China,Bosnian,4.1,3333675.37,459125.45,5/14/2018,8/17/2017
Faith School Menace?,Thriller,Ronnica Torrans,Obadiah Dodson,Roombo,Philippines,Bosnian,5.1,8148517.41,842749.58,10/28/2016,10/26/2023
Running Mates,Adventure,Ruby Darben,Lyell Pittendreigh,Linktype,Czech Republic,Yoruba,1.3,1727499.09,88763.75,8/31/2020,8/18/2021
Heartbeats (Kohtaamisia),Thriller,Mara Deerness,Pet Koppel,Mynte,Mongolia,Oromo,7.7,6631645.85,527422.43,6/19/2016,6/20/2025
3:10 to Yuma,Crime,Darby Gadeaux,Mord Scarsbrooke,Kwinu,China,Rundi,0.7,9177240.6,656680.93,9/27/2016,9/2/2016
"Secret of NIMH, The",Sci-Fi,Dyanna Poynser,Sloan Yeats,Shuffletag,Central African Republic,Guarani,7.6,1498177.28,958326.28,1/27/2019,11/24/2021
"Craft, The",Drama,Dicky Berrill,Sly Elia,Voonix,China,Aragonese,0.6,1938570.0,544967.45,9/1/2019,4/3/2017
Year of the Comet,Thriller,Marty Tarburn,Mayne Denington,Photolist,Indonesia,Swedish,4.2,7318893.44,402318.95,8/24/2022,8/2/2015
Woyzeck,Comedy,Leonelle Sutter,Danya Ricks,Browseblab,China,Indonesian,7.7,362762.34,839816.94,12/18/2025,1/14/2019
Before Sunset,Thriller,Tracee Le Surf,Gregorio Pink,Gigazoom,Indonesia,Bambara,3.4,9486664.19,446526.98,7/20/2022,5/1/2025
Murph: The Protector,Adventure,Christen Castagneri,Reginald Busson,Kamba,Poland,Norwegian,6.7,1187437.9,379271.37,12/12/2019,12/7/2022
Edison Force (a.k.a. Edison),Comedy,Palm Allday,Laurence Roderighi,Quatz,United States,Cornish,2.3,9927073.52,95437.5,1/30/2015,11/25/2020
Shadows,Crime,Orlan Kinglake,Egbert Aseef,Eazzy,Indonesia,Kanuri,6.0,6793832.36,440245.83,9/17/2025,4/28/2016
Elena and Her Men (Paris Does Strange Things) (Elena et les hommes),Crime,Dena Sully,Shaylynn McCaw,InnoZ,Russia,Ndonga,3.2,2234502.4,485091.86,9/21/2024,7/13/2025
Dance with Me,Drama,Sheilakathryn Grise,Ingeborg Oxenbury,Edgewire,Yemen,Kanuri,1.0,4653852.24,381265.85,8/21/2016,1/7/2019
Giallo,Romance,Karmen Goady,Giorgia Meegan,Flipopia,Austria,Inuktitut,9.9,4249316.92,641034.06,12/12/2024,4/7/2022
"Story of Mankind, The",Crime,Zandra Turney,Dev Wilshin,Thoughtblab,South Africa,Pushto,1.4,3881842.96,635960.54,10/14/2016,1/4/2025
8:28 am (8 Uhr 28),Drama,Bruis Keys,Dulcine Digginson,Aimbu,Vietnam,Avaric,4.2,4168486.8,346563.88,6/10/2020,9/1/2015
25th Hour,Horror,Barbaraanne Brummitt,Rona Webermann,Buzzshare,Benin,Somali,8.4,4692553.03,904082.69,9/28/2015,2/5/2019
Since Otar Left (Depuis qu'Otar est parti...),Sci-Fi,Cacilia Ronaldson,Lynnell Spowage,Vimbo,Indonesia,Shona,0.9,1001685.63,53393.04,12/13/2021,6/23/2020
Symbiopsychotaxiplasm: Take One,Horror,Danni Defraine,Martguerita Simunek,Yombu,Indonesia,Chichewa,2.5,7360278.71,836879.31,12/6/2021,1/3/2024
Bad Biology,Drama,Sherwood Attenbrough,Iolanthe Rehm,Gabspot,Malaysia,Ojibwa,8.0,3093320.65,881013.08,9/11/2019,8/13/2016
Blood Done Sign My Name,Comedy,Theresa Murcott,Clare Hullyer,Skaboo,Philippines,Tagalog,2.5,7998702.33,942879.98,5/12/2024,3/19/2017
No Flesh Shall Be Spared,Crime,Shelia Arstall,Krysta Goodall,Gigabox,China,Galician,4.3,1657092.93,611247.31,1/9/2021,10/20/2023
Siegfried & Roy: The Magic Box,Romance,Korry Ezele,Fionnula Venable,Photofeed,Vietnam,Haitian,9.3,4430663.52,143067.42,2/24/2018,9/1/2021
By the Bluest of Seas (U samogo sinego morya),Fantasy,Lita Dyball,Waneta Yurenev,Shuffletag,Brazil,Russian,5.0,9874721.03,341346.65,12/11/2025,7/28/2021
Big Jim McLain,Sci-Fi,Giovanna Beevors,Craggy Overell,Devify,Guatemala,Interlingua (International Auxiliary Language Association),6.3,348321.58,918666.86,6/27/2019,4/23/2025
Star Wars: Episode I - The Phantom Menace,Drama,Hunter Matityahu,Dodi Neilson,Oyoba,China,Malayalam,4.1,1035080.83,476118.54,4/24/2023,3/2/2017
"Welcome, or No Trespassing",Horror,Bailey Kohneke,Nancee Maltby,Yotz,Brazil,Romanian,8.8,6272430.25,678280.43,12/31/2019,8/2/2017
The Forgotten Woman,Fantasy,Ferrell Feltoe,Vikki Begbie,Livefish,Russia,Fijian,8.3,7132789.09,302070.24,10/4/2025,5/29/2015
Rosencrantz and Guildenstern Are Undead,Crime,Cesare Dye,Adrea Marc,Thoughtbridge,Greece,Lithuanian,9.0,7883811.9,546952.57,7/14/2017,7/28/2023
Two Little Boys,Romance,Schuyler Brisson,Rodd Hessentaler,Twitterbridge,Portugal,Georgian,6.9,5175044.16,105812.68,4/20/2025,9/2/2018
Midnight Bayou,Drama,Zachariah Doctor,Tannie Apark,Eayo,Croatia,Cree,0.9,4408719.42,743209.58,6/18/2017,4/6/2019
Seduced and Abandoned (Sedotta e abbandonata),Comedy,Marys Eric,Arty Jeffry,Fivechat,Nigeria,Kikuyu,7.7,5302544.7,756612.46,5/4/2021,10/3/2024
Everything About Mustafa (Mustafa hakkinda hersey),Thriller,Carree Dixon,Corene Chinnick,Mydo,Canada,Oriya,2.4,807760.02,772612.06,9/5/2019,5/2/2024
The Epic of Everest,Crime,Clemens Schneider,Cynde Abbado,Centimia,Czech Republic,Chuvash,0.8,1674343.61,567949.47,1/11/2024,3/11/2018
"Big Town, The",Sci-Fi,Corenda Castle,Sayre Gianolo,Eazzy,Brazil,Ido,7.6,4168156.82,771797.75,2/19/2018,9/17/2018
"Downfall (Untergang, Der)",Thriller,Salmon Child,Fidel Quibell,Yamia,China,Walloon,0.5,4528843.11,199633.23,4/25/2018,2/14/2016
Kiki's Delivery Service,Romance,Annadiane Kohrs,Bridget Felder,Blogtags,Indonesia,Kashmiri,7.1,745484.59,140111.42,10/25/2023,4/1/2016
Schmatta: Rags to Riches to Rags,Comedy,Ricky Renforth,Lily Aloshkin,Mycat,South Korea,Sindhi,9.9,7848434.72,797325.92,12/11/2018,4/12/2025
"Hunt, The (Caza, La)",Adventure,Isak Hugueville,Arni Ommanney,Brainsphere,China,"Bokmål, Norwegian",0.4,3929267.05,910183.4,1/20/2020,9/30/2019
Let My Puppets Come,Fantasy,Horacio Raden,Odie Porrett,Kaymbo,China,Ndonga,7.4,2144489.07,839961.24,4/16/2021,9/7/2018
Voices,Horror,Maia Canton,Ingrim Oty,Quire,Russia,Tajik,5.7,521223.06,138198.47,8/3/2020,2/3/2020
"Sunfish, The (Klumpfisken)",Thriller,Juieta Tolliday,Evangelia Saphir,Mydo,France,Tamil,4.6,5762347.47,230168.22,12/23/2022,6/24/2025
Undercover Blues,Thriller,Natasha Toon,Matias Foulks,Wordpedia,Peru,Yoruba,6.3,1677370.61,220334.55,4/26/2016,8/7/2019
The Strange Affair,Horror,Flint Accombe,Crystal Barnsdale,Mybuzz,China,Somali,7.7,335360.82,374620.21,4/12/2015,5/12/2023
When Evening Falls on Bucharest or Metabolism,Action,Pen Spary,Jobina Daenen,Oyonder,Mongolia,Polish,9.9,5810559.12,183611.46,11/14/2024,4/9/2024
Yesterday Girl (Abschied von gestern - Anita G.),Romance,Paolo Bezants,Desiri Lindenbaum,Oyoyo,Sweden,Slovak,0.3,7442826.6,918889.07,11/10/2021,12/13/2015
Striking Distance,Horror,Mill Yakunchikov,Louis Grindell,Thoughtstorm,France,"Greek, Modern (1453-)",6.0,6178111.45,248420.05,5/20/2023,2/8/2024
Oklahoma Crude,Fantasy,Vassili Beatty,Gillan Brimelow,Eire,China,Arabic,7.8,5802493.67,554113.06,10/8/2022,7/7/2016
When Dinosaurs Ruled the Earth,Horror,Griffy Franies,Bennett Kestin,Skipfire,France,Turkmen,7.7,7668286.17,362822.64,10/19/2024,1/8/2017
Kids of the Round Table,Action,Leon Hebden,Quent Kupper,Edgeify,Indonesia,Tonga (Tonga Islands),8.6,2443814.7,292679.94,9/27/2015,9/21/2023
Dean Spanley,Romance,Ali Aird,Christiane Goodwyn,Meevee,New Zealand,"Greek, Modern (1453-)",0.3,5648715.42,145768.17,12/24/2022,12/15/2019
Brest Fortress (Brestskaya krepost),Action,Bari Whorlton,Shepard Ruf,Plajo,Portugal,"Sotho, Southern",9.3,4364980.3,494214.1,4/2/2021,8/8/2016
Hellbound?,Thriller,Vilma Breit,Estelle Hayfield,Linklinks,Russia,Hindi,5.6,3494637.58,319212.83,10/25/2018,6/21/2021
Night Crossing,Sci-Fi,Bay Kerford,Adaline McFadzean,Browsetype,Poland,Northern Sami,6.0,4445387.03,50363.27,3/4/2022,6/25/2018
Slave Ship,Adventure,Ozzie Rawlingson,Geoff Tompkinson,Skipfire,Indonesia,Aragonese,9.6,4382299.08,22754.88,9/20/2024,3/8/2018
Joe Somebody,Romance,Gertruda Dutson,Ike MacGeaney,Mycat,China,Akan,8.7,6353596.79,979469.93,8/7/2018,6/7/2022
American Grindhouse,Action,Percival Brunnstein,Fields Trevaskiss,Kazio,China,Portuguese,1.9,9594422.99,834536.08,7/11/2017,3/2/2023
Paying the Price: Killing the Children of Iraq,Thriller,Kylie Hearley,Lisetta Rosenberger,Gigaclub,Bulgaria,Oriya,1.7,2824378.29,94454.26,2/10/2020,11/24/2019
Tell Me Something (Telmisseomding),Sci-Fi,Gillian Marsland,Layla Perigeaux,Skyndu,Latvia,Malayalam,9.9,2065825.8,371368.44,6/12/2015,12/29/2016
Looking for Richard,Adventure,Margette Nowland,Emmalynn Castagnasso,Kwideo,Indonesia,French,8.8,3267858.31,586330.2,12/22/2019,7/30/2015
Babel,Fantasy,Yehudi Tythe,Petronia Knightly,Yodel,China,Belarusian,9.6,9730026.23,992099.98,10/14/2016,6/18/2018
I Wanna Hold Your Hand,Sci-Fi,Kassey Hoogendorp,Sloane Rudgard,Blogtags,Poland,Igbo,9.3,8670387.66,53362.86,3/15/2024,3/12/2017
Miami Rhapsody,Action,Donielle Padrick,Gabbi Braunroth,Brainbox,Czech Republic,Estonian,7.6,7723777.31,780417.54,1/31/2025,11/28/2020
Hardboiled Egg (Ovosodo),Drama,Valli Isoldi,Patrizius Shearston,Twimm,China,Sinhala,4.8,6869143.55,320368.82,5/18/2015,7/31/2017
Eva (a.k.a. Eve),Adventure,Stanislaus Kollaschek,Kissiah Monteath,Topicware,Portugal,"Ndebele, North",8.5,4395976.3,630618.14,9/6/2021,12/12/2024
Death and Cremation,Adventure,Ashbey Van Waadenburg,Phillipe Pendergast,Eayo,France,Pali,7.2,1664900.02,684397.7,5/10/2020,7/7/2020
"Star Is Born, A",Drama,Rosamond Mitford,Mia Styan,Browsezoom,Philippines,Gujarati,9.0,3364097.52,987301.62,10/8/2022,12/14/2023
Five Dedicated to Ozu,Crime,Marcile Checchi,Scarface Greves,Eazzy,China,Nauru,0.2,8573236.14,216542.76,12/1/2017,5/29/2022
Plenty,Romance,Parry Purdon,Amble Ceaplen,Yamia,Bolivia,Turkish,6.5,7090718.06,659970.25,9/25/2019,9/12/2015
Super 8,Horror,Chris Grzesiak,Pierre Gurry,Fivechat,Chad,Marshallese,2.9,1751977.0,723856.11,11/2/2021,7/2/2015
Coraline,Adventure,Paloma Haggerty,Rafaelia Storer,Vitz,South Africa,Arabic,5.6,8043327.0,59078.92,1/15/2020,10/18/2015
"Painted Veil, The",Adventure,Lauryn Bwye,Peta Karlolak,Twinder,Croatia,Marshallese,3.4,2756820.54,809878.81,1/1/2022,8/18/2019
35 Up,Action,Sheela Greatland,Erv Roloff,Rooxo,Mauritius,Limburgan,8.6,3151984.83,753989.22,7/1/2020,9/7/2022
City of Joy,Thriller,Florentia Ventam,Lulu Bollin,Jatri,Brazil,Guarani,8.5,384129.69,325950.8,2/2/2019,8/28/2025
Revolution,Sci-Fi,Christoffer Naul,Leeann Trevithick,Oyoyo,El Salvador,Belarusian,9.6,3745636.11,327831.25,7/6/2019,11/28/2024
Man on Fire,Crime,Hermy Agastina,Teri Dysart,Pixope,China,Irish,8.1,5319217.44,212645.85,9/17/2023,5/11/2023
Edison Force (a.k.a. Edison),Romance,Wilbert Pattini,Yuri Bech,Yakitri,Kenya,Tonga (Tonga Islands),3.8,3352355.23,604386.11,5/7/2017,10/12/2019
Double Take,Horror,Wells D'Adamo,Gale Sworder,Chatterpoint,Sweden,Fulah,1.4,7092163.97,485540.34,4/19/2024,6/16/2024
Frankenstein Unbound,Fantasy,Alecia Willetts,Ilyssa Gilardi,Myworks,Belarus,Kanuri,6.6,3353143.1,744234.6,6/22/2023,5/6/2016
Thin Ice,Action,Kirby Angove,Nikolai Featley,Eadel,Russia,Afrikaans,2.5,6934287.98,802644.66,1/19/2023,12/29/2023
"Raven, The",Crime,Amelie Barneveld,Walden Imms,Bubbletube,Indonesia,Lao,7.3,466037.0,571342.92,11/19/2025,7/30/2023
Crazy as Hell,Romance,Revkah Gendricke,Garek Vosper,Oyondu,Ireland,Tahitian,8.3,7921934.88,153816.31,10/14/2025,9/26/2017
Great Day in the Morning,Fantasy,Dorette Dalton,Shelley Apfelmann,Photofeed,China,Czech,1.5,1875151.47,796262.78,12/25/2023,3/1/2017
Disneyland Dream,Drama,Sybille Sibyllina,Estrellita Tunnow,Vinte,France,"Sotho, Southern",8.6,4997343.46,271343.95,9/5/2024,8/18/2023
"Docks of New York, The",Drama,Robinetta Perrigo,Edithe Kowalski,Eamia,Czech Republic,Luba-Katanga,5.2,4698284.86,354990.81,4/4/2018,2/2/2023
Love You You,Adventure,Daveen Theobalds,Barbabra Sander,Rooxo,Indonesia,Tonga (Tonga Islands),9.9,2683727.88,157594.87,8/26/2015,3/26/2019
Shoot the Moon,Crime,Annadiane Blinerman,Joe Drains,Avavee,China,Bislama,2.9,628616.7,969599.6,8/4/2018,11/30/2017
Tyler Perry's Daddy's Little Girls,Adventure,Kari Carne,Stuart Golder,Teklist,Cambodia,Bosnian,4.2,7092040.64,272674.02,1/27/2024,11/28/2022
Brain Damage,Drama,Lorianna Stonebanks,Tiebout Stent,Thoughtsphere,Georgia,Luxembourgish,9.7,4404921.08,631907.01,2/5/2023,5/11/2015
Call Me Crazy: A Five Film,Thriller,Garvy Petticrew,Candace Ladbrooke,Innojam,Philippines,Divehi,9.0,6239241.9,823982.69,12/6/2016,9/2/2021
"Twonky, The",Romance,Davita Clapham,Izabel Ferraro,Browsetype,China,Swedish,9.2,9367761.48,82327.73,1/16/2024,10/21/2021
Island at War,Romance,Doll Shetliff,Phylys Gosney,Rhyloo,Netherlands,Ido,9.9,7046701.62,162737.73,12/28/2017,6/4/2023
Mr. North,Action,Savina Farquarson,Abe Siely,Topiczoom,Indonesia,Chinese,5.6,980227.07,622449.38,10/4/2018,7/23/2017
Jamie and Jessie Are Not Together,Action,Sheffie Spearman,Michele Urlich,Kwilith,Russia,Tigrinya,8.6,506461.48,382850.08,1/8/2021,6/4/2024
Down to Earth,Comedy,Marlane Hysom,Allison Moulden,Wikizz,Brazil,Lingala,3.5,4407774.57,298097.96,9/13/2018,2/26/2016
Cinderella,Thriller,Normie Geri,Micaela Katte,Riffwire,China,Sichuan Yi,2.7,6978167.68,992192.2,1/1/2021,3/20/2021
This Time Around,Sci-Fi,Andros Kellock,Leupold Rubi,Jaxspan,Russia,Chamorro,1.2,1869426.29,35824.8,5/21/2020,5/3/2022
Listen to Britain,Comedy,Byran Pegrum,Jocelyne Fullwood,Kwinu,Canada,Sichuan Yi,0.4,9644103.03,549621.17,2/20/2022,10/20/2018
"Cabin in the Woods, The",Crime,Kane Maffezzoli,Haley Beldam,Oozz,Finland,Panjabi,5.7,1489935.15,492785.76,7/26/2024,7/5/2023
Life with Father,Drama,Nertie Kolis,Dahlia Ogg,Dazzlesphere,Iran,Russian,5.3,7151490.04,613149.02,6/25/2021,12/22/2016
Midnight Mary,Sci-Fi,Levey Molden,Jerald Henriques,Skipfire,China,Maltese,2.2,2534483.24,587282.72,1/9/2022,5/22/2022
Witch Hunt,Horror,Carley Larose,Angelia Cleynaert,Rhyloo,Greece,Armenian,2.9,1876200.28,371552.11,10/3/2024,8/18/2019
Lord of Tears,Thriller,Garald Josefowicz,Ardene Kiehne,Zoovu,Sweden,Spanish,4.7,2089594.22,211651.17,3/5/2015,3/21/2023
"Sugar Curtain, The (El telón de azúcar)",Drama,Marilee Fanning,Darnall Hassent,Devbug,Portugal,Basque,3.0,5558499.13,313717.42,3/28/2019,4/1/2017
Desire Under the Elms,Fantasy,Lilla Tancock,Edlin Brik,Voonte,Slovenia,Croatian,2.3,7804789.9,632770.77,5/2/2023,12/26/2021
Irina Palm,Crime,Tootsie Jobes,Bendix Goldney,Blogtags,Indonesia,Chinese,2.9,5765926.9,689603.41,1/15/2020,8/26/2019
Madame Bovary,Adventure,Darlleen Hinstock,Fanchon Bassett,Fivespan,Pakistan,Cree,8.4,2326908.32,353359.88,8/21/2019,10/5/2019
"Willow Tree, The (Beed-e majnoon)",Fantasy,Angy Farnsworth,Nady Strick,Quimm,China,Romansh,5.6,606036.92,906745.92,2/24/2022,7/6/2019
Mulan,Drama,Stanislaw Filippucci,Nickola Cannop,Devpulse,Poland,Aymara,6.2,3433001.1,466261.27,6/19/2019,1/4/2025
Tru Confessions,Romance,Kaycee MacIver,Damiano English,Ailane,United States,Turkish,9.0,3332947.45,843363.55,10/30/2016,1/29/2020
"Climax, The",Thriller,Dalton Sibley,Carmel Venediktov,Camido,Indonesia,Avaric,7.1,9263075.23,655066.14,12/8/2019,8/7/2022
"Park Is Mine, The",Crime,Burnard Goodlet,Dorelle Oldacre,Aibox,Portugal,Sardinian,3.5,6241271.3,613558.86,1/17/2015,6/19/2024
"Last Lovecraft: Relic of Cthulhu, The",Horror,Major Melliard,Raye Coulston,Linklinks,Peru,Kazakh,10.0,284235.45,129035.29,7/7/2025,2/22/2017
Jessie James Meets Frankenstein's Daughter,Comedy,Marcie Lawleff,Lorettalorna Vella,Lazz,China,Bislama,9.0,6094936.41,930384.45,9/9/2024,2/14/2021
"Inheritance, The (Arven)",Comedy,Theobald Wingham,Sayres Janic,Livetube,Slovenia,Latvian,4.0,3155104.95,784649.12,9/15/2025,7/27/2020
"Jerk Theory, The",Adventure,Monroe Weight,Waldemar Jurisch,Meetz,France,Estonian,5.1,6601183.82,803423.17,11/22/2022,10/10/2023
Topper Returns,Fantasy,Twila Larroway,Ray Bleything,Fivechat,Philippines,Catalan,5.9,1591962.74,879949.64,9/1/2024,2/17/2019
Twister,Horror,Eugenius McKernan,Kally O'Monahan,Cogilith,Thailand,Divehi,1.4,2840071.34,853671.92,2/12/2018,8/21/2022
Hamlet,Crime,Balduin Bagshaw,Pauli Dekeyser,Riffwire,Sweden,Urdu,9.5,6824452.85,583559.95,4/22/2015,3/1/2023
Zodiac,Horror,Lauren Murkus,Monah Stopper,Dynava,Indonesia,Persian,4.6,8876923.28,751460.18,8/4/2017,7/23/2020
"Hobbit: The Desolation of Smaug, The",Comedy,Riki Parkhouse,Carmelita Pedel,Youspan,China,Romansh,8.1,1023286.99,461599.17,5/28/2021,10/16/2017
Daddy Long Legs,Horror,Becca Houchen,Keene Polk,Oba,Brazil,Nepali,3.7,6026066.74,851827.74,10/19/2016,12/16/2016
Berlin Alexanderplatz,Adventure,Cindra Rein,Lorry Napolitano,Fivechat,Indonesia,Spanish,5.4,4442828.33,567166.74,5/24/2019,1/31/2023
35 and Ticking,Horror,Tomkin Paulus,Cordell Slocom,Dabtype,Sweden,Faroese,4.4,6425719.37,897306.12,5/29/2022,11/13/2021
"Wild Angels, The",Romance,Cookie Mochar,Gabi Husthwaite,Brainverse,Russia,Sardinian,3.5,5588474.86,985343.46,7/6/2019,11/28/2018
"American Soldier, The (Der amerikanische Soldat)",Thriller,Redford Nanuccioi,Kellyann Alway,Realpoint,Czech Republic,Polish,4.4,6018106.04,410329.55,10/31/2023,4/25/2020
Carbon Nation,Comedy,Christin Witz,Delora Spours,Centidel,China,Afrikaans,6.8,478002.84,741250.12,6/15/2017,12/7/2015
She Hate Me,Crime,Barbaraanne Roby,Filip Ludlam,Skibox,China,Azerbaijani,9.3,5654214.7,763195.91,2/11/2017,4/23/2019
Brotherhood of Death,Horror,Town McCome,Agata Muzzlewhite,Realpoint,China,Thai,0.4,5723397.24,192158.04,6/24/2017,6/12/2015
Who Do I Gotta Kill?,Adventure,Brok Duffil,Hamel Camlin,Lazzy,Philippines,Turkish,1.5,485974.44,947066.12,2/10/2024,8/19/2021
Faces of Death 4,Action,Stephen Gounard,Nathanil Mattinson,Wordtune,United States,"Bokmål, Norwegian",0.7,4038019.57,672432.63,7/1/2016,2/14/2018
Occupant,Sci-Fi,Percy Ciccarello,Kristofor Tewkesbury.,Realcube,Indonesia,Hungarian,9.8,2119134.55,38140.56,9/2/2018,1/1/2021
West Point,Horror,Dulcie Westgarth,Rheta Condell,Jaxnation,China,Tibetan,6.6,6539397.47,491383.16,3/14/2016,2/23/2023
Cheers for Miss Bishop,Thriller,Mickie Fellibrand,Carlee Fitch,Gigashots,Thailand,Gaelic,2.9,5300514.89,655738.97,11/29/2021,8/13/2020
So Young (Zhi wo men zhong jiang shi qu de qing chun),Horror,Shantee Dunlap,Howey Isworth,Topicware,Sweden,Irish,7.9,2103834.47,736293.18,11/24/2024,6/13/2015
Flash Gordon Conquers the Universe,Fantasy,Edee Naisby,Lynnell Cockshoot,Quimba,China,French,0.5,8205208.61,851156.57,4/1/2020,2/2/2019
Tidal Wave,Adventure,Neel Berrisford,Stevie Coulton,Zoombeat,Thailand,Kurdish,4.6,4520277.3,255758.39,8/26/2015,4/12/2016
Man About Town,Crime,Lissie Hazeman,Tyne Paoletto,Izio,Brazil,Danish,4.7,3031531.89,142269.16,12/26/2019,9/8/2020
Guilty as Sin,Comedy,Tadeas Peasnone,Kyle Fenna,Tekfly,China,Central Khmer,2.3,9602073.02,106992.13,2/24/2016,8/13/2020
Female Vampire (Les avaleuses) (Erotic Kill),Comedy,Julianne Mousdall,Normand Wiggans,Riffpath,Malawi,Marshallese,3.5,8784675.96,23953.56,11/19/2015,6/18/2023
"5 Deadly Venoms, The (Wu du) (Five Deadly Venoms)",Drama,Marisa Vanes,Prudi Scirman,Einti,Indonesia,Divehi,1.1,7009100.15,753126.0,6/6/2023,4/30/2019
When Eight Bells Toll,Thriller,Curran Jakubovski,Tedd Leadley,Skipstorm,South Africa,"Ndebele, North",8.5,7706313.85,70535.16,12/10/2024,1/28/2019
Monty Python's The Meaning of Life,Horror,Judas Thicking,Cathlene Yakubovics,Flipstorm,Indonesia,Igbo,5.8,5314639.39,91488.65,3/26/2019,12/23/2017
Typhoon (Tae-poong),Horror,Tanner Adamthwaite,Katerine Hulett,Vipe,Argentina,Swati,3.8,4487865.29,380518.31,2/5/2025,4/4/2018
