movie_title,genre,director,lead_actor,production_company,country_of_origin,language,rating,box_office_sales,budget,release_date,digital_release_date
Anna: 6-18 (Anna: Ot shesti do vosemnadtsati),Documentary,Kiley Semble,Vally Leppo,Devpoint,Netherlands,Sango,0.1,315784.82,15779.03,8/24/2006,9/20/2024
Stone of Destiny,Adventure|Comedy|Crime|Drama,Dall Threlfall,Madlen Paice,Gigashots,Benin,Sardinian,9.8,2974615.17,55148.42,3/31/2023,11/11/2024
"Snows of Kilimanjaro, The (Neiges du Kilimandjaro, Les)",Drama,Livy Tetla,Marillin Whitrod,Youtags,Finland,Komi,3.6,983246.09,99357.04,3/29/2010,3/13/2021
"Curse of Frankenstein, The",Horror,Gabriela Sands-Allan,Kandace Comben,Flashpoint,France,Chuvash,8.1,4672517.84,29545.22,5/9/2000,4/21/2022
Any Day Now,Drama,Manon Lakin,Noll Busfield,Lazz,France,Esperanto,10.0,4855596.98,50314.4,12/6/2016,6/19/2023
Zero Kelvin (Kjærlighetens kjøtere),Drama,Roley Bratchell,Chiquia Eaden,Tanoodle,Argentina,Somali,6.9,2071129.49,33372.8,10/22/2008,4/2/2022
"Honeymooners, The",Comedy,Lenette Cossum,Manolo Bellefant,Oba,Russia,Walloon,4.0,8291290.23,47377.34,12/19/2009,6/23/2023
"Last September, The",Drama,Charita Goodall,Gusti Tantum,Oyoba,United States,Fijian,8.2,3216759.09,40737.78,6/22/2021,4/30/2024
"Border, The",Drama,Ilario Simmgen,Camille Shawdforth,Ailane,Russia,Slovenian,2.7,1332383.15,66005.26,7/12/2015,7/27/2023
Koyaanisqatsi (a.k.a. Koyaanisqatsi: Life Out of Balance),Documentary,Serena Scarisbrick,Freemon Growcock,Wordware,Poland,Cornish,5.9,1241007.54,45909.69,11/18/2016,8/6/2025
Pilgrimage,Drama,Toinette Tebbe,Francis Roalfe,Geba,China,"Ndebele, North",4.9,3486978.07,97103.25,11/14/2014,2/5/2020
Alice in Wonderland,Adventure|Comedy|Fantasy,Sabrina Dureden,Carly Christensen,Skaboo,Ireland,Tahitian,0.1,3827045.64,26291.99,5/30/2015,7/22/2020
Steamboat Willie,Animation|Children|Comedy|Musical,Merrick Freezer,El Swaite,Gevee,China,Oromo,9.4,5796638.53,69710.08,5/17/2010,4/18/2020
Rally On! (Ralliraita),Comedy,Ryon Ferrolli,Candi Menzies,Oozz,Russia,Kannada,0.7,4574830.07,85708.54,12/19/2025,7/28/2020
For Love or Money,Comedy|Romance,Giulietta Colby,Liane McGahey,Kayveo,Russia,Maltese,3.5,349974.01,26534.22,7/7/2019,12/19/2024
Kids in the Hall: Brain Candy,Comedy,Cassandry Wyon,Rania Hort,Blogspan,Burkina Faso,Kanuri,4.8,4600557.42,36090.75,3/23/2025,1/28/2022
Halloween is Grinch Night,Animation|Children,Anissa MacGiffin,Kitty Martine,Feedspan,Portugal,Estonian,0.5,5454406.28,52325.16,2/22/2000,4/26/2026
Powder Room,Comedy,Eli Hingeley,Wallie Felix,Yodoo,Indonesia,Luxembourgish,3.7,6514777.2,91896.2,9/28/2022,6/9/2021
35 and Ticking,Romance,Cindy Ell,Krispin Dible,Edgepulse,Malaysia,Abkhazian,9.5,9127745.74,33638.45,10/10/2009,2/2/2021
The Feminine Touch,(no genres listed),Nicoli Snibson,Jae Aubri,Realcube,Indonesia,Slovenian,6.7,2171929.05,80357.41,6/26/2006,10/25/2022
Nancy Drew,Adventure|Crime|Thriller,Damian Sreenan,Husein Ninnoli,Mynte,Argentina,Oromo,2.6,7693550.11,37756.02,10/22/2025,3/18/2025
Cartouche,Action|Adventure|Comedy|Drama,Nil Archbell,Stephenie Keates,Quire,Tunisia,Norwegian,2.5,3255991.44,66536.48,12/18/2004,1/25/2020
"Crew, The",Comedy,Sacha Alexandersson,Morgun Baumford,Zoomzone,Russia,Chuvash,2.9,8003933.64,73594.15,9/15/2008,10/12/2023
Extraterrestrial,Horror|Sci-Fi,Carolan McKeating,Georgeanna Pepye,Eazzy,Czech Republic,Kashmiri,7.9,3105587.39,32769.19,12/3/2009,12/14/2024
Talk of Angels,Drama,Roselin Painten,Emilia Babb,DabZ,Iraq,Afar,1.3,4314680.97,28958.18,10/17/2002,2/23/2021
Drummer-Crab (Le Crabe-Tambour),Adventure|Drama|War,Brana Caulton,Hall Morant,Omba,Brazil,Limburgan,0.3,8967264.89,63085.71,6/15/2013,4/25/2022
An American Hippie in Israel,Action|Comedy|Sci-Fi,Della Gilby,Dione Sarfass,Oyoyo,Czech Republic,Sanskrit,4.3,8552965.17,92427.65,10/23/2012,4/13/2020
Campus Man,Comedy,Annabelle Lafee,Angil Kidwell,Avaveo,Kazakhstan,Sundanese,8.1,6415224.97,24398.97,3/27/2003,7/15/2020
More Than a Game,Documentary,Granville Rowan,Geoffrey Crone,Devcast,Indonesia,Zulu,1.9,3647862.01,53484.25,6/25/2008,1/1/2021
"American Friend, The (Amerikanische Freund, Der)",Crime|Drama|Mystery|Thriller,Rosy Duxbury,Yolane Jedrzejewski,Dynazzy,Finland,Yiddish,3.9,2923135.89,69296.95,6/4/2003,11/28/2025
Bridget Jones: The Edge of Reason,Comedy|Drama|Romance,Torrey Perks,Livvy Slidders,Edgewire,Peru,Slovak,2.8,2676357.08,23800.2,5/29/2004,5/15/2021
Eden,Drama|Romance,Alexandra Crummay,Binky Esser,Gabtune,Colombia,Abkhazian,3.4,4120166.64,34869.19,4/23/2014,9/10/2023
"Pit and the Pendulum, The",Horror,Evangelina Zaniolini,Ardyce Hallahan,Flipopia,Gambia,Afrikaans,1.8,3513754.85,12896.76,3/27/2017,12/12/2021
Mamitas,Drama,Robenia Swaden,Adan Cartan,Babblestorm,Honduras,Sardinian,6.4,3170381.53,39902.55,1/7/2018,6/2/2025
Beyond Enemy Lines (Framom främsta linjen),Drama|War,Arlena Canto,Florencia Aldhous,Skyba,China,Bosnian,4.1,4823921.29,43143.34,10/13/2018,1/3/2021
Burn,Documentary,Ethelred Worms,Tandie Brome,Wordware,Armenia,"Ndebele, South",2.0,8067225.65,89586.55,10/22/2002,4/6/2023
G Men,Crime|Drama,Dorothy Collumbell,Ashia Godridge,Tagopia,Zimbabwe,Yiddish,8.2,7027965.39,46665.1,11/9/2011,10/25/2022
Ghost Machine,Action|Sci-Fi|Thriller,Joelly Hassall,Saba Marnes,Cogibox,Indonesia,Dutch,5.7,9294443.58,12058.59,12/4/2021,7/6/2022
Eddie,Comedy,Abdul Alcoran,Ly Vinter,Mynte,Philippines,Uzbek,0.7,2618373.49,87772.41,11/19/2012,4/20/2024
Flamenco (de Carlos Saura),Musical,Scarlett Ferens,Lorenza Morgans,Mycat,Indonesia,"Bokmål, Norwegian",5.9,6165839.8,94048.29,4/2/2002,11/15/2024
"Happiest Girl in the World, The (Cea mai fericita fata din lume)",Drama,Curry Oehme,Kaitlyn Healeas,Youtags,Indonesia,Belarusian,1.4,5027491.33,38643.85,2/11/2019,4/8/2022
Indie Game: The Movie,Documentary,Kathrine Skellion,Georgiana Duchesne,Realmix,Peru,Tswana,5.4,6241518.16,47590.25,3/1/2010,7/14/2025
Cool Runnings,Comedy,Glynnis Mirando,Terence MacAlees,Centizu,China,Ganda,3.1,8890617.79,76673.46,12/21/2002,9/17/2024
Exodus (Cheut ai kup gei),Comedy|Crime|Drama,Brewer Mantha,Sarah Gladhill,Innojam,Brazil,Afar,0.4,5475041.87,68309.61,1/13/2026,8/21/2025
Swimming with Sharks,Comedy|Drama,Blakelee Westbrook,Lee Dytham,Skipfire,Portugal,Breton,3.3,7181633.82,50016.33,4/25/2019,1/11/2022
Beneath the Darkness,Thriller,Clemmie Wigelsworth,Jefferson Barneveld,Aivee,Afghanistan,Azerbaijani,0.6,6725537.8,61188.77,6/16/2010,12/14/2024
Samurai Vendetta,Action|Drama,Irina Akess,Harlie Borkett,Zoomcast,Brazil,Chinese,1.4,9966057.65,40462.2,11/27/2018,1/3/2020
Guest from the Future (Gostya iz buduschego),Adventure|Drama|Sci-Fi,Rosalia Veltman,Roana Johananov,Jaxworks,China,Twi,0.8,9892481.54,22983.04,4/2/2026,5/8/2024
Hands Across the Table,Comedy|Romance,Dorice Farlow,Hadlee Meneer,Dynabox,China,"Bokmål, Norwegian",7.0,5147863.83,34858.32,9/14/2000,7/23/2021
A Star Athlete,Comedy|Drama,Filbert Mimmack,Juanita Tothacot,Ooba,Sweden,Czech,5.0,5448144.7,26962.12,4/21/2021,11/8/2025
As Good as Dead,Thriller,Maurie de Villier,Godfree Beentjes,Jabbersphere,Portugal,Venda,6.7,4698846.17,74382.27,8/31/2003,3/1/2020
Four Brothers,Action|Crime|Drama,Tadio Evensden,Petra Penticoot,JumpXS,Cyprus,Hausa,1.2,487318.28,18910.36,4/2/2018,10/3/2021
2:13,Horror|Thriller,Benito Watson-Brown,Athena Petegre,Tanoodle,China,Maltese,3.1,7630449.4,79367.93,11/18/2000,4/10/2021
Starship Troopers,Action|Sci-Fi,Duffie Wrey,Reese Briggs,Yakijo,Finland,Limburgan,3.4,2358076.53,35186.5,3/13/2008,11/2/2025
In a Lonely Place,Drama|Film-Noir|Mystery|Romance,Lynde McCorkindale,Geralda Thiem,Blogtags,Japan,Kashmiri,4.9,8225008.26,93072.32,6/20/2022,12/2/2023
Winnie the Pooh and Tigger Too,Animation|Children,Alejandro Girdlestone,Lacee Hay,Aivee,Norway,Urdu,2.0,754166.75,93003.87,3/18/2001,7/31/2025
Grudge Match,Comedy,Jamie Gosenell,Lombard Merrien,Meetz,Russia,Tonga (Tonga Islands),6.6,1925190.41,84268.65,12/20/2005,10/25/2021
Kids in America,Comedy|Drama,Cammy Carradice,Karena Ibert,Edgeblab,Nigeria,Sundanese,0.8,9985595.25,77796.59,1/4/2009,5/21/2025
Jaws 3-D,Action|Horror,Gothart Ryves,Hogan Icke,Edgepulse,Russia,Bambara,7.8,7183306.25,64380.64,8/6/2021,3/10/2023
Salting the Battlefield,Drama|Mystery|Thriller,Sarena Kelf,Jennie Noke,Tekfly,Finland,Wolof,6.0,1465573.68,16943.4,11/12/2016,2/27/2021
Prime Suspect 2,Crime|Drama|Mystery|Romance|Thriller,Calida Coburn,Josie Decaze,Brightdog,China,Twi,7.3,118431.04,68442.67,4/12/2019,9/3/2023
Open Windows,Crime|Thriller,Wini Conkay,Sofia Nussen,Thoughtbridge,China,Tsonga,1.2,7440994.73,19792.64,9/19/2017,2/13/2020
Lili's Apron,Comedy,Grantley Langman,Irving Michel,Browsetype,Ukraine,Northern Sami,5.4,1318182.06,63753.66,10/12/2021,1/10/2021
Creature with the Atom Brain,Crime|Horror|Sci-Fi,Jennie Derill,Niall Beiderbeck,Voonix,United States,Azerbaijani,1.1,5559382.04,34531.8,11/19/2006,12/12/2025
Sokkotanssi,Comedy|Drama,Llewellyn Hanfrey,Emmi Donnelly,Wordpedia,Indonesia,Interlingue,9.1,2398924.44,67609.65,3/17/2011,4/21/2021
Flashbacks of a Fool,Drama,Adah Reeme,Lisetta Sheed,Flipopia,Russia,Kalaallisut,2.8,9876339.1,63001.32,11/23/2008,12/26/2024
Mystery Team,Comedy|Crime|Mystery,Ellene Colthurst,Jada Folbig,Photofeed,Indonesia,Amharic,7.7,9463504.67,48356.68,1/27/2026,2/15/2020
Lucky Jordan,Comedy|Crime|Drama,Eula McGilvray,Nonnah Simounet,Eare,Russia,Georgian,7.9,5607183.85,47198.09,5/28/2022,7/28/2025
On the Riviera,Comedy|Musical,Kinnie Basford,Mercedes Mowne,Youtags,China,Slovak,2.8,4426819.86,40610.73,12/23/2011,12/29/2023
"Mystery of Picasso, The (Le mystère Picasso)",Documentary,Nigel Axford,Gordy Bedham,Tambee,China,Kannada,7.6,301460.78,14660.14,7/27/2008,1/16/2025
Kill Me Later,Romance|Thriller,Vinni Tethcote,Ophelia Groves,Wordware,China,Spanish,4.1,5763398.91,83368.64,2/21/2002,9/11/2021
Who's Camus Anyway? (Kamyu nante shiranai),Drama,Lynnelle Skingley,Liam Loutheane,Twiyo,China,Akan,0.2,4315791.63,41681.34,12/30/2012,12/7/2024
Storm,Drama,Jerrie Caw,Kean Colly,Ntag,China,Norwegian,5.9,3929798.78,17942.5,6/15/2017,2/8/2022
"Spanish Prisoner, The",Crime|Drama|Mystery|Thriller,Ricky Vreede,Cullie Spaldin,Pixope,Croatia,Church Slavic,1.9,5090192.27,85848.19,3/4/2006,10/19/2024
Dot and the Whale,Animation|Children,Maddy Gandrich,Catina Stilgoe,Brainbox,China,Kirghiz,1.3,5171200.69,23334.51,1/1/2017,4/25/2022
Battle Beyond the Stars,Sci-Fi,Tonie Fooks,Misty Climance,Jetpulse,Philippines,Rundi,10.0,3987927.23,88951.54,11/5/2017,7/2/2021
Lethal Weapon 2,Action|Comedy|Crime|Drama,Bat Melbourn,Dorris Konzel,Skyba,Ireland,Albanian,7.9,999399.83,64797.44,10/18/2000,7/11/2022
"He Said, She Said",Comedy|Drama|Romance,Dalt Arundell,Trula Leet,Oodoo,China,Maltese,6.3,3775661.41,29655.67,10/18/2000,11/3/2024
John Carter,Action|Adventure|Sci-Fi|IMAX,Laurette Caroli,Barny Regelous,Dynazzy,Greece,Macedonian,7.1,1153241.61,97259.22,12/8/2015,6/29/2023
Shanghaied,Comedy,Kamillah Landre,Kath Loder,Yozio,Iran,Komi,0.8,7459398.35,93047.77,8/8/2001,6/15/2023
Aces: Iron Eagle III,Action,Carolee Vittori,Bren Mutimer,Nlounge,Argentina,Ukrainian,9.0,2154025.69,71209.56,9/12/2014,10/1/2023
Lotto Land,Drama,Marney Tarbatt,Ward Clough,Yakijo,Ukraine,Slovak,1.2,6836330.37,91726.3,12/2/2021,9/25/2023
Salvador,Drama|Thriller|War,Jeanelle Celloni,Trip Drover,Omba,Indonesia,Fijian,8.9,2223413.84,71579.81,6/28/2000,2/1/2023
Crimes of Passion,Drama|Romance|Thriller,Alfons Antonowicz,Grazia Reddick,Brainlounge,China,Kurdish,6.6,7880690.69,99865.53,1/15/2015,5/9/2025
Independencia,Drama,Rupert Entreis,Edee Antuk,Feednation,Russia,Spanish,0.2,6992602.44,47199.19,12/3/2013,1/3/2025
Evelyn,Drama,Alfredo Howells,Carlin Sisnett,Blogspan,Poland,Dzongkha,3.4,8738258.54,15674.7,5/24/2001,3/19/2022
People on Sunday (Menschen am Sonntag),Documentary|Drama|Romance,Kaitlynn Abreheart,Paulette Dowdall,Devify,South Africa,Norwegian Nynorsk,6.0,2129794.66,44983.56,4/29/2018,10/26/2021
Lawman,Western,Iona Passman,Elmore Nassau,Avamm,Indonesia,Albanian,5.1,896504.79,78169.93,10/11/2000,9/6/2020
How to Cook Your Life,Documentary,Northrup Milner,Clemmy Walasik,Feedfire,Philippines,Kalaallisut,6.8,6106211.55,19714.24,7/31/2024,10/8/2022
"Gospel of John, The",Drama,Maryrose Casino,Elyssa MacFadin,Einti,Peru,Ossetian,2.5,5740837.48,68150.69,6/2/2024,8/25/2021
S.O.S. Coast Guard,Action|Adventure|Sci-Fi|Thriller,Eloisa Garrioch,Liuka Tanslie,Eabox,Peru,Church Slavic,1.5,5165053.67,41829.94,1/29/2006,7/30/2025
Thoroughly Modern Millie,Comedy|Musical,Porter Swinfon,Arlina Gather,Gigabox,France,Tagalog,1.4,8135832.14,23956.85,7/11/2025,7/4/2024
Dr. Horrible's Sing-Along Blog,Comedy|Drama|Musical|Sci-Fi,Norbert Dutton,Major Lafoy,Thoughtblab,Russia,"Ndebele, North",6.1,3052768.09,72807.47,3/24/2000,9/4/2021
Vicky Donor,Comedy|Romance,Jarad Jodrellec,Ealasaid Newbery,Photobug,China,Gaelic,8.4,5084822.5,45349.76,6/12/2013,4/16/2026
Emil i Lönneberga,Children|Drama,Rustie Learmouth,Alistair McVee,Gigaclub,China,Interlingue,8.6,2853955.63,99722.13,10/26/2025,8/9/2025
Conan the Destroyer,Action|Adventure|Fantasy,Jamesy Lemary,Basile Noell,BlogXS,Sweden,Inupiaq,9.6,2399979.25,68164.04,1/23/2023,6/22/2023
Adventures of Kitty O'Day (Kitty O'Day Comes Through),Comedy|Crime|Mystery|Romance,Nicola Bavridge,Cassie Bonwell,Gabcube,Vietnam,"Ndebele, North",4.5,4094013.08,42245.19,10/27/2007,11/8/2024
Live-In Maid (Cama adentro),Drama,Glyn Bock,Kinny Wloch,Realbuzz,China,Kanuri,8.2,6143011.58,74783.83,6/29/2023,7/4/2023
Houdini,Drama,Tonie Sheepy,Farrah Sprouls,Aivee,Portugal,Zhuang,2.5,3744501.02,42317.48,5/19/2019,8/27/2025
"Trip to the Moon, A (Voyage dans la lune, Le)",Action|Adventure|Fantasy|Sci-Fi,Zorine Meaney,Whittaker Grimmett,Rhyloo,China,Samoan,4.7,7039976.74,66191.14,3/2/2004,10/21/2024
Stay Hungry,Comedy|Drama,Cord Tidbold,Addi Paddefield,Oodoo,China,Quechua,6.8,5522496.95,10371.11,5/10/2016,5/8/2024
When Darkness Falls (När mörkret faller),Drama,Glynnis Klempke,Kathlin Harkess,Gigabox,Austria,Portuguese,9.1,2929610.06,26915.51,9/2/2004,7/7/2021
"Last Tycoon, The",Drama|Romance,Rosa Gorries,Harli Wysome,Topicware,Japan,Luxembourgish,0.1,3395357.97,43596.1,8/18/2009,7/17/2020
Day of the Dead,Horror,Horace Wyborn,Marlee Gadson,Tagchat,France,Korean,4.7,413072.94,14965.76,8/6/2008,12/24/2024
"Blue Angel, The (Blaue Engel, Der)",Drama,Andris Cancelier,Boris Nickerson,Edgeclub,Chile,Limburgan,0.4,1153190.75,37182.77,3/12/2024,6/20/2024
Body Parts,Horror|Thriller,Jordan Fronks,Yul Bourton,Mynte,Indonesia,Yiddish,1.3,8576566.78,57718.42,2/23/2018,11/8/2020
"Good Doctor, The",Drama|Mystery|Thriller,Dottie Assante,Maurise Gillions,Vidoo,Poland,Uzbek,6.4,9658246.16,69215.4,2/8/2005,2/9/2021
Angels in the Outfield,Children|Comedy,Kingsly Maddison,Rudy Challiss,Dabtype,Burkina Faso,Central Khmer,5.1,2451894.94,21922.9,5/26/2020,4/17/2025
Gunfighter's Moon,Romance|Western,Rory Garrique,Quintus Boules,Linkbuzz,Aruba,Ndonga,5.9,9240480.12,55238.24,12/17/2004,7/25/2022
Les disparus de Saint-Agil,Drama|Mystery,Madeline Smails,Ferrel Swine,Roodel,Mexico,Korean,1.9,7797763.2,81495.5,5/19/2011,2/3/2020
Speed Racer,Action|Children|Sci-Fi|IMAX,Shay Deem,Matilda Dawdry,Bubbletube,Belarus,Slovak,7.3,8635692.96,20638.07,3/23/2007,8/2/2025
Crac,Animation,Annetta Gives,Ezri Chuck,Browsedrive,Poland,Javanese,9.9,3803726.03,31030.04,7/14/2017,3/24/2022
State Property 2,Action|Crime|Drama,Miranda Adicot,Vilhelmina Kruschov,Photojam,North Korea,Korean,3.0,6655332.87,96792.91,6/13/2022,5/15/2021
"Teahouse of the August Moon, The",Comedy,Koren Jessup,Giralda Deverell,Kayveo,Venezuela,Corsican,4.3,5512152.49,29120.08,1/12/2013,5/4/2024
"Alligator People, The",Horror,Pippa Briereton,Cecily Von Salzberg,Jaloo,Ireland,Lithuanian,4.0,4684354.65,83178.96,6/11/2004,3/25/2022
Dragon Seed,Drama,Hyacinthe Loxdale,Diarmid Mosedale,Skilith,Indonesia,Bislama,7.1,5286619.46,57565.61,9/17/2009,9/11/2025
Boys Life 3,Drama,Clevie Ashby,Costa Drennan,Meevee,Greece,Fulah,7.0,4147223.57,53963.79,12/20/2016,6/25/2025
"Surfer, Dude",Comedy,Natty Picton,Jens Harewood,Photobug,Sweden,Slovak,3.6,3431254.51,67592.83,7/26/2003,4/4/2023
My Wife Is a Gangster (Jopog manura),Action|Comedy|Romance,Ottilie Allbrook,Monti Holt,Rhyzio,Philippines,Slovenian,1.4,1096672.8,38325.11,9/7/2013,5/5/2022
Beowulf & Grendel,Action|Adventure|Drama|Fantasy,Prentiss Wyborn,Godfrey Brickhill,Trudoo,Indonesia,Ganda,8.4,8345020.88,47670.86,11/7/2005,10/30/2021
"Forever, Darling",Comedy|Fantasy,Virgilio McCathy,Shelby Tallquist,Cogidoo,Philippines,Amharic,2.0,1268325.12,13057.04,6/10/2010,7/18/2022
Fame,Comedy|Drama|Musical|Romance,Alair Paynes,Artur O'Hederscoll,Wikizz,China,Fijian,0.6,4279780.36,24112.59,7/28/2015,6/9/2024
Romy and Michele's High School Reunion,Comedy,Field Harradine,Vinnie McGrirl,Layo,Portugal,Ndonga,1.9,390420.38,35535.68,8/4/2014,4/27/2023
"Lost Embrace (Abrazo partido, El)",Comedy|Drama,Muriel Whiles,Charmaine Alldis,Meezzy,Czech Republic,English,0.6,5160534.89,82679.72,12/3/2022,9/25/2022
Dracula Untold,Action|Drama|Fantasy,Adrianna Gunning,Hugh Penbarthy,Vipe,China,Zulu,7.3,3323987.7,85791.95,9/29/2000,8/9/2021
Birds of America,Comedy|Drama,Jocelin Dulson,Gratia Kemston,Topicshots,Peru,Kannada,9.9,2049601.41,89736.66,9/1/2003,10/12/2021
"Crazy Class Wakes Up, The (Hababam sinifi uyaniyor)",Comedy,Brita McGahern,Kiri Wabersinke,Quire,China,Malagasy,1.7,9961073.65,89217.24,2/5/2013,4/13/2025
Ocean Waves (Umi ga kikoeru),Animation|Drama|Romance,Retha Mariyushkin,Haydon Silverston,Devify,Indonesia,Kazakh,9.3,2954687.03,97630.18,4/23/2007,12/13/2023
Foon,Comedy,Wenda McLelland,Jefferson Pollie,Meembee,Georgia,Samoan,2.1,8441428.6,28629.55,10/24/2017,3/22/2025
Six Shooter,Comedy|Drama,Ivor Cicci,Ursulina MacGilrewy,Fivechat,Sweden,Sango,0.3,6165708.46,60962.31,1/18/2003,5/15/2021
Jolene,Drama,Appolonia Claremont,Bella Breton,Talane,Portugal,Hausa,6.5,2388565.71,61113.4,1/5/2002,2/17/2022
Hoodoo Ann,Comedy|Drama|Romance,Larina Annes,Herold Lappin,Dabvine,China,Catalan,3.2,9722096.12,90821.98,6/28/2016,7/18/2021
"Mindscape of Alan Moore, The",Documentary,Tammara Linsley,Ethelyn Babon,Zooxo,Indonesia,Thai,4.4,1763531.01,67264.57,4/19/2014,11/2/2025
Nightwing,Horror,Mathew Pincott,Maxie Patkin,Leenti,Indonesia,English,5.9,2807264.65,11174.65,11/16/2024,8/18/2024
Mr. Freedom,Comedy,Foss Haylett,Horacio Collop,Digitube,Thailand,Abkhazian,6.7,3709965.3,99267.68,9/22/2015,11/9/2022
"Bamba, La",Drama,Madge Cowlin,Gerta Wartonby,Youspan,France,Assamese,6.6,2508930.61,74514.43,2/5/2006,7/26/2023
Things Are Tough All Over,Comedy,Wyatt Aldwinckle,Hailey Ratledge,Bluezoom,Poland,Shona,6.7,1805650.76,91486.91,10/9/2018,5/24/2021
Chaos,Action|Crime|Drama|Thriller,Mortimer Noyce,Jacquenette Fairbrother,Geba,Argentina,Marathi,8.5,3821391.89,96674.04,3/2/2006,7/15/2021
"Objective, Burma!",War,Tulley Figura,Molly Godsal,Thoughtworks,Serbia,Nauru,1.6,9109077.1,29148.95,3/29/2013,2/16/2023
Driven to Kill,Action|Crime|Thriller,Julita Crux,Boy Ordemann,Skiba,Indonesia,Chichewa,1.8,3395578.43,70353.07,7/21/2017,4/2/2023
X-Men: The Last Stand,Action|Sci-Fi|Thriller,Hamel Writer,Tann Stormes,Livefish,China,Tigrinya,4.0,9302828.44,55583.55,7/4/2000,3/18/2022
Expecting Love (Mala wielka milosc),Comedy|Romance,Bernarr Gaw,Antonina Fearnside,Kanoodle,Indonesia,Bislama,1.5,5154813.37,72964.17,3/19/2013,6/13/2022
47 Ronin,Action|Adventure|Fantasy,Antonietta Beards,Tod Bowdery,Oloo,China,Bulgarian,7.2,8100887.96,80331.29,7/22/2017,5/28/2021
Hobson's Choice,Comedy|Drama|Romance,Ailey Medendorp,Erv Scoffins,BlogXS,France,Fulah,2.4,2987020.29,85927.56,12/23/2006,1/12/2026
Liebestraum,Mystery|Thriller,Urbano Belsham,Thedric Cardello,Flashdog,China,Georgian,9.6,6699298.8,69318.74,8/15/2018,7/22/2023
Troubled Water (DeUsynlige),Drama|Thriller,Les Ivanikhin,Annmaria Cumes,Topicshots,France,Burmese,7.6,8550298.85,81532.78,2/24/2025,3/15/2023
Dogville,Drama|Mystery|Thriller,Reba Kyberd,Doreen Daspar,Bubblebox,China,Sundanese,5.9,5026924.96,10351.39,1/30/2026,1/11/2025
Sanshiro Sugata (Judo Saga) (Sugata Sanshirô),Action|Adventure|Drama,Flss Gallen,Eddi Wyld,Camimbo,Indonesia,Swati,1.4,9180933.71,37542.39,5/14/2022,3/24/2021
The Road to Glory,Drama|War,Robyn Foucar,Pail McNeish,Oloo,France,Irish,9.3,5023249.21,96146.05,1/16/2015,9/12/2025
Naked Killer (Chik loh go yeung),Action|Crime|Drama|Thriller,Leanna Walkowski,Amalie Neissen,Voolia,China,Icelandic,2.5,9078380.8,13799.47,8/6/2018,10/13/2020
Dracula A.D. 1972,Horror|Thriller,Jesselyn Ivan,Sidonia Salman,Edgewire,Moldova,Slovak,0.5,1291963.7,53912.71,12/31/2009,7/27/2025
Ten Skies,Documentary,Tobe Molloy,Don Fessler,Wordify,Indonesia,Bislama,1.2,3766230.44,51810.45,3/17/2010,11/4/2021
Brain Dead,Horror|Sci-Fi,Dugald Elintune,Merci Axell,Topicware,Mauritius,Tatar,5.7,424052.92,92101.23,11/2/2024,2/6/2021
Uncle Nino,Comedy,Magnum Trobe,Cecilius Rosenbusch,Oyope,Austria,Kirghiz,0.6,2026875.79,44823.24,10/7/2009,8/25/2022
"Witches, The (aka Devil's Own, The)",Horror,Alejoa Bracco,Ashli Becom,Voonder,Russia,Herero,7.7,9802331.09,93753.37,3/8/2021,7/4/2025
Wake Island,Drama|War,Anna-maria Faires,Corry Stubley,Digitube,Portugal,Luba-Katanga,6.5,1583540.05,78879.21,12/14/2005,5/30/2023
Kawa,Drama,Virgie Cobbing,Juditha Call,Zoombox,China,Kirghiz,1.7,8326929.07,31955.36,11/10/2002,2/15/2021
Everything,Drama|Mystery,Rooney Powling,Octavius Horney,Dabfeed,Philippines,Swati,7.4,5336485.83,87314.07,11/26/2009,3/16/2022
Homer & Eddie,Drama,Beverlie Fishburn,Ricoriki Sima,InnoZ,South Korea,Lithuanian,6.3,8185656.46,47153.86,4/17/2005,5/16/2025
Kill Me Later,Romance|Thriller,Blondie Thombleson,Darelle MacDearmid,Wikizz,Philippines,Sundanese,7.8,7724744.36,74057.94,5/18/2013,2/13/2024
Rare Birds,Comedy|Drama,Miranda Screeton,Cy Trimnell,Flashdog,Netherlands,Venda,1.4,9265437.15,83401.59,5/31/2001,2/3/2026
Soundtracker,(no genres listed),Standford Scheu,Julio Gwinnell,Flashpoint,Pakistan,Limburgan,8.6,4396042.68,72595.72,12/21/2008,5/1/2022
Predators,Action|Sci-Fi|Thriller,Patrick Taffley,Gretchen Cellier,Shuffletag,China,Afrikaans,9.0,8495308.11,97969.79,9/20/2002,3/6/2023
"Tall Man, The",Crime|Drama|Mystery,Merrick Rudland,Angelle Meakes,Quinu,China,Zulu,3.1,261613.96,65366.02,1/21/2015,2/21/2020
Eva (a.k.a. Eve),Drama,Kelsey McPhaden,Alicia Leyban,Muxo,China,Pushto,8.8,6177536.55,32275.27,4/29/2008,4/16/2021
Crime of Passion,Crime|Drama|Film-Noir,Jerrome Buttler,Ira Kuhle,Twitterlist,Serbia,Manx,7.5,2736427.53,52506.49,9/23/2012,5/5/2024
Bleak Night,Drama,Davita Barz,Hurley Lammerts,Npath,China,Sardinian,4.0,656468.68,85574.3,8/9/2002,2/7/2023
"Weight of Water, The",Thriller,Elisabeth Fredy,Addison Rupke,Linklinks,Philippines,Tigrinya,5.6,9815723.85,96894.84,3/8/2015,7/11/2024
Deception,Drama|Film-Noir|Thriller,Merrile Baiyle,Sondra Staziker,Layo,China,"Ndebele, South",3.9,7240251.82,57605.72,10/22/2006,3/11/2025
"Secret of Moonacre, The",Adventure|Fantasy|Romance,Rowney Seakin,Herta Scanderet,Browsebug,Philippines,Pali,2.5,150186.51,83791.18,12/15/2010,3/12/2023
"2 Fast 2 Furious (Fast and the Furious 2, The)",Action|Crime|Thriller,Patty Timlin,Loreen Baxstar,Browseblab,Russia,Panjabi,5.4,4889560.01,68815.8,12/15/2006,1/25/2023
Who Wants to Kill Jessie? (Kdo chce zabít Jessii?),Comedy|Sci-Fi,Waylon Aim,Kipp Buxam,Talane,Vietnam,Hindi,0.2,6146333.16,21800.19,3/29/2000,10/5/2024
"Browning Version, The",Drama,Adlai Eltone,Mirabel McCrackan,Devpulse,Philippines,Panjabi,7.3,8673401.79,89002.31,5/28/2017,5/27/2021
I Do,Drama,Bev Cometto,Kathleen Balaison,Photospace,Philippines,Persian,7.2,9132988.81,61563.4,7/24/2009,2/3/2026
Osaka Elegy (Naniwa erejî),Drama,Barth Ikringill,Jamill McManamen,Plambee,China,Kirghiz,6.9,899474.18,48382.59,4/21/2026,8/23/2020
No Time for Nuts,Adventure|Animation|Comedy,Celle Little,Phineas Grayer,Zoomzone,Poland,Assamese,0.5,6938956.58,12487.14,9/6/2011,8/18/2020
The 21 Carat Snatch,Crime,Oren McElwee,Sid Radwell,Yakitri,China,Portuguese,6.3,3661547.46,39837.33,12/22/2024,10/11/2023
"Roaring Twenties, The",Crime|Drama|Thriller,Elton Stockle,Randall Bills,Trilia,China,Kuanyama,5.5,9670882.7,53064.05,12/30/2003,12/23/2022
"Evil of Frankenstein, The",Horror,Pooh Ingree,Shaylah Adkins,Divanoodle,Japan,Cornish,8.6,441202.66,16392.32,6/28/2023,6/14/2022
Slaughterhouse,Comedy|Horror,Eugenio Harverson,Dodie Jakab,Katz,Poland,Danish,9.7,8040836.85,87721.94,8/19/2018,1/19/2023
Slasher House,Horror,Buckie Macenzy,Dedie Piotrowski,Twitterlist,Malaysia,Sinhala,4.5,4647441.94,60162.45,7/3/2020,2/15/2023
Ordinary Miracles,Drama,Gardner Spanton,Irvine Florentine,Leexo,Ecuador,Herero,3.7,4964493.73,54914.04,9/9/2019,3/11/2023
Life Is Hot in Cracktown,Drama,Emalia Rivelon,Farica Nicol,Roodel,Nigeria,Afar,0.2,1915429.67,93187.43,1/25/2020,7/8/2023
"Day the Fish Came Out, The",Comedy|Sci-Fi,Glen Loalday,Aloysius Lipp,Browsebug,China,Samoan,2.3,6575677.61,35975.61,1/4/2008,9/19/2022
"Cremator, The (Spalovac mrtvol)",Comedy|Drama|Horror|Thriller,Latrena Wolfendell,Frankie Humfrey,Jaxnation,China,Bashkir,5.7,266903.33,67941.61,11/5/2010,7/3/2025
Lost Highway,Crime|Drama|Fantasy|Film-Noir|Mystery|Romance,Susette Archdeacon,Neilla Ashborn,Centizu,Japan,Church Slavic,7.9,1750922.2,67200.14,3/2/2009,3/11/2025
The Call of the Wild,Adventure|Children,Erskine Darque,Murdock Hullins,Tagcat,Israel,Russian,2.5,7731537.15,36942.77,3/9/2015,7/5/2024
"Year of the Hare, The (Jäniksen vuosi)",Drama|Romance,Tate Rickersey,Nonie Rapsey,Realpoint,China,Tibetan,5.3,1236947.69,26859.24,4/27/2017,3/6/2021
Camille Claudel 1915,Drama,Idalina Bromell,Montgomery Stang-Gjertsen,Photobug,Argentina,Interlingua (International Auxiliary Language Association),7.7,5899595.23,94869.95,9/30/2009,1/5/2023
"Sugarland Express, The",Drama,Constantia Martelet,Chaddy Caress,Centidel,Slovenia,"Sotho, Southern",1.6,6841328.31,26283.45,7/8/2004,12/16/2025
DuckTales: The Movie - Treasure of the Lost Lamp,Adventure|Animation|Children|Comedy|Fantasy,Deva Frears,Bart Hawke,Youfeed,China,Gujarati,8.2,5974332.3,65086.57,4/5/2026,1/29/2024
Deadly Blessing,Horror,Ann Crystal,Chrissy McNeish,Ntags,Ireland,Sundanese,7.8,1147319.99,99598.07,9/21/2003,1/4/2024
Buffalo '66 (a.k.a. Buffalo 66),Drama|Romance,Lilith Leek,Stafford Timby,Quaxo,China,Estonian,4.3,1856143.45,40574.19,12/31/2005,3/28/2021
Tangled,Animation|Children|Comedy|Fantasy|Musical|Romance|IMAX,Hillel Grishukhin,Aeriel Kitching,Edgeclub,China,Hebrew,1.7,5146445.06,25392.62,1/31/2008,7/8/2021
"Deadly Trap, The (La maison sous les arbres)",Drama|Mystery,Claresta Foch,Donnell Goodlip,Yadel,Serbia,Tajik,1.4,7144982.16,57202.9,7/4/2013,1/31/2022
Barnacle Bill,Comedy|Drama,Garvin Gherarducci,Kit Williamson,Teklist,China,Tatar,9.7,5554640.62,75319.76,3/8/2003,3/27/2023
"Kid & I, The",Comedy,Gottfried Immins,Fanni Woolsey,Yozio,Poland,Czech,2.1,2055384.06,50267.65,5/3/2020,10/9/2020
Invasion of Astro-Monster (Godzilla vs. Monster Zero) (Kaijû daisensô),Action|Adventure|Sci-Fi,Tammy Rawe,Rebeca Vail,Flipopia,Peru,Yiddish,2.5,1256287.19,19376.63,10/17/2007,7/26/2021
BlinkyTM,Horror|Sci-Fi,Dori Franken,Andre Leek,Voonder,Ecuador,Kanuri,4.0,4103149.88,92599.17,2/18/2000,4/1/2021
Two Bits,Drama,Edeline Jonk,Padraig Polly,Youtags,China,Ido,3.1,7190912.99,29139.96,9/24/2025,2/17/2026
Flash of Genius,Drama,Rodi Greenman,Armstrong Shorrock,Gigaclub,Honduras,Turkmen,8.9,6906477.49,28490.31,6/10/2002,3/5/2025
"Yellow Cab Man, The",Comedy|Drama|Romance,Moise Coulton,Christina Begley,Jayo,China,Ojibwa,3.2,9540034.13,81254.99,7/20/2004,12/12/2023
"Construction, The (En construcción)",Documentary,Ferdinanda Wannes,Madalyn Coneybeer,Twinder,Greece,Bislama,2.5,5562575.42,99028.6,10/1/2012,11/29/2021
Animal Crackers,Comedy|Musical,Sophey Dowe,Thibaut Rudkin,Dabfeed,Portugal,Kashmiri,2.7,2513486.47,46972.79,7/14/2011,6/11/2023
Varasto,Comedy|Drama,Kattie Blaylock,Guthrey Bazelle,Vinte,Japan,Mongolian,1.5,8661708.92,30337.9,12/23/2012,10/1/2022
"Lock, Stock & Two Smoking Barrels",Comedy|Crime|Thriller,Bobbi Orring,Lilith Scadden,Oozz,Indonesia,Bambara,5.6,6532468.31,43745.69,10/19/2022,3/15/2020
Age of Tomorrow,Action|Sci-Fi|Thriller,Leshia Guest,Rachelle Neasam,Dynazzy,Norway,Tamil,5.2,4681204.98,16353.78,12/30/2025,5/8/2023
Two Kilers (Kilerów 2-óch),Comedy|Crime,Adah Donwell,Shandie Munkley,Bluejam,Russia,Gujarati,9.6,7800979.04,20330.71,11/15/2010,6/12/2025
Break-in,Comedy,Addison Caldwall,Barrie Montford,Twitterbeat,Japan,Gaelic,0.8,2019176.78,35038.35,11/16/2015,1/30/2024
Apollo Zero,Documentary,Judon McAughtrie,Augustine Martusewicz,Kare,Serbia,Burmese,1.6,2653870.77,93205.0,9/25/2005,7/31/2021
"Kiss of the Vampire, The",Horror,Kimmie Sandhill,Billie Sargood,Agivu,France,Kannada,1.3,8994576.21,13122.72,10/5/2007,9/16/2025
"Defender, The",Action,Stefanie Dellit,Alice Lardeux,LiveZ,Peru,Chamorro,1.7,8132444.21,11579.01,10/29/2001,3/17/2026
Against the Dark,Action|Horror,Wakefield Burgwin,Coleman Pyer,Cogidoo,Ukraine,Finnish,3.8,2408301.49,84895.16,11/12/2000,2/2/2021
Neil Young Journeys,Documentary,Franky Bluschke,Lorens Lansberry,Edgeblab,China,Swedish,1.3,9406443.78,95815.31,5/22/2008,9/22/2020
Three Steps Above Heaven (Tres metros sobre el cielo),Drama|Romance,Gertrud Dawtre,Napoleon Joselovitch,Shuffletag,Greece,Gujarati,6.7,6696062.65,30141.01,4/3/2010,4/25/2024
"Freshman, The",Comedy,Row Pennington,Cosimo Riddington,Rhycero,Ireland,Western Frisian,6.8,8070531.09,13222.84,4/29/2015,10/22/2022
"Cold Light of Day, The",Drama|Thriller,Dene Thams,Lishe Load,Dynabox,Philippines,Chamorro,4.8,5718666.05,42603.48,6/12/2002,10/14/2025
Rawhead Rex,Horror|Thriller,Dwain Gosnold,Waite Subhan,Skynoodle,Dominican Republic,Turkish,3.4,8636663.2,27927.1,3/31/2007,10/17/2021
OSS 117 - Lost in Rio (OSS 117: Rio ne répond plus),Adventure|Comedy,Julian Eliyahu,Cybil Lowdham,Brightdog,Guatemala,Cree,4.5,1524140.91,89229.02,1/30/2011,9/18/2025
Year of the Jellyfish (L'année des méduses),Drama,Elisha Snowman,Ugo Devanny,Dynazzy,China,Bengali,4.7,5558726.73,28074.11,8/4/2018,9/19/2022
Zulu Dawn,Action|Drama|Thriller|War,Sanderson Gosker,Mitch Josipovic,Rhynoodle,Czech Republic,Breton,7.9,4586651.51,56961.55,9/8/2007,1/24/2022
Invasion of the Bee Girls,Horror|Mystery|Sci-Fi,Amalia Dowyer,Virgil Parcells,Livefish,Ukraine,Manx,6.8,4097150.53,77609.06,10/23/2020,3/7/2021
"Grace Lee Project, The",Documentary,Randolf Reims,Orbadiah Yurocjkin,Quatz,Angola,Zulu,0.0,2309044.14,66340.31,9/24/2008,11/15/2023
Night Court,Crime|Film-Noir|Thriller,Zachery Crocumbe,Hogan Sarton,Npath,Indonesia,Russian,9.1,5365196.4,80758.49,6/21/2016,11/11/2023
Once Upon a Time... When We Were Colored,Drama|Romance,Tine Filyushkin,Clemente Huck,Zoombeat,Sweden,Bislama,3.1,4383684.82,80729.55,8/28/2022,6/13/2024
Just Looking,Comedy,Iosep Bruhnsen,Melvin Kintzel,Voolith,Portugal,Burmese,8.4,4179194.94,63239.17,9/2/2000,7/22/2021
Left Luggage,Drama,Kasey Cheesman,Gizela Stanners,Jayo,United States,Haitian,5.2,398825.29,98966.61,3/12/2005,11/8/2021
Christiane F. (a.k.a. We Children from Bahnhof Zoo) (Christiane F. - Wir Kinder vom Bahnhof Zoo),Drama,Hendrik Gresty,Ashlin Southerill,Yodel,United States,Navajo,3.5,5126576.56,47301.42,12/9/2008,10/22/2020
Oscar and Lucinda (a.k.a. Oscar & Lucinda),Drama|Romance,Danie Goldine,Rudolf Cattellion,Meevee,Indonesia,Quechua,0.2,9841152.44,29194.35,11/30/2012,6/26/2021
Peter's Friends,Comedy|Drama,Lexis Hinken,Dermot Featherstone,Feedfish,Japan,Galician,6.6,4615882.66,91801.65,1/9/2017,1/1/2020
Operation Petticoat,Action|Comedy|Romance|War,Koenraad Chichgar,Coleen Legg,Browsedrive,Russia,Xhosa,9.3,5725214.21,36361.73,1/15/2014,11/22/2024
Ride the Divide,Adventure|Documentary,Karly Skelbeck,Abie Mc Coughan,Aibox,Portugal,Indonesian,2.0,5572075.89,71226.28,11/19/2017,7/24/2022
Tapestries of Hope,Documentary,Gaye Puttan,Bunnie Jillions,Realblab,Indonesia,Breton,2.2,3890205.32,61758.21,11/2/2000,11/24/2021
Casablanca,Drama|Romance,Dahlia Wick,Margarete Constable,Oba,Afghanistan,Tswana,9.4,9224825.79,18553.56,10/16/2017,3/6/2023
Car Bonus (Autobonus),Documentary,Aundrea Jewster,Caye Thews,Skivee,Poland,Uighur,2.5,3069446.17,93195.74,12/10/2017,11/18/2021
Dirty Deeds,Comedy,Arleen MacCague,Elliott Copner,Tagopia,Russia,Breton,2.8,5168825.89,94555.14,1/30/2001,8/23/2022
Bonfire of the Vanities,Comedy|Crime|Drama,Bjorn Rois,Boigie Sherlaw,Yata,Russia,Abkhazian,3.1,9063254.16,56978.52,9/23/2015,8/26/2025
Where the Sidewalk Ends,Crime|Drama|Film-Noir,Gayelord Lorraway,Erica Janeway,Oozz,Indonesia,Vietnamese,2.3,4356127.97,70020.76,12/19/2024,3/6/2021
Going All the Way,Comedy|Drama,Ida Izakoff,Sherye Marchetti,Yakijo,Tanzania,Kazakh,6.9,3993359.9,97038.68,5/6/2015,7/27/2020
God Is the Bigger Elvis,Documentary,Dietrich Brereton,Katey Asbury,Trilia,China,Lithuanian,3.8,3994315.82,11485.66,6/9/2010,9/18/2023
Louis Theroux: The Most Hated Family in America in Crisis,Documentary,Odell Spaducci,Lavinia Sparwell,Blogpad,Canada,Italian,4.7,6691482.59,89855.04,4/11/2026,5/13/2021
Laws of Attraction,Comedy|Romance,Welbie Beckett,Danila Sweetnam,Centimia,Papua New Guinea,Ndonga,8.0,6290016.57,21584.31,6/30/2017,2/16/2026
Dead Men Tell,Comedy|Crime|Drama|Mystery|Thriller,Piotr Crumley,Flo Lorrie,Wikivu,Niger,Northern Sami,5.3,9306702.8,65309.95,5/15/2021,4/15/2022
Joysticks,Comedy,Charlton Yakov,Doris Seiler,Yabox,Honduras,Tagalog,8.5,8114830.91,58079.45,4/13/2021,3/12/2024
Teenage Mutant Ninja Turtles III,Action|Adventure|Children|Comedy|Fantasy,Sileas Colecrough,Wilbert Rivelon,Skippad,China,Fulah,2.4,2386271.16,54809.4,7/27/2025,1/13/2021
Cockfighter,Drama,Flore D'Ambrogio,Lissy Drezzer,Flashdog,Brazil,Tsonga,5.9,8653314.27,95793.54,9/9/2009,2/6/2023
When a Stranger Calls,Horror|Thriller,Abbott Tixall,Enrika Rosle,Brainsphere,Portugal,Ewe,8.0,9703338.23,84045.31,4/30/2020,4/9/2020
The Missionaries,Comedy|Romance,Samara Remon,Pearline Gammel,Fivebridge,Tanzania,Ukrainian,6.1,8175689.5,92729.02,7/12/2000,5/14/2024
Bling: A Planet Rock,Documentary,Enrica Barkhouse,Emylee Turpin,Omba,Philippines,Burmese,3.5,9315759.23,17969.04,10/9/2005,2/13/2020
Highlander II: The Quickening,Action|Sci-Fi,Rhianon Lillistone,Tarrah O'Longain,Dazzlesphere,Russia,Interlingue,5.9,6987386.12,97856.59,1/31/2019,8/21/2024
Joy of Sex,Comedy|Romance,Marni Staveley,Rosina Davidow,Zoomcast,Portugal,Chechen,9.9,8888814.6,72656.78,9/3/2013,5/17/2023
Cellular,Action|Crime|Drama|Mystery|Thriller,Lishe Lepere,Ermanno Harmon,InnoZ,Greece,Rundi,7.8,2217313.32,49866.62,8/11/2006,2/7/2026
Blood for Dracula (Andy Warhol's Dracula),Horror,Arliene Clawe,Janna Hasell,Linkbuzz,Nigeria,Urdu,1.7,812802.29,54208.25,1/5/2016,6/14/2024
Swamp Thing,Horror|Sci-Fi,Drusi Davidzon,Allix Augur,Wordpedia,Canada,Chuvash,7.9,8504043.88,68779.57,1/29/2006,5/21/2020
Amour,Drama|Romance,Dyna MacNeilly,Faye Risbie,Feedbug,Portugal,Divehi,1.3,158624.13,63172.67,3/17/2017,11/24/2020
Kidnapping Mr. Heineken,Action|Crime|Drama|Thriller,Olin Iggalden,Danie Osichev,Realbridge,China,Polish,5.1,141787.19,57895.95,7/31/2003,7/14/2024
"His Secret Life (a.k.a. Ignorant Fairies, The) (Fate ignoranti, Le)",Drama|Romance,Sheilah Trays,Elmo Woolner,Flashpoint,Japan,Irish,6.1,2763170.54,50766.84,1/29/2016,11/8/2025
"Incredible Melting Man, The",Horror|Sci-Fi,Drusilla Mallatratt,Malinde Measures,Skivee,Russia,Fijian,2.4,3233257.63,53622.42,12/30/2021,2/14/2023
Inuyasha the Movie: The Castle Beyond the Looking Glass,Action|Animation|Comedy|Romance,Kellyann Robichon,Doralynne Fahy,Jatri,Afghanistan,Corsican,3.9,1441480.87,24086.63,4/5/2026,12/6/2025
Savannah Smiles,Comedy,Carrol Milnthorpe,Fernande Keggin,Reallinks,China,Malayalam,0.7,8319416.93,66281.42,6/2/2002,5/3/2022
Asterix & Obelix vs. Caesar (Astérix et Obélix contre César),Adventure|Children|Comedy|Fantasy,Ariadne Benedyktowicz,Bobbe Spiller,Talane,Costa Rica,Lithuanian,2.8,4190385.54,91993.95,12/21/2014,1/24/2021
Killers,Action|Crime|Drama|Thriller,Emelen Matherson,Felicle Massey,Chatterpoint,Russia,Malay,9.9,4637297.08,70125.71,9/1/2022,10/11/2025
Sorority House Massacre II,Horror,Shani Donne,Starla Elders,Quinu,Canada,"Greek, Modern (1453-)",8.8,6644800.23,10421.62,4/6/2001,10/27/2024
The Rebel,Action|Crime|Drama|Thriller,Peri Elcoat,Gratiana Batkin,Kwideo,Myanmar,Portuguese,9.2,5261051.91,18119.0,3/28/2022,4/18/2025
Man of the West,Western,Marya Carnalan,Anselma Agirre,Talane,Poland,Tigrinya,9.4,9058615.77,66410.45,2/25/2026,3/14/2023
"Beach, The",Adventure|Drama,Brandy Gerren,Lynnette Darey,Zoonder,Thailand,Navajo,8.0,2283080.08,65736.27,12/13/2016,9/5/2022
Little Women,Drama,Gearalt Vynall,Rhetta Hartley,Agimba,New Zealand,Gaelic,7.0,6994744.31,93866.22,5/16/2002,3/1/2021
I'm Not Rappaport,Comedy,Sella Hutten,Boote Sandbrook,Bubblemix,China,Uzbek,8.5,344883.37,62406.79,6/4/2023,11/20/2024
Matilda,Children|Comedy|Fantasy,Bekki Wolffers,Guendolen Farbrace,Meejo,South Africa,Swati,2.4,3099698.76,12741.26,3/7/2010,2/14/2024
Gable: The King Remembered,Documentary,Tremaine Trubshawe,Cart Board,Meezzy,Chile,Tsonga,0.3,9398499.44,30097.14,11/24/2016,4/7/2024
Dark Horse,Drama,Aila Clousley,Devonne Kiely,Riffpedia,Indonesia,"Greek, Modern (1453-)",5.6,5413600.58,70647.19,5/27/2020,1/10/2023
G.I. Joe: The Movie,Action|Adventure|Animation|Children|Fantasy|Sci-Fi,Chance Whistan,Hermia Brill,Topiclounge,Poland,"Sotho, Southern",7.5,9037016.06,26024.75,12/18/2006,11/17/2023
Night Train,Drama|Mystery|Thriller,Elbertina Mucklestone,Pedro Foystone,Midel,Philippines,Macedonian,5.2,5362086.05,64320.56,11/7/2023,2/22/2024
I Am Divine,Documentary,Lenka Scafe,Friedrich Shyre,Meevee,Canada,Pali,1.2,6855132.13,97081.88,4/2/2016,7/7/2025
Tall Story,Comedy,Kariotta Littleover,Goldie Branche,Plambee,Botswana,Walloon,8.8,9853424.16,80543.68,1/27/2003,8/25/2024
Ten North Frederick,Drama|Romance,Janenna Louthe,Phillie Brunke,Innotype,Philippines,"Ndebele, South",4.6,9960655.54,20329.37,4/16/2017,8/31/2021
"Harvest: 3,000 Years (Mirt Sost Shi Amit)",Drama,Falkner Coverlyn,Lovell Laphorn,Livepath,Saudi Arabia,Marathi,7.1,3410918.69,87654.31,7/30/2022,9/9/2022
Täynnä Tarmoa,Documentary,Mireille Macbane,Fergus Oak,InnoZ,China,Interlingua (International Auxiliary Language Association),6.2,4332702.95,58378.42,3/15/2025,12/27/2023
Undertaking Betty (Plots with a View),Comedy|Romance,Belle Deware,Gill Gierardi,Zoombeat,Saint Vincent and the Grenadines,Polish,3.5,8672063.34,86695.12,10/9/2023,9/13/2022
"Razor's Edge, The",Drama,Jacinda Ninotti,Allistir Havock,Eare,China,Ukrainian,3.9,7543862.47,71876.81,8/20/2005,5/20/2021
Lola,Drama,Kale Grimditch,Carmela Markey,Photofeed,Brazil,Thai,0.7,6715259.95,33794.38,7/9/2007,12/26/2024
"Day The Earth Froze, The (Sampo)",Adventure|Fantasy,Talia Simson,Alikee Tonnesen,Voolith,Thailand,Polish,7.5,1770820.46,45955.85,7/11/2006,11/9/2021
House of Sand (Casa de Areia),Drama,Mose Ruhben,Harley Okenden,Babbleset,Switzerland,Urdu,1.7,4915886.37,20387.06,12/1/2003,1/20/2026
"Wonderful, Horrible Life of Leni Riefenstahl, The (Macht der Bilder: Leni Riefenstahl, Die)",Documentary,Hana Jatczak,Vidovic Emsden,Voomm,Portugal,Burmese,5.8,8146348.88,12861.18,11/8/2004,2/11/2020
Dolan's Cadillac,Crime|Thriller,Ruthie Arber,Darb Spragge,Tagchat,Brazil,Bengali,3.3,8788927.56,33868.21,11/15/2010,5/17/2021
Divorce Iranian Style,Documentary,Valentine McEvoy,Inna Alleyn,Divanoodle,Czech Republic,Urdu,9.4,9114302.09,79208.28,4/19/2002,7/19/2022
Sergio,Documentary,Thornton Dobkin,Ethelyn Sandyford,Babbleset,United States,Nauru,2.4,6595664.95,11969.24,4/5/2026,4/11/2022
Restaurant,Drama,Kristy Felton,Jannelle Plowright,Meezzy,Ukraine,Tswana,7.3,4343798.86,88794.47,12/9/2010,9/9/2020
Gorillas in the Mist,Drama,Way Defont,Blisse Turone,Jetpulse,China,Bulgarian,6.5,5694708.85,40533.64,5/19/2017,8/5/2020
"Single Girl, A (Fille seule, La)",Drama,Stephannie Gabby,Emilie Brim,Tagcat,China,Tibetan,4.5,2137733.23,84606.82,9/27/2025,9/13/2024
Against the Current,Drama,Tannie Setchfield,Melly Wallenger,Realblab,Haiti,Inuktitut,6.6,8844399.22,44773.42,9/6/2023,11/19/2024
Before the Rains,Drama|Romance|Thriller,Shanie Delph,Othelia Spittall,Edgewire,China,Breton,3.7,2538751.05,61858.79,8/16/2004,3/9/2025
And Everything Is Going Fine,Documentary,Catherine Leslie,Evita Tezure,Plambee,Russia,Xhosa,6.6,445295.76,63865.34,1/4/2000,12/15/2025
Marathon Man,Crime|Drama|Thriller,Paddie Coey,Carey Gomme,Kwimbee,Argentina,Persian,1.7,4992328.04,42909.48,1/3/2013,3/11/2025
King of Kings,Drama,Barnard Le land,Kelbee Durtnel,Fivechat,Russia,Shona,6.2,6055330.01,36387.66,9/21/2014,10/27/2020
Vitus,Drama,Bronnie Cochrane,Tressa Hamerton,Jazzy,Poland,Swahili,2.3,7524655.49,14337.95,12/5/2018,9/13/2025
"Open Road, The",Comedy|Drama,Mervin Menear,Taylor Pohlke,Feedfish,Greece,Xhosa,0.6,6470419.79,98273.53,6/17/2021,3/9/2021
Brick,Crime|Drama|Film-Noir|Mystery,Menard Kubyszek,Cozmo Haisell,Feednation,Indonesia,Marathi,8.9,6243294.71,96415.93,5/12/2005,6/1/2024
"Dossier 51 (Dossier 51, Le)",Crime|Drama,Blancha McCrisken,Meredithe Orgel,Skivee,China,Tamil,1.1,5412261.95,43467.43,3/30/2014,4/15/2023
Reign of Assassins,Action,Marjory Lyes,Angy Kaplin,Brainbox,Armenia,Faroese,2.7,2333536.58,59180.05,6/19/2014,10/23/2020
Backcountry,Drama|Horror|Thriller,Dareen Lamperd,Bev Cockerill,Twitterlist,Sweden,Breton,1.0,1002315.03,28017.15,9/26/2025,8/25/2023
It Follows,Horror,Auberta Mapis,Law Lalevee,Dabtype,France,Tagalog,2.0,6314500.2,89270.55,3/6/2018,9/20/2022
Frantic,Crime|Mystery|Thriller,Judye Croxley,Gennifer Kamen,Quinu,Russia,Indonesian,9.5,2264833.2,46817.38,5/20/2020,1/31/2023
"Love Letter, The",Comedy|Romance,Giralda Schulze,Lyndsay McManus,Kwideo,Philippines,Tajik,3.6,2744762.6,38553.16,1/20/2013,2/14/2024
Good,Drama|War,Phylis Schafer,Lennie Staning,Centidel,Poland,Uzbek,2.6,9996420.96,58638.17,5/21/2015,6/6/2024
"Desperadoes, The",Romance|Western,Wendel Danslow,Delaney Churm,Shuffletag,Dominican Republic,Xhosa,2.3,1881640.31,42173.18,12/11/2021,6/18/2021
End of the Century: The Story of the Ramones,Documentary|Musical,Bealle Stollenwerck,Maurita Mitskevich,Edgepulse,Portugal,Kazakh,1.4,9548515.33,14935.05,3/15/2026,8/13/2021
First Knight,Action|Drama|Romance,Tara Livezey,Tess Lambdean,Kwilith,Vietnam,Malayalam,6.1,3552111.94,44188.5,4/8/2015,1/13/2025
"Wood, The",Drama,Dareen McIvor,Phedra Edeler,Vidoo,Serbia,Hungarian,3.9,1460118.61,78498.15,11/30/2015,10/4/2020
The Mark of the Angels - Miserere,Thriller,Caty Keyes,Fidel Stanes,Thoughtbeat,Colombia,Swahili,3.3,7208283.19,47780.48,11/10/2004,9/18/2025
Mummies: Secrets of the Pharaohs (a.k.a. Mummies 3D),Documentary|IMAX,Clara Pantridge,Cort Renals,Tazzy,Poland,Ewe,0.5,4514804.5,39025.3,2/4/2002,9/27/2025
Nosferatu the Vampyre (Nosferatu: Phantom der Nacht),Horror,Chicky Mockes,Miran Thurling,Yombu,Philippines,Corsican,7.0,1314387.14,48388.89,4/30/2017,5/7/2021
"Murder of Crows, A",Action|Crime|Thriller,Pebrook MacCart,Wayland Jorg,Feedfire,Indonesia,Marathi,3.7,9953279.13,87982.89,8/18/2000,10/19/2025
Wieners,Comedy,Pammy Sainteau,Jacenta Kunkler,Jayo,Madagascar,Romansh,9.0,5369259.98,50652.65,5/25/2018,12/3/2025
Sex Positive,Documentary,Meaghan Tonnesen,Damaris Nesbit,Teklist,Indonesia,Urdu,8.5,4162763.7,97575.43,3/17/2011,8/16/2021
The Borderlands,Horror|Mystery,Amalita Mulheron,Martino Wondraschek,Kimia,Russia,Esperanto,6.2,7267519.38,84542.74,1/12/2006,8/7/2022
Seoul Searching,Comedy|Drama,Corbett Beldam,Abba Bidgood,Gabtune,Belize,Czech,5.3,663296.6,60665.53,11/1/2016,3/23/2025
Pekka ja Pätkä lumimiehen jäljillä,Comedy,Evie Blasetti,Iain Jahnke,Jaloo,Laos,Turkmen,3.8,723848.13,78151.44,8/15/2013,2/4/2022
Saint Ralph,Comedy|Drama,Hendrick Fairest,Cherice Hannis,Plambee,Argentina,Kinyarwanda,1.9,2777846.88,97748.08,7/14/2004,4/17/2023
Sleepers,Thriller,Kore Madders,Jarad Berfoot,Blognation,Croatia,Kuanyama,1.6,3262717.17,19513.41,5/29/2016,6/16/2023
Eloise at the Plaza,Children|Comedy|Mystery,Evanne Bertome,Lazaro Braunter,Kwideo,China,Breton,0.1,9221219.58,50596.61,12/25/2010,5/11/2021
Murder à la Mod,Comedy|Crime|Mystery,Lorraine Hamal,Lelia Thickett,Gabvine,Czech Republic,Vietnamese,5.7,8769012.94,95817.21,3/16/2020,7/28/2020
Shirley Valentine,Comedy|Romance,Linnet Shoulder,Alvina McAulay,Jatri,Czech Republic,"Bokmål, Norwegian",6.7,9069354.29,36011.27,1/10/2007,4/21/2020
Mary and Max,Animation|Comedy|Drama,Tandy Kipping,Mattie Gwynn,Photofeed,China,Korean,9.2,1194729.3,27461.28,12/29/2022,3/20/2024
Summer in February,Drama|Romance,Edward Eaklee,Leslie Valero,Edgewire,China,Javanese,6.7,6491530.59,89140.07,3/15/2005,1/31/2021
Hitman's Run,Action,Reina Camp,Clyve Frisby,Yoveo,Brazil,Oromo,8.6,4580757.56,66869.52,8/1/2015,1/10/2026
"Frisco Kid, The",Comedy|Western,Carlen Seebert,Sawyere Sibyllina,Skinte,Nigeria,Macedonian,9.3,3222935.71,76604.33,8/12/2006,11/20/2020
Futureworld,Sci-Fi|Thriller,Ingunna Dallosso,Nixie Aime,Centizu,Poland,Bulgarian,5.3,6065405.69,34643.04,7/13/2014,10/19/2021
"Cherry Orchard, The (Sakura no sono)",Drama,Madella Mundall,Sheffy Betancourt,Skibox,United States,Turkish,0.9,1484284.03,98616.94,8/31/2001,11/27/2021
Explorers,Adventure|Children|Sci-Fi,Ignazio Walczak,Matilda Salvidge,Tagchat,Guatemala,Inupiaq,4.0,6179537.15,30728.31,9/29/2011,3/11/2026
A Merry Friggin' Christmas,Comedy,Cherise Garcia,Coralyn Silcox,Voonder,Indonesia,Vietnamese,1.2,6457016.53,30758.48,8/26/2004,3/31/2024
Powder,Drama|Sci-Fi,Onfre Pymar,Fredericka Sparkes,Rhycero,Portugal,Kirghiz,6.1,3285389.7,68253.0,11/8/2020,2/13/2021
Street Fighter,Action|Adventure|Fantasy,Lemar McGarvie,Annamarie Gowlett,Skiba,Russia,Kirghiz,0.5,8396625.35,52590.59,5/22/2023,2/6/2024
Hack!,Comedy|Horror,Mada Veldens,Ichabod Thornber,Blogspan,Kenya,Serbian,6.4,3883109.09,79757.45,1/18/2025,1/9/2023
Música Campesina (Country Music),Comedy|Drama,Jo ann Camlin,El Walak,Lazzy,Ukraine,Panjabi,5.6,2095763.8,66834.55,7/26/2010,12/13/2022
Ragtime,Drama,Jennette Dolby,Betta Sciacovelli,Fivespan,China,Bosnian,1.4,6881365.49,78780.42,10/27/2011,9/8/2022
My Favorite Year,Comedy,Gwen Cardero,Asher Noon,Innojam,Armenia,Breton,2.7,1995966.33,73073.72,8/26/2019,9/1/2024
"Art of Negative Thinking, The (Kunsten å tenke negativt)",Comedy|Drama,Northrop McGlaughn,Brad Matley,Lazz,Indonesia,Romanian,6.9,3351247.56,57066.89,7/30/2024,11/20/2025
Cutie and the Boxer,Documentary,Sharron Mattholie,Florenza Semour,Youtags,Honduras,Marshallese,1.4,4242843.54,55274.26,10/13/2016,1/4/2021
Reel Rock 8 ,Documentary,Bonny Tuck,Cybill Cowpertwait,Skynoodle,Indonesia,Corsican,8.6,9568317.55,17655.07,3/29/2016,1/19/2021
Rurouni Kenshin (Rurôni Kenshin: Meiji kenkaku roman tan),Action|Drama,Edgar Owtram,Gonzales Cole,Fliptune,Ukraine,Tswana,1.2,4522292.19,20686.33,6/29/2010,2/25/2024
Mosquito Squadron,Action,Dale McCloch,Gavan Thomann,Ntags,Brazil,Avaric,0.2,8509673.31,43968.99,12/13/2025,5/8/2022
Darwin's Nightmare,Documentary,Lacie Baike,Horace Garnsworthy,Omba,China,Tamil,6.4,4922931.5,57111.25,4/23/2011,9/11/2021
"Moment After, The",Drama|Sci-Fi|Thriller,Creigh Showers,Wanda Rubinsohn,Latz,Greece,Bashkir,8.7,7718594.36,51444.77,9/20/2025,6/20/2020
Blonde and Blonder,Comedy|Crime,Royce Puddan,Karina Gianilli,Twitterwire,China,Catalan,7.2,2108392.03,43120.4,7/13/2014,9/20/2021
French Kiss,Action|Comedy|Romance,Lutero Grattan,Brittan Fealey,Yodoo,Indonesia,Welsh,8.0,8689181.06,95316.19,4/29/2012,5/31/2023
Stuart Little 3: Call of the Wild,Animation|Children|Comedy|Fantasy,Tildie Gilson,Tucky Townsend,Devcast,Indonesia,Kalaallisut,5.4,5822836.51,30708.06,4/20/2008,3/31/2026
Sons and Lovers,Drama,Stella McGuinness,Tremaine Burbidge,Trudeo,Portugal,Hiri Motu,1.9,1783735.07,16600.35,7/22/2017,4/4/2026
"Quest, The",Adventure|Children|Drama,Shay Constantinou,Isacco Caldero,Avaveo,China,Komi,0.7,5483323.97,59508.17,4/14/2014,4/4/2024
"Big Bad Swim, The",Comedy|Drama,Alphonse Bolf,Pierce Ericssen,Babblestorm,Russia,Zulu,0.8,7318250.31,90751.05,11/19/2023,10/4/2021
Bodyguards and Assassins,Action|Drama,Junie Treher,Lamar Edgehill,Agimba,Kenya,Kuanyama,2.2,5979098.86,91585.64,8/26/2007,4/17/2021
Werewolf Woman (La lupa mannara),Horror,Emmaline Gleasane,Barton Prium,Jamia,France,Sindhi,3.7,3555065.24,32480.36,6/29/2013,4/15/2022
District 13: Ultimatum (Banlieue 13 - Ultimatum),Action|Sci-Fi,Diena Lucock,Patti Barfitt,Rhyzio,Brazil,Interlingua (International Auxiliary Language Association),2.0,2088751.96,70834.58,1/7/2013,6/8/2020
Death in Venice (Morte a Venezia),Drama|Romance,Phyllida Valencia,Marketa Geraldez,Babbleset,China,Javanese,4.3,5838129.24,67034.38,10/29/2007,3/28/2020
Employees' Entrance,Drama|Romance,Pearle Churchlow,Lorita Woolward,Yotz,Vietnam,Italian,4.3,3174068.07,39799.41,9/5/2008,10/2/2021
"Art of the Steal, The",Documentary,Brooks Whorlow,Mersey Linley,Realmix,Indonesia,Ndonga,5.9,4361321.73,92219.34,5/24/2004,7/10/2022
I Really Hate My Job,Comedy|Drama,Willy Gabotti,Farah Benedikt,Fliptune,Portugal,Sango,1.6,279510.55,64042.06,3/24/2000,6/22/2024
True Crime,Mystery|Thriller,Lise Norquay,Caspar Udell,Jabbertype,Poland,Turkmen,4.7,1049765.12,78826.86,3/10/2022,9/15/2022
American Movie,Documentary,Fredra Fairlam,Briney Gotling,Tanoodle,Lithuania,Georgian,6.7,6414008.29,36992.53,8/22/2003,8/4/2021
Ulysses' Gaze (To Vlemma tou Odyssea),Drama|War,Ingrid Olden,Merrilee Sidey,Thoughtstorm,Malaysia,Guarani,8.3,5880244.02,26195.24,11/24/2019,5/10/2023
Miami Vice,Action|Crime|Drama|Thriller,Noemi Bellison,Quinton Rothwell,Eabox,Russia,Serbian,4.2,8544703.9,75016.37,7/13/2000,9/19/2021
"Last Picture Show, The",Drama,Georg McKnish,Quinn Wimbridge,Vimbo,Serbia,Armenian,6.1,8158931.96,22196.05,6/25/2000,11/6/2020
"Time That Remains, The",Drama,Ileana Sleightholme,Randi Colleran,Lazzy,Canada,Zulu,6.1,7453587.78,47603.91,11/25/2009,1/19/2024
"Yours, Mine and Ours",Children|Comedy,Adaline McKie,Freddy Alexandersson,Demizz,China,Aymara,1.4,8578723.09,31572.73,4/18/2025,3/24/2025
Enemy,Mystery|Thriller,Theobald Turneux,Taber Wiszniewski,Dynabox,Philippines,Burmese,7.6,5526961.04,81815.56,3/3/2010,10/10/2022
"Public Enemy, The",Action|Crime|Drama,Mayor Tuffs,Flor Tyre,Wikido,Peru,Romansh,5.5,1196924.6,25322.7,1/14/2022,2/3/2021
Stevie,Documentary,Nanete Khrishtafovich,Camila Blanchet,Twimbo,Cuba,Vietnamese,6.6,9266790.37,60020.46,12/11/2025,11/8/2025
633 Squadron,Drama|War,Kinna Moyce,Renault Tubridy,Photobug,Philippines,Kurdish,6.3,5453237.81,51722.34,1/12/2015,12/2/2025
White House Down,Action|Drama|Thriller|IMAX,Arin Bunstone,Phoebe Francklyn,Bubblebox,Russia,Church Slavic,2.3,4013537.28,36182.32,9/29/2004,1/1/2024
To the Arctic,Documentary|IMAX,Janie Joynes,Belia Skydall,Roomm,Indonesia,Hausa,4.4,7313442.07,95520.6,11/24/2014,12/29/2024
Hum Dil De Chuke Sanam,Drama|Romance,Dorry Cluderay,Basilius Haggerston,Mita,Japan,Tagalog,6.0,1578661.09,48584.53,3/11/2021,7/13/2022
Sex Positive,Documentary,Cherye Krojn,Fanny Pulley,Jatri,Philippines,Hungarian,0.1,806303.25,73474.76,9/1/2005,1/22/2023
Scatter My Ashes at Bergdorf's,Documentary,Denney Le Sarr,Padget Aglione,Thoughtbridge,Jamaica,Tonga (Tonga Islands),9.1,218708.14,11508.97,12/20/2015,3/17/2020
You Killed Me First,Drama,Arleyne Sprionghall,Haven Giraudo,Yakijo,Czech Republic,Interlingua (International Auxiliary Language Association),4.9,1638896.89,53213.15,1/23/2016,2/2/2023
Speed 2: Cruise Control,Action|Romance|Thriller,Bartram Coping,Dagmar Conkay,Edgeblab,Mexico,Sinhala,8.2,9369598.5,89019.31,3/6/2011,2/17/2021
"Student of Prague, The (a.k.a. Bargain with Satan, A) (Student von Prag, Der)",Drama|Horror,Dell Keymer,Caty Surtees,Voonder,Philippines,Telugu,0.6,8444454.0,16756.58,8/22/2021,1/1/2024
Rapado,Drama,Orland Grishagin,Silvio Lago,Feedmix,Peru,"Sotho, Southern",5.6,3491947.74,47264.28,10/24/2025,12/18/2025
Born Yesterday,Comedy,Geri Hake,Kati Ridgeway,Meeveo,Israel,Marathi,3.9,3433653.77,19184.5,9/2/2021,7/1/2021
Bedazzled,Comedy,Arabele Kelway,Der Looney,Viva,Indonesia,Persian,1.4,5120365.47,19985.74,5/1/2001,9/23/2025
Sleuth,Comedy|Mystery|Thriller,Meaghan Flooks,Sybyl Venton,Realblab,Russia,Welsh,2.1,9808222.94,16423.09,11/1/2013,2/13/2021
Legend of the Village Warriors (Bangrajan),Action|Drama|War,Winston Pollington,Paulie Robens,Babblestorm,United States,Komi,8.5,484223.16,89524.65,12/7/2004,2/12/2026
"Story of Dr. Wassell, The",Action|Adventure|Drama|Romance|War,Amby Beals,Em Hoffmann,Jaxspan,Poland,Latin,7.8,1481557.78,32902.29,2/16/2015,3/26/2023
Cape No. 7 (Hái-kak chhit-ho),Comedy|Drama|Romance,Katleen Saddler,Ermin Faier,JumpXS,Honduras,Lingala,1.1,4821377.5,76989.35,11/20/2005,1/14/2022
Burn After Reading,Comedy|Crime|Drama,Esta Jackson,Eolanda Burchett,Zoomcast,France,Nepali,5.2,8974276.38,94837.48,7/1/2000,5/25/2024
Dracula: Dead and Loving It,Comedy|Horror,Free Alden,Brew Sabater,Roodel,China,Kinyarwanda,2.7,2074794.63,81578.91,5/19/2024,4/29/2026
Convict 13,Comedy,Shawn Foard,Benito Figgs,Yambee,Indonesia,Hiri Motu,4.4,1136375.5,95284.5,6/8/2015,2/21/2022
Platoon,Drama|War,Kyla Le Marchant,Lea Rumble,Oyoba,Denmark,Ojibwa,0.3,517921.74,51086.26,1/30/2015,1/10/2023
Dragon Ball Z: Bio-Broly (Doragon bôru Z 11: Sûpâ senshi gekiha! Katsu no wa ore da),Action|Adventure|Animation,Elton Roget,Adoree Leckie,Thoughtbeat,Kyrgyzstan,"Bokmål, Norwegian",6.7,3743756.5,39667.32,6/20/2003,1/9/2020
Dead Awake,Action|Thriller,Ema Keely,Corry Longrigg,Photospace,Indonesia,Walloon,4.8,2527885.06,40333.1,7/23/2016,12/10/2020
Jesse Stone: Night Passage,Crime|Drama|Mystery,Alf Jammet,Clarie Petrelluzzi,Camido,Cambodia,Bulgarian,9.7,3260095.47,16142.41,5/26/2010,11/23/2024
Ironclad 2: Battle for Blood,Action|Adventure,Willa Syrie,Morse McShee,Eazzy,Greece,"Greek, Modern (1453-)",1.5,4085763.58,76997.12,3/3/2001,8/12/2020
Listen Up Philip,Drama,Nikola Sickamore,Fancie Chaldecott,BlogXS,Democratic Republic of the Congo,Divehi,0.3,4574801.65,59533.31,12/23/2014,11/7/2023
Bitch Slap,Action|Comedy|Crime|Thriller,Glendon Kopmann,Merridie Karran,Gabtune,Ukraine,Danish,8.5,4868313.8,79902.16,2/8/2003,6/3/2020
Simon Killer ,Drama,Hyatt McNaught,Joshia Bisatt,Kwilith,France,Xhosa,8.1,7220122.39,40161.9,11/2/2013,1/25/2026
Perifery (Härmä),Drama,Janos Huot,Celestia Newns,Kwinu,China,Divehi,8.7,4515585.97,61416.8,9/27/2002,5/23/2020
Ski Patrol,Action|War,Justino Melledy,Koral Pagett,Youopia,China,Croatian,2.5,175209.79,56966.35,12/12/2003,6/27/2021
Parasite,Horror|Sci-Fi,Evin Dangerfield,Elia Mathiasen,Rhyzio,China,Amharic,3.2,1256928.93,74986.63,1/10/2016,8/24/2023
Sundown,Drama|War,Geoffrey Serrels,Georgia Middlemass,Katz,Bangladesh,Bosnian,5.9,6286192.83,94637.99,8/23/2013,6/17/2022
Sophie Scholl: The Final Days (Sophie Scholl - Die letzten Tage),Drama|War,Quincy O'Canavan,Evita Atterley,Aibox,Morocco,Slovak,2.5,8845398.26,46787.96,1/22/2001,6/11/2023
"Sorcerer and the White Snake, The (Bai she chuan shuo)",Action|Fantasy|Romance,Candice Howorth,Phylis Spurett,Jayo,Japan,Polish,9.0,5007644.42,11240.06,8/20/2012,1/29/2026
Clockstoppers,Action|Adventure|Sci-Fi|Thriller,Hillie Rosoman,Thurston Jouanny,Eabox,Nigeria,Ojibwa,1.6,1871178.84,29827.75,3/10/2015,8/14/2022
Creepshow 2,Horror,Ronnica Atyea,Luca Segar,Shufflester,Ukraine,Cornish,0.7,1095743.26,77388.18,4/23/2007,7/24/2023
Attenberg,Drama,Ibbie Skates,Grover Fears,Tagopia,Swaziland,Estonian,9.0,2401027.38,82985.2,7/13/2013,7/3/2020
All's Well,Drama,Molly Lowmass,Brandice Vankeev,Wikido,Philippines,Shona,4.3,1915274.74,94500.65,11/17/2011,6/3/2023
The Butter Battle Book,Animation|Children,Cornela MacFadyen,Rosabelle Jahndel,Oyoyo,Poland,Panjabi,4.1,3166882.17,33801.25,1/4/2023,4/6/2022
Endurance,Documentary|Drama,Theobald Gulvin,Mechelle Melson,Voomm,Indonesia,Hindi,2.7,7724907.33,18551.35,1/5/2023,2/4/2024
Very Good Girls,Drama,Cherice Everall,Griffie Hawker,Oyonder,France,Sardinian,6.3,333899.63,55027.03,11/13/2019,4/27/2024
Ghosts of Girlfriends Past,Comedy|Fantasy|Romance,Stefania Ballinger,Giordano Smidmor,Twimbo,China,Tahitian,5.4,2471768.45,75194.76,10/5/2016,4/7/2020
Ghoulies III: Ghoulies Go to College,Comedy|Horror,Luciano Crisford,Amalee Hasling,Geba,Austria,Finnish,5.5,9682373.51,73465.17,1/12/2010,1/21/2026
Rushmore,Comedy|Drama,Bartolomeo Barrack,Kordula Hartfleet,Zoonder,Indonesia,Serbian,2.1,8329560.82,38283.33,2/20/2008,6/9/2020
Camouflage (Barwy ochronne),Comedy|Drama,Dominik McElvogue,Lucais Shawel,Lazzy,Pakistan,Malay,7.2,6337283.64,30173.53,12/27/2011,1/18/2022
Pale Flower (Kawaita hana),Crime|Film-Noir|Thriller,Tandy Extence,Ferd Gwyn,Kanoodle,China,Afrikaans,1.9,6879785.14,17128.43,6/24/2018,10/17/2021
Bride of the Monster,Horror|Sci-Fi,Ellie Mayworth,Merrel Salman,Vitz,Poland,Central Khmer,3.9,5237303.22,94408.13,6/13/2025,10/8/2023
Johnny Was,Action|Crime|Drama|Thriller,Mada Helgass,Minor Roche,Realfire,Bulgaria,Urdu,9.7,3954076.66,59567.9,11/13/2017,2/12/2026
"Situation, The",Drama,Elinore Ferroni,Teresita Warlton,Fanoodle,Ukraine,Chuvash,8.4,9553378.91,89251.78,1/19/2020,6/26/2020
Empire of the Sun,Action|Adventure|Drama|War,Lezlie Kisar,Sherwood Plaster,Jazzy,Japan,Xhosa,4.6,3482416.74,20910.68,12/19/2021,11/12/2020
How About You...,Comedy|Drama,Sioux Korous,Broddie Stanford,Voonder,Monaco,Estonian,4.7,2559639.77,45376.48,4/15/2015,1/27/2022
Empire of Passion (a.k.a. In the Realm of Passion) (a.k.a. Phantom Love) (Ai No Borei),Crime|Drama|Romance,Fredelia Mapples,Lisa Petriello,Twimbo,Russia,Chinese,2.8,6999688.22,20763.24,11/24/2007,12/27/2021
Entre nos (Between Us),Drama,Mersey Bolle,Tybalt Goulding,Edgepulse,Malta,Tibetan,3.8,1738771.28,70908.9,9/1/2015,4/30/2023
Hop,Animation|Children|Comedy,Dory Lebarree,Emery Dowse,Twitterlist,Russia,Kinyarwanda,3.7,4395568.32,61045.95,12/12/2023,6/28/2020
Forget Me Not,Romance,Billie Rose,Stevie Porch,Wikivu,Ivory Coast,Telugu,5.0,2036055.01,10865.42,5/10/2017,4/11/2020
Broadway Melody of 1940,Musical,Udale Mathen,Mahmoud Neubigin,Skilith,China,Kinyarwanda,4.1,9607606.23,10847.31,11/1/2015,3/6/2025
Prinsessa (Starring Maja),Drama,Sayre Blaver,Misha Felton,Twitterlist,Canada,Interlingue,0.4,9351783.5,65546.24,8/19/2025,4/23/2025
Dogville,Drama|Mystery|Thriller,Lammond Rosenwasser,Hayden Tod,Blognation,Kazakhstan,"Bokmål, Norwegian",5.4,6152242.41,95205.07,1/5/2014,7/26/2024
"Terror Within, The",Horror|Sci-Fi,Ulrica Carrack,Marty Behr,Aimbo,Ukraine,Tahitian,9.4,8057392.98,16760.86,12/10/2021,12/1/2022
"First $20 Million Is Always the Hardest, The",Comedy,Drew O'Looney,Kalil Jovicic,Jaloo,China,Malayalam,8.0,7062837.23,13071.92,1/24/2005,2/27/2021
Tartuffe (Herr Tartüff),Drama,Bendite Gittings,Krystle Towsey,Camimbo,Russia,Ido,5.9,6790191.82,69576.52,6/11/2015,6/25/2021
Apartment Zero,Drama|Thriller,Wes Camus,Neille Muston,Wordtune,Ukraine,Armenian,9.4,5501661.71,74344.06,1/17/2000,11/7/2025
Metro,Action|Comedy|Crime|Drama|Thriller,Antin Endrighi,Joshuah Leivers,Twitterbridge,Armenia,Corsican,7.2,3637785.66,80551.85,11/19/2000,5/22/2020
"Patriot, The",Action|Drama|War,Garrett Woolger,Otes Tumility,Rhynoodle,Ukraine,Ndonga,5.3,1496653.19,25431.97,5/20/2011,7/22/2023
In Secret,Crime|Drama|Romance|Thriller,Meade Dunleavy,Faunie Croasdale,Pixoboo,China,Aymara,9.9,5755658.24,68664.22,12/9/2022,1/17/2023
"Rumble in Hong Kong (Nu jing cha) (Heroine, The)",Action|Crime,Claiborne Figin,Ardys Dennitts,Zooveo,France,Latin,4.8,7882150.55,71802.94,1/9/2008,11/18/2021
Tennessee,Drama,Fredek Edwards,Jennie Cowerd,Linkbuzz,Venezuela,Bashkir,4.0,8231919.08,95698.95,9/18/2021,2/2/2020
Mother Carey's Chickens,Drama|Romance,Niki Blackly,Hank Lendon,Kimia,China,Herero,1.1,6012661.67,93270.34,11/8/2021,4/30/2023
Set It Off,Action|Crime,Doloritas Wolffers,Ferdinand Bernolet,Zooveo,Russia,Finnish,9.3,5106216.99,47630.96,3/21/2025,5/23/2022
Three Days of the Condor (3 Days of the Condor),Drama|Mystery|Romance|Thriller,Milli Richmont,Mair Kubacek,Topiczoom,China,Tsonga,2.5,1694466.15,28803.04,1/4/2015,3/19/2025
Aks,Thriller,Hakim Isacke,Towney Alner,Devify,Tajikistan,Polish,9.7,8511021.59,66034.3,1/12/2001,4/4/2021
Pusher III: I'm the Angel of Death,Action|Comedy|Drama|Horror|Thriller,Renae Pottes,Collen Shottin,Livetube,Indonesia,Assamese,0.5,7866358.67,20374.39,10/3/2016,5/6/2025
Viva Cuba,Comedy|Drama,Clem Hambelton,Jerrine Blanpein,Jabbersphere,Guatemala,Komi,5.5,5122241.91,56913.8,2/24/2007,4/6/2023
Magicians,Comedy,Sherri Brunel,Fancie Amoore,Gigabox,China,Igbo,1.1,434262.54,16573.64,3/30/2016,9/6/2024
"Scarlet Dove, The (Tulipunainen kyyhkynen)",Drama|Mystery|Thriller,Ignacio De'Ath,Joelie Skelly,Cogibox,China,Tatar,5.5,9283871.42,93219.92,12/2/2022,10/4/2022
Unstoppable,Action|Drama|Thriller,Wendall Avramov,Madlen Culver,Jatri,China,"Sotho, Southern",8.2,2665530.24,85838.66,6/28/2012,11/17/2022
"Terror, The",Horror|Mystery,Shirline Veal,Hana Meads,Skyndu,Philippines,Burmese,3.9,4901937.26,55769.53,5/20/2022,12/31/2022
"Chambre en ville, Une (Room in Town, A)",Drama|Musical,Waldon Mitkcov,Gabi Brignell,Fatz,Zambia,Cree,7.1,902268.53,91817.94,10/7/2005,7/31/2023
"Good Morning, Miss Dove",Drama,Rosie Ratnege,Warner Daines,Fatz,Bulgaria,Somali,1.9,9295450.75,67642.94,10/3/2017,12/29/2023
Lord of War,Action|Crime|Drama|Thriller|War,Hali Ritelli,Hill Kane,Meeveo,Czech Republic,Sango,7.7,2083003.6,81216.86,5/21/2019,3/14/2024
Repo Men,Action|Sci-Fi|Thriller,Nataniel McClean,Quintana Launchbury,Jaloo,Sweden,Central Khmer,2.0,950385.74,78569.71,11/9/2022,11/18/2023
"Paleface, The",Comedy,Harwilll Sprigings,Conny Daffey,Zoombeat,Libya,Haitian,6.7,9682784.61,95257.75,10/21/2015,7/26/2023
"Nanny, The",Drama|Thriller,Amalea Isoldi,Effie Gittins,Skyndu,Nigeria,Romanian,5.3,4907546.92,90094.66,4/9/2004,2/18/2024
Evil Remains (Trespassing),Horror|Thriller,Johnny Nanetti,Cole Isted,Brainbox,Dominican Republic,Uzbek,1.2,7965385.08,21624.9,4/23/2026,4/26/2022
"Clock, The",Adventure|Drama|Romance,Stefano Innot,Fina Zecchinelli,Browseblab,France,Kuanyama,6.4,4394551.77,79738.54,11/6/2024,12/21/2022
Donkey Punch,Horror|Thriller,Sydelle Ouldred,Cathleen Viollet,Zooveo,Brazil,Irish,5.4,3422689.84,43712.51,6/5/2014,4/2/2024
Karlsson on the Roof,Children,Vittoria Rolf,Vincents Limbert,Gigazoom,France,Faroese,0.4,4367956.89,10762.54,11/24/2007,5/16/2020
Raw Deal: A Question of Consent,Documentary,Wanids Tupp,Percy Gobat,Browsebug,Bangladesh,Aymara,6.1,9191878.47,47318.2,11/6/2021,3/31/2023
The Red Inn,Comedy|Crime,Charin Summerell,Marinna Showering,Riffpedia,Russia,Tahitian,7.2,5284003.99,19908.19,3/8/2010,12/26/2025
Still Alice,Drama,Berny Vockings,Nonna Capin,Mymm,Indonesia,Divehi,3.7,3746659.75,53158.72,11/3/2006,12/8/2025
"Study in Scarlet, A",Mystery|Thriller,Shalom Kenneway,Erhard Giacaponi,Rhynyx,Ukraine,Haitian,0.3,3483438.12,97359.47,11/1/2010,1/7/2020
"Task, The",Horror,Conan Lugton,Kirsteni Hugonnet,Agimba,Russia,Inupiaq,8.1,9884988.83,43357.8,4/8/2026,1/5/2023
"Man of My Life, The (L'homme de sa vie)",Drama,Normy McGeachie,Diane McInnery,Quire,Russia,Abkhazian,1.5,2987808.84,17906.26,3/30/2017,4/3/2025
"Green Butchers, The (Grønne slagtere, De)",Comedy|Crime|Drama|Romance,Marlow Bennen,Lewes Batter,Dabjam,Indonesia,Telugu,4.2,5147783.01,59209.99,2/20/2019,1/13/2022
Bedazzled,Comedy|Fantasy,Robinette Halifax,Odell Bettesworth,Wordtune,Yemen,Kashmiri,0.2,6658051.08,49639.82,8/31/2025,6/16/2020
Graceland,Crime|Drama|Thriller,Martynne Mulcahy,Bobbette O'Keaveny,Skipfire,Honduras,"Sotho, Southern",0.5,9737246.71,33325.78,9/27/2011,11/14/2025
My Big Fat Greek Wedding,Comedy|Romance,Filmer Theaker,Nancee Dockwray,Katz,Nigeria,Panjabi,8.4,2897843.78,90177.26,8/13/2007,12/6/2023
"Mahabharata, The",Action|Drama|War,Tani Izkovitch,Luelle Yesipov,Abatz,China,Northern Sami,4.7,2340815.18,96647.6,10/21/2009,12/19/2023
Not Safe for Work,Thriller,Charmain Annear,Gavrielle Overstone,Twiyo,Sri Lanka,Tahitian,4.8,5820588.65,40796.84,5/26/2007,6/25/2023
Sweet November,Drama,Matty O'Noulane,Ken Venart,Browsedrive,China,Bashkir,5.0,6299608.41,58414.86,5/27/2013,9/12/2021
Bones Brigade: An Autobiography,Documentary,Kelsey Edmenson,Jacquelynn Course,Thoughtsphere,China,Welsh,1.7,6572403.45,33590.34,8/29/2005,4/11/2020
Encore,Comedy|Drama,Silvia Egle of Germany,Adriana Amott,Twimm,Indonesia,Aymara,9.8,1397865.97,51082.05,10/5/2022,4/12/2023
Weekender,Drama,Forrester Pasque,Consuelo Willshee,Divape,Thailand,Dutch,1.3,2832381.59,77721.27,7/28/2023,6/1/2020
66 Scenes From America,Documentary,Flo Ginsie,Gilberte Downgate,Cogilith,Bahrain,Inuktitut,5.2,5657850.83,61013.22,1/14/2000,6/5/2021
Air Crew,Action|Drama|Thriller,Philomena Moro,Bayard Ravenscroftt,Voolith,Sweden,Polish,5.5,6919459.3,89930.33,4/9/2018,6/5/2021
Imaginary Crimes,Drama,Fraze Jelleman,Kenyon Madre,Oyondu,Tunisia,Cree,6.0,9285252.59,14256.44,11/18/2016,12/25/2020
Mrs. Soffel,Drama|Romance,Stacie Boxhill,Vern Owthwaite,Centimia,China,Bislama,8.6,1257630.66,39752.17,12/11/2017,7/15/2021
Under the Stars (Bajo las estrellas),Drama,Ulick Coon,Deva Seegar,Skyndu,Poland,Telugu,9.9,2730230.24,77636.77,10/14/2021,1/20/2026
Boom Town,Adventure|Drama|Romance,Hersh Hillan,Carl Sercombe,Ozu,Serbia,Tahitian,0.8,9366309.32,71435.84,6/20/2010,2/10/2026
Americano,Drama,Slade Lidbetter,Noe Kyberd,Divavu,Indonesia,Gujarati,4.8,719525.59,75710.78,10/13/2017,5/8/2024
It's a Disaster,Comedy|Drama,Eleanore Gregorowicz,Analiese Ingleby,Zoombeat,Thailand,Chamorro,9.7,7524452.62,14500.27,8/10/2017,4/27/2022
Believe Me,Comedy|Drama,Burke Braunthal,Delaney Sperling,Kazio,Finland,Slovenian,8.4,2863522.64,38806.78,11/8/2015,1/7/2020
Come Have Coffee with Us,Comedy,Sharai Chettoe,Brigida Rooke,Mudo,Uzbekistan,Occitan (post 1500),1.2,6345377.14,97220.09,8/8/2025,11/1/2022
"Undefeated, The",Documentary,Alon Huguet,Sioux Retchless,Vinder,France,Ido,9.5,7401368.72,17426.45,12/23/2014,5/9/2022
"Girl by the Lake, The (La ragazza del lago)",Drama|Mystery|Thriller,Fara Heading,Ranique Alvarado,Buzzdog,Ukraine,Inuktitut,2.5,9167485.54,63963.25,3/9/2005,8/15/2025
Bridesmaids,Comedy,Alair Skoughman,Stanleigh Jorry,Quimba,Poland,Guarani,0.6,5613647.97,74327.81,5/25/2006,9/25/2021
Criss Cross,Crime|Drama|Film-Noir,Hal Stuke,Thoma Dorricott,Thoughtworks,China,"Ndebele, South",0.9,3185583.18,61076.87,2/24/2004,8/7/2021
Hum Tum,Comedy|Drama|Musical|Romance,Valaree Bosman,Simone Potteril,Kimia,Brazil,Finnish,5.8,693154.25,25465.09,9/5/2022,1/14/2025
"Paradise, Hawaiian Style",Comedy|Musical,Ronald Grimm,Boniface Lovering,Jabbercube,Russia,Fijian,0.6,6108607.91,66359.48,12/20/2001,3/26/2026
"Trap, The (Klopka)",Crime|Drama|Thriller,Kerwin Miliffe,Aura D'Ambrosio,Thoughtblab,Russia,Cornish,2.7,237485.45,38857.02,5/11/2011,4/13/2020
Lavatory Lovestory (Ubornaya istoriya - lyubovnaya istoriya),Animation,Hube Blaw,Milka Robun,Kazu,China,Dzongkha,6.8,3824716.71,41675.99,3/19/2001,5/3/2021
Village of the Damned,Horror|Sci-Fi,Kliment O'Dunneen,Odo Taffrey,Twimm,Poland,Rundi,9.1,8761841.29,78627.35,9/24/2009,3/17/2024
"Wrong Man, The",Drama|Film-Noir|Thriller,Berky Prine,Imelda Dunsire,Trunyx,China,Lingala,8.0,5524725.74,96246.61,11/30/2011,8/30/2024
Tall in the Saddle,Mystery|Romance|Western,Cristen Crocumbe,Rycca Inggall,Zoomcast,China,Bambara,0.4,4477970.83,31929.14,11/6/2008,4/25/2026
"Trouble at Timpetill (Enfants de Timpelbach, Les)",Adventure|Children|Fantasy,Kalindi Shillabeare,Vannie Janous,Thoughtbridge,Russia,Tatar,6.6,3524006.23,44169.28,8/26/2005,3/20/2025
Affliction,Drama,Herminia Phillott,Andriana Cancellario,Jabberbean,Brazil,Belarusian,1.9,2910785.46,57370.05,6/22/2018,11/5/2024
Smile,Comedy,Jdavie Hubbert,West Dodwell,Cogibox,Germany,Sichuan Yi,5.9,6247452.86,69976.99,4/21/2009,2/7/2023
Captives,Crime|Drama|Romance|Thriller,Bartholomeus Kleinmann,Alexandra Bernhardsson,Roombo,Portugal,Hiri Motu,9.9,645566.56,36433.51,6/27/2008,12/13/2024
"New World, The",Adventure|Drama|Romance,Marleah Eagell,Mead Skase,Twitterlist,Palestinian Territory,Cornish,7.8,4377482.08,78808.13,9/22/2016,11/24/2021
Dirty Rotten Scoundrels,Comedy,Ilse Kidds,Helaine Sawbridge,Kwinu,Brazil,Hindi,6.6,718313.21,45171.84,2/22/2014,11/18/2022
Five Card Stud (a.k.a. 5 Card Stud),Mystery|Western,Glyn Anfosso,Doti Younglove,Edgeblab,France,Amharic,5.6,2287725.53,20128.79,1/7/2016,3/6/2026
"Busher, The",Comedy|Drama,Toinette Drust,Joelie Rostern,Fadeo,Germany,Zulu,8.9,406955.92,51112.8,11/10/2024,12/10/2023
Quicksand,Crime|Drama|Thriller,Beth Healey,Alyss Tagg,Avamm,Argentina,Sardinian,1.0,7896137.07,92494.79,2/9/2006,10/4/2022
"Noah's Arc Principle, The (Arche Noah Prinzip, Das)",Sci-Fi,Solomon Orsman,Alyda MacAllister,Kwilith,Jamaica,Interlingue,4.6,9758701.9,50065.43,11/13/2019,4/16/2024
My Little Chickadee,Comedy|Western,Fidelio Bramall,Saudra Parkins,Skimia,Greece,Belarusian,7.8,9324659.29,74420.91,9/22/2020,12/8/2023
Won't Anybody Listen?,Documentary,Godard Clyne,Lorelei Cashell,Bubblemix,Gambia,Kurdish,1.4,1487305.76,67301.03,6/28/2003,7/9/2024
"Turn of the Screw, The",Drama|Horror|Mystery,Katerine Humphrey,Hatti Capelen,Zoombeat,Russia,Ossetian,1.4,5019832.22,16236.57,7/30/2006,6/26/2023
Che: Part One,Drama|War,Lyndsay Bolens,Ema Swalough,Youtags,Canada,Galician,1.7,1723617.87,56889.14,3/14/2012,2/3/2026
Hot Millions,Comedy|Crime,Abie Aireton,Sigismund McGaugan,Topicware,Indonesia,Abkhazian,3.4,9482159.24,46171.87,8/8/2013,12/19/2024
They Were Expendable,Drama|War,Joellen Geerits,Tate Goodger,Eabox,Indonesia,Komi,1.4,1760173.87,51667.64,10/19/2024,3/13/2026
Why Not? (Eijanaika),Drama,Jacklin Flockhart,Sergei Lazonby,Oloo,China,Kirghiz,4.1,4020099.79,28307.62,7/19/2021,8/5/2020
Bloody Murder 2: Closing Camp,Drama|Horror|Mystery|Thriller,Reba Skelcher,Shoshana Pashbee,Avaveo,Indonesia,Burmese,5.1,6126188.74,39950.23,3/1/2022,1/8/2024
Werewolf of London,Drama|Fantasy|Horror|Sci-Fi,Xaviera Dawney,Jaime Aymes,Demizz,China,Sardinian,3.5,4588845.58,22151.05,1/3/2002,10/4/2021
"Soul of a Man, The",Documentary|Musical,Timothy Celli,Cleveland Abelwhite,Brightbean,Gambia,Guarani,3.5,5322697.2,17432.92,3/9/2012,1/23/2023
Magic Mike,Drama|Romance,Kristofer Scheffler,Hersch Fuente,Gabcube,China,Central Khmer,2.8,9152553.29,14372.24,9/21/2003,9/16/2020
Jennifer's Body,Comedy|Horror|Sci-Fi|Thriller,Peder Hurworth,Viviana Kiehnlt,Viva,China,Sindhi,2.4,3761184.9,50603.71,3/14/2024,7/14/2023
G.I. Joe: The Revenge of Cobra,Action|Animation,Tanney Verson,Gretchen Gamlen,Linklinks,Brazil,Church Slavic,4.3,4813683.72,27524.95,12/22/2017,12/19/2022
Children Underground,Documentary,Giana Laterza,Judi Corsham,Flipopia,Armenia,Korean,4.7,1185611.71,81240.47,8/26/2013,9/12/2020
"Have Dreams, Will Travel",Drama|Romance,Kyrstin Barbery,Rick Hackford,Shufflebeat,Philippines,Hiri Motu,7.0,7423371.21,46981.91,1/15/2020,1/9/2025
Golden Earrings,Adventure|Romance|War,Rosco Stedall,Vernice Cordel,Trudoo,Kosovo,Basque,6.5,2653560.18,37871.83,7/1/2017,10/27/2024
Casque d'or,Crime|Drama|Romance,Jeffie Sinclair,Waldon McEllen,Divape,Colombia,Luba-Katanga,9.5,3070432.86,49376.55,2/20/2010,12/20/2022
Who Is Harry Nilsson (And Why Is Everybody Talkin' About Him?),Documentary,Cyrill Tallant,Abbey Patrie,Rhynoodle,Egypt,Tajik,9.6,6513568.55,50939.08,10/15/2018,12/19/2021
All American Orgy (Cummings Farm),Comedy,Tessa Betke,Bel Burrows,Dabshots,Zambia,Gujarati,5.2,9093013.06,29384.27,6/15/2022,5/18/2025
Special When Lit,Documentary,Taryn Bambrugh,Bernie Demsey,Topiczoom,Poland,Walloon,8.5,6252425.63,46772.63,4/23/2024,11/3/2022
Queen Sized,Comedy|Drama,Lynde Leathers,Joline Rickersey,Demimbu,Brazil,Kannada,5.9,9146318.87,71486.73,2/20/2009,6/25/2021
Coming Home,Drama|War,Garik Leddie,Greta Loving,Quaxo,Georgia,Maori,8.0,7328187.72,26704.55,3/7/2006,11/15/2024
Meltdown: Days of Destruction,Action|Sci-Fi|Thriller,Dawna Buttrey,Armin Scamwell,Fivebridge,Poland,Swahili,3.8,5879591.87,85184.74,11/16/2001,1/16/2022
"Crusades, The",Adventure|Drama|War,Darell Fairchild,Evangeline Spellworth,Thoughtbridge,China,Avestan,5.7,6203607.77,17007.2,4/10/2018,9/13/2021
New Waterford Girl,Comedy,Reeta Burchfield,Reggy Glashby,Zoomdog,Serbia,Burmese,1.1,2546552.63,79224.52,12/22/2010,8/24/2024
Badman's Territory,Action|Drama|Western,Kelly Imesson,Barbee Skirven,Shufflester,Russia,Zulu,5.7,7327762.88,86225.54,3/2/2015,6/15/2023
"Perfect Crime, The (Crimen Ferpecto) (Ferpect Crime)",Comedy|Crime|Thriller,Martie Abramski,Jolee Salkild,Quinu,Serbia,Lingala,4.8,2977150.8,31291.9,3/15/2004,12/4/2021
ParaNorman,Adventure|Animation|Comedy,Gypsy Haveline,Kyle Timpany,Youtags,Portugal,Venda,9.6,2170041.69,85960.25,10/8/2014,10/13/2022
Beneath,Horror,Koral Whall,Margaretta Nickoll,Jetpulse,China,Breton,2.6,8506202.97,38911.29,1/12/2015,1/4/2021
Rancho Notorious,Drama|Western,Curcio Pressey,Brina De Benedetti,Roombo,China,Estonian,1.4,8392679.67,46183.15,2/8/2005,6/25/2023
Jean Gentil,Drama,Nanny Sisson,Cissiee Dyers,Realpoint,Russia,Marshallese,1.8,6098562.91,44613.99,3/13/2019,6/13/2022
"Judge, The",Drama,Lolita Freddi,Guenevere Milson,Blogpad,Thailand,Quechua,3.6,6124954.68,97248.65,9/10/2009,11/4/2023
Love Happy,Comedy,Anica Heineken,Vally Woltering,Brightbean,Nigeria,Luxembourgish,0.9,5924347.51,90545.24,12/9/2024,8/30/2021
King Kong Lives,Adventure|Sci-Fi,Lara Shrieves,Murdoch Easterbrook,Zooveo,Honduras,Slovak,4.0,9395088.11,20970.38,2/24/2023,8/24/2023
Poolboy: Drowning Out the Fury,Comedy,Bil Postin,Ulick Bhar,Quire,Ukraine,Xhosa,2.8,9599071.18,55683.66,12/17/2019,8/9/2022
Lost Highway,Crime|Drama|Fantasy|Film-Noir|Mystery|Romance,Yale Mc Faul,Lanie Dibling,Innojam,Czech Republic,Zulu,1.4,8450992.21,18417.01,2/15/2000,1/7/2023
"Muse, The",Comedy,Daloris Lorenzetti,Catina Boutell,Quimba,South Korea,Haitian,3.5,402456.94,28924.53,12/28/2021,4/23/2020
Jesus liebt mich,Comedy,Modestine Beange,Jessica Aguirre,Jabbersphere,Mexico,Divehi,2.1,1444650.09,77120.34,3/26/2026,2/24/2024
"Day the Fish Came Out, The",Comedy|Sci-Fi,Alwyn Folcarelli,Sherline Kitchenham,Jabberbean,China,Persian,1.8,8243963.56,26538.47,3/1/2004,9/14/2022
Corto Maltese: Under the Sign of Capricorn (Sous le signe du capricorne),Animation|Drama|Romance|War,Mellisent Salkeld,Abramo Jobern,Avavee,Morocco,Avaric,9.4,2419938.46,58657.39,7/2/2009,9/20/2024
Paranoid Park,Crime|Drama,Hamlin Phalp,Letti Esel,Zoonoodle,China,Hausa,1.8,8109503.09,83814.76,6/27/2000,11/15/2021
Tune in Tomorrow...,Comedy|Romance,Alfi Polson,Rivy Victoria,Gabtune,Sweden,Hiri Motu,6.0,2765393.58,59363.33,10/26/2020,12/11/2022
On Top of the Whale (Het dak van de Walvis),Fantasy,Farr McKibbin,Guss Lafayette,Oloo,China,Arabic,8.3,9915593.99,26177.84,11/22/2005,3/28/2023
Hud,Drama|Western,Cole Burke,Napoleon Laimable,Blogtag,Japan,Czech,0.2,7429358.76,23552.33,9/4/2014,9/2/2023
Hercules in New York,Action|Comedy|Fantasy,Miran Fannin,Sherye Aubrun,Browsecat,Laos,Telugu,7.1,9721102.49,37550.71,10/5/2007,4/29/2021
Nine Lives,Drama,Gage Allmark,Cordelia Devennie,Tambee,China,Sichuan Yi,8.4,6923904.22,23195.22,9/21/2014,5/30/2021
A Phantasy,Animation,Claudine Boocock,Robbie McGloughlin,Abatz,Russia,Malagasy,8.8,6757880.42,91874.72,1/17/2006,10/8/2020
Christiane F. (a.k.a. We Children from Bahnhof Zoo) (Christiane F. - Wir Kinder vom Bahnhof Zoo),Drama,Dania Lace,Tallulah Johnstone,Demivee,Thailand,Dzongkha,2.8,2394063.22,69559.36,1/9/2020,1/16/2023
Carlito's Way,Crime|Drama,Bondie Corpe,Fernande Behnecken,BlogXS,Serbia,Fijian,3.5,3057889.73,75244.36,2/15/2015,8/13/2025
"Negotiator, The",Action|Crime|Drama|Mystery|Thriller,Adrienne Alliker,Hally Succamore,Tanoodle,South Korea,Hindi,0.6,872687.74,22758.04,12/25/2001,10/25/2020
Dorian Blues,Comedy,Berny Jencey,Dodie Doumer,Zava,Afghanistan,Church Slavic,1.7,1785189.58,16343.01,1/21/2002,11/22/2021
Live Music,Animation,Mab Greswell,Raine Beentjes,Quamba,Philippines,Bislama,8.7,3736899.23,32480.89,3/25/2019,7/26/2023
Pawn,Crime|Thriller,Kylie Sinott,Ermina Tolomelli,Dynazzy,Tunisia,Swahili,1.5,8080594.61,26413.61,5/26/2015,9/10/2022
"Rules of Attraction, The",Comedy|Drama|Romance|Thriller,Harmonie Edgars,Burton Tayloe,Quatz,Yemen,Zulu,1.4,7041682.01,57886.1,7/15/2005,8/1/2022
"Dispatch from Reuter's, A",Drama,Oates Carratt,Tristam Rois,Dablist,China,French,5.8,3548105.76,91868.39,8/9/2015,4/12/2020
Let's Talk About Sex,Drama,Renault Folomkin,Seymour Swire,Rhybox,Czech Republic,Romansh,8.4,5040460.29,36201.42,12/17/2002,5/9/2020
Space Station 76,Comedy|Drama|Sci-Fi,Sidonia Bandey,Ken Hardistry,Buzzbean,Mongolia,Hungarian,6.3,5677583.67,63505.23,9/16/2016,11/17/2022
May,Drama|Horror,Alfie Kinder,Arturo Wimp,Bubbletube,Cuba,Indonesian,0.8,2656663.09,42444.05,4/30/2022,2/24/2020
Blood and Sand,Drama,Sherlock Braybrooks,Ann McKenny,Yombu,Russia,Samoan,8.2,660659.29,10257.77,8/9/2004,2/28/2022
Sexmission (Seksmisja),Adventure|Comedy|Sci-Fi,Cleo Sugar,Cleo Yurivtsev,Gabtune,China,Lingala,3.4,3021456.85,93026.88,7/29/2023,4/5/2021
"I Love You, Beth Cooper",Comedy|Romance,Lissi Barribal,Fabio Walding,Leexo,Germany,Icelandic,4.8,2155231.61,51995.01,9/19/2004,4/9/2026
"Heartbreak Kid, The",Comedy|Drama|Romance,Ashlie Mariolle,Barclay Girling,Tagcat,Russia,Chechen,6.3,1431345.03,86339.08,2/27/2012,2/23/2020
Suicide Club (Jisatsu saakuru),Horror|Mystery|Thriller,Fayre Udell,Mitzi Dwane,Realmix,Poland,Latin,7.2,7049700.94,74586.23,7/24/2017,12/17/2022
Almost Heroes,Adventure|Comedy|Western,Franchot Spaldin,Rafael Radbone,Fiveclub,Libya,Ganda,5.9,2660654.84,55291.55,9/22/2008,12/25/2025
Fantomas Unleashed,Adventure|Comedy|Crime|Fantasy,Yehudit Wylie,Oralee Orrill,Realbuzz,China,Latin,4.2,273119.27,61604.96,12/24/2006,4/25/2020
"Doll's House, A",Drama,Giraldo Ladley,Johannes Moriarty,Thoughtbridge,Brazil,Oromo,3.5,8655710.64,41807.15,10/4/2019,9/11/2024
Titanic,Action|Drama|Romance,Andras Worts,Mandy Southon,Twinder,Ireland,Kazakh,5.5,4835148.87,85468.63,8/11/2004,10/22/2021
Cemetery Man (Dellamorte Dellamore),Horror,Hasty Barnfield,Charla Faulkner,Edgeblab,Philippines,Ewe,2.9,7132458.24,73662.75,9/24/2025,4/13/2020
Earth vs. The Spider,Horror,Lois Barnicott,Robinson Dinan,Camimbo,Botswana,Marshallese,7.6,5336673.64,32471.58,1/16/2026,7/6/2022
Hatchet II,Comedy|Horror|Thriller,Curry Magarrell,Haleigh Nottingam,Jetwire,Indonesia,Mongolian,1.2,3542318.68,38486.97,2/16/2013,2/24/2020
"Happy Time, The",Comedy,Valentine Gunn,Brocky Soppit,Thoughtbeat,Indonesia,Kikuyu,0.0,1464345.3,23058.15,8/25/2021,10/30/2020
Burn,Documentary,Jacquie Crowley,Ahmad Kirimaa,Fivebridge,Mexico,Guarani,8.7,7183662.6,14017.0,9/19/2010,7/3/2025
Just Ask My Children,Drama,Igor Firebrace,Rodi Creaney,Zooxo,Indonesia,Tahitian,0.1,169852.4,34781.97,6/2/2008,1/23/2020
Spread,Drama|Romance,Brier Birtles,Lenard Powley,Muxo,China,Afrikaans,3.6,3114084.69,37711.11,12/20/2023,7/27/2021
"Dolly Sisters, The",Drama|Musical|Romance,Kalie Seebright,Amara Horsey,Leenti,Russia,Finnish,4.0,6747507.32,55823.26,9/21/2005,9/10/2025
Alvarez Kelly,Western,Yoko Clemente,Tiebold Cudby,Thoughtbeat,Bolivia,Kirghiz,0.2,8602174.46,75083.05,12/29/2022,8/28/2025
Senseless,Comedy,Oby Napthine,Kassey Overstreet,Thoughtbridge,Poland,Chuvash,9.0,6826681.91,51070.17,11/30/2006,2/17/2021
"Street Fighter, The (Gekitotsu! Satsujin ken)",Action,Dione Camp,Noelani Fishbourn,Linktype,Nigeria,Assamese,2.4,4079531.98,93312.47,3/3/2000,7/10/2023
"Cow, The (Gaav)",Drama,Moses Cornillot,Griffie Lacelett,Blogpad,China,Dutch,7.5,6433860.81,87942.82,4/23/2017,3/6/2026
Cabaret Balkan (Bure Baruta),Drama,Keefe Stanyan,Dody Drennan,Skynoodle,Russia,Arabic,2.2,5527200.45,40605.21,7/26/2007,4/17/2023
Vacancy 2: The First Cut,Horror|Thriller,Radcliffe Letertre,Eadie Aleksankin,Lazz,Colombia,Nepali,6.0,6391807.69,67398.85,2/8/2026,11/18/2022
Every Stewardess Goes to Heaven (Todas las azafatas van al cielo),Drama|Romance,Eada Lampe,Micheline Tullot,Lajo,China,Esperanto,4.1,3001600.19,15979.39,5/7/2020,3/20/2023
"Doctor Takes a Wife, The",Comedy,Silvain Leathem,Marylin Repp,Kayveo,France,Samoan,9.2,324914.9,24248.17,11/9/2008,2/19/2021
"Adventures of Picasso, The (Picassos äventyr)",Comedy,Wood Sherbourne,Dukie Cundy,Meeveo,Philippines,Hindi,3.6,2798677.69,37459.32,8/11/2012,2/9/2025
Walker,Adventure|Drama|War|Western,Siana Thake,Harmonie Winch,Shuffletag,China,Sango,5.9,1150467.27,90947.29,4/9/2006,12/13/2021
Orphans,Comedy|Drama,Brandi Blacksland,Erena Toman,Jaxworks,Canada,Oromo,7.5,5594634.17,43495.52,4/4/2021,1/28/2023
Days and Clouds (Giorni e nuvole),Drama,Rem Bonallack,Filippa Ceccoli,Trudoo,Azerbaijan,Croatian,5.3,4876421.7,31379.43,4/22/2002,11/21/2020
Kummelin jackpot,Comedy,Ephrem Rhucroft,Ulises Adamek,Devify,Nigeria,Galician,7.7,3273902.72,45382.6,12/20/2015,6/20/2024
Street Trash,Comedy|Horror,Gideon Skade,Tybi Rizzi,Tazz,Brazil,Kurdish,7.7,1518603.67,32615.93,10/26/2005,3/1/2022
Ants in the Pants,Comedy|Romance,Karyn Spearman,Fredericka Bedells,LiveZ,Brazil,Haitian,9.1,9754132.54,79425.75,4/19/2017,4/20/2020
Little Lord Fauntleroy,Children|Drama|Romance,Meredithe Crowcroft,Elmore Yielding,Photobean,Poland,Church Slavic,1.7,1300031.57,18604.77,4/18/2010,6/15/2020
Wholly Moses,Comedy,Vilhelmina Duffree,Jermain Elcom,Voomm,China,Tonga (Tonga Islands),3.7,891610.9,53136.54,10/4/2009,1/2/2023
Robin-B-Hood (Bo bui gai wak),Action|Comedy|Drama,Karlan Deaconson,Keeley Gensavage,Wikivu,China,Swati,7.1,190433.93,93976.29,7/3/2002,2/21/2023
"Stockholm, Pennsylvania",Drama|Thriller,Sena Bundy,Moore Hencke,Voomm,Germany,Hindi,7.2,925395.89,45906.48,1/25/2015,4/5/2022
Concrete Night (Betoniyö),Drama,Liuka Wigsell,Elmira Farnfield,Yombu,Poland,Turkish,6.7,2394887.42,44248.6,6/30/2020,10/16/2022
I Became a Criminal (They Made Me a Fugitive),Crime|Drama|Film-Noir,Jessey Francesco,Harcourt Arnett,Trupe,Brazil,Basque,7.0,3943491.63,67243.24,12/16/2000,1/14/2023
"Princess and the Warrior, The (Krieger und die Kaiserin, Der)",Drama|Romance,Jethro Cornelleau,Vera Eva,Divanoodle,Ivory Coast,Pali,7.0,9483128.42,12774.08,2/12/2021,8/17/2022
Things to Do in Denver When You're Dead,Crime|Drama|Romance,Hastie Codeman,Paolo Le Galle,Devcast,Morocco,Thai,4.0,5624085.89,33794.77,1/11/2007,7/30/2022
Ashes and Diamonds (Popiól i diament),Drama|War,Shoshana Flahy,Karel Dene,Gigazoom,China,Nepali,3.9,4215275.04,70211.39,9/30/2007,11/25/2024
Dad,Drama,Farand Meltetal,Willette Jewar,Quatz,China,Estonian,8.5,3987759.86,15795.49,9/18/2004,12/23/2025
Going My Way,Comedy|Drama|Musical,Ki Outlaw,Bab Foakes,Abatz,China,Norwegian Nynorsk,1.2,2782609.91,79878.22,4/25/2008,7/16/2020
Winter Sleepers (Winterschläfer),Drama|Romance,Korie Sperwell,Kiele McChesney,Thoughtstorm,Indonesia,Northern Sami,6.5,4871655.1,93196.44,6/17/2008,4/15/2020
"Secret World of Arrietty, The (Kari-gurashi no Arietti)",Animation|Children|Fantasy,Lyndel Hulles,Shena Cuchey,Pixope,China,Chuvash,6.1,9751469.38,63948.3,5/6/2011,2/12/2026
"Cruel Romance, A (Zhestokij Romans)",Drama|Romance,Klarika Braunroth,Dominic McIlroy,Trilith,Comoros,Tigrinya,9.8,2994738.44,20269.37,6/14/2012,6/1/2020
Just Like Me (Igualita a Mi),Comedy|Romance,Agosto de la Valette Parisot,Tabby Murrell,Wordware,Philippines,Oromo,4.3,1878144.03,15375.7,8/2/2021,6/18/2023
Man's Favorite Sport?,Comedy,Eartha Hinstridge,Odele Silbermann,Pixonyx,Brazil,Norwegian Nynorsk,3.7,7805473.64,20397.95,6/18/2000,11/4/2025
Prinsessa (Starring Maja),Drama,Hagan Salleir,My Rugg,Tagchat,Indonesia,Chamorro,4.9,9857293.3,76950.7,11/18/2009,5/19/2021
Ice Poison,(no genres listed),Godwin Creegan,Merridie Tremollet,Bubbletube,Indonesia,Hungarian,1.4,2552347.75,21380.8,6/17/2023,4/5/2020
Che: Part Two,Drama|War,Farley Antonomoli,Sayers Carillo,Buzzbean,United States,Akan,8.2,8220380.45,70976.91,10/20/2015,9/1/2024
Mayor of the Sunset Strip,Documentary,Huey Gleave,Florencia Slocket,Browsetype,Norway,Northern Sami,4.2,9208149.63,64965.33,6/24/2022,6/4/2020
Fern flowers (Fleur de fougère),Animation,Olivero Seely,Fern Rosentholer,Brainverse,Honduras,Haitian,1.8,377832.58,13943.01,4/10/2002,10/27/2024
"Goodnight, Mister Tom",Drama,Mandel Tattersdill,Conant Lukesch,InnoZ,China,Limburgan,4.8,3167193.3,30791.62,1/30/2013,6/20/2022
Just 4 Kicks,Children,Yardley Rousell,Ardene Powe,Jaxbean,Philippines,"Ndebele, North",5.3,8316749.57,74942.45,5/20/2018,2/4/2023
Fantomas,Adventure|Comedy|Crime|Fantasy,Manda Arstall,Ciel Beauchop,Feedspan,Poland,Welsh,3.8,3813438.07,13995.64,8/9/2004,12/5/2021
Emma,Comedy|Drama|Romance,Rollie Seckom,Kalil Bramah,Twiyo,South Korea,Hausa,1.6,9909300.94,97025.66,10/21/2011,3/11/2021
Sweet Hearts Dance,Drama,Sella Halpin,Kelvin Igoe,Agimba,Philippines,Japanese,6.9,1379189.59,77076.13,6/24/2024,7/17/2023
Slipstream,Comedy|Drama|Fantasy|Mystery|Sci-Fi|Thriller,Brew Goundry,Giorgi Kitchenham,Avaveo,China,Serbian,3.7,3271301.32,82238.51,6/14/2007,10/25/2021
"Joyless Street, The (Die freudlose Gasse)",Drama,Garrett Peddar,Mycah Errington,Aimbu,Thailand,Northern Sami,6.4,5423803.86,99168.59,12/12/2000,10/19/2022
Cherry Falls,Comedy|Horror|Mystery,Michail Coverlyn,Shellie Britton,Dabfeed,Finland,Ossetian,2.9,9551981.2,50577.21,11/18/2009,5/22/2020
The Plague of the Zombies,Horror,Dyanna Bridgwood,Gianna Da Costa,Brightdog,Brazil,Interlingue,9.0,3436422.9,29216.15,3/6/2008,2/12/2024
The Taking of Deborah Logan,Horror|Thriller,Franciskus Gilsthorpe,Rem Yeats,Gabvine,Faroe Islands,Ewe,8.9,3077348.58,63605.99,9/20/2015,3/29/2024
Orgazmo,Comedy,Stinky Clynmans,Ernaline Baudi,Jabberbean,Kazakhstan,Sango,8.1,6514423.17,61062.06,10/14/2013,11/8/2021
Healing,Drama,Talyah Larkin,Arlene Bozier,Vimbo,Czech Republic,Maori,2.4,4279390.08,63288.18,12/30/2004,10/23/2024
They Won't Forget,Drama|Mystery,Rand Madill,Ailee Mordin,Oyondu,Russia,Marshallese,1.7,8845639.06,13511.01,12/14/2011,5/9/2021
Kurt Cobain About a Son,Documentary|Musical,Berne Berrisford,Marleen Anthill,Photolist,Indonesia,Malay,7.1,7013789.83,40022.54,10/6/2002,4/4/2026
Scream of Stone (Cerro Torre: Schrei aus Stein),Drama,Selle Tidball,Marji Beevors,Flipbug,Russia,Abkhazian,7.0,9258525.72,23779.73,12/5/2013,3/14/2023
Flame and Women (Honô to onna) ,Drama,Salomon Downey,Tabbatha Corson,Buzzdog,Indonesia,Amharic,7.9,6172799.9,82725.81,11/16/2016,12/31/2024
New Fist of Fury (Xin jing wu men),Action|Drama,Tanny Egar,Tammy Swains,Rhynoodle,Vietnam,Fulah,8.2,556373.43,30285.3,1/17/2013,11/12/2023
After Office Hours,Comedy|Crime|Drama,Rowan Dolan,Jeanelle Lackner,Oyoloo,France,Chuvash,3.6,7193850.35,46876.86,3/13/2026,5/10/2022
"Flame and the Arrow, The",Action|Adventure|Romance,Cornie Follet,Mart Anselmi,Bubblebox,Indonesia,Albanian,8.8,6157083.14,34022.23,3/12/2023,11/10/2024
Genevieve,Comedy,Constance Pretor,Ellene Cicullo,Jaxspan,China,Hungarian,2.9,648864.65,54758.83,8/20/2018,2/24/2025
Song of the South,Adventure|Animation|Children|Musical,Reid Fawdrie,Kevan Culligan,Fivespan,Russia,Inuktitut,3.7,4862593.09,46546.21,4/27/2009,10/4/2021
The Six Million Dollar Man,Adventure|Sci-Fi,Woodman Isakov,Alena Broe,Quatz,China,Lithuanian,9.9,8365568.77,71292.34,11/23/2019,7/4/2022
"Brothers McMullen, The",Comedy,Hobey Deadman,Nelson Stebbing,Skibox,Nigeria,Tibetan,6.4,1246243.32,94998.64,2/13/2017,6/10/2021
Ernest Saves Christmas,Children|Comedy,Moise Farquarson,Ambrosi Cullerne,Livetube,Indonesia,Herero,5.0,8012495.59,55972.53,8/21/2007,2/22/2023
Don't Deliver Us from Evil (Mais ne nous délivrez pas du mal),Drama|Horror,Neda De Domenici,Robby Slogrove,Babbleblab,Japan,Shona,5.3,113165.55,10839.82,4/9/2021,1/2/2024
The Lunchbox,Drama|Romance,Joleen McCay,Katharyn Forre,Edgeify,China,Tamil,4.7,9496845.6,66523.61,4/15/2021,1/21/2022
"Lookout, The",Crime|Drama|Thriller,Fawn Gribbins,Kristin Cherrington,Centizu,Israel,Macedonian,8.3,3537688.8,39831.12,10/17/2009,8/11/2020
Beyond the Mat,Documentary,Nonah Trewhela,Lena Fawcett,Browsebug,Poland,Romanian,2.9,6256388.34,89340.24,2/23/2012,2/6/2024
Blackhat,Action|Crime|Drama|Mystery|Thriller,Clem Weightman,Danika Cuff,Wikido,China,Yiddish,4.0,5116555.76,64426.73,5/13/2024,3/17/2024
Bad Guy (Nabbeun namja),Drama,Guss Teather,Gaston Rymour,Skalith,Russia,Slovak,3.1,1582798.89,14992.29,1/5/2018,9/17/2022
Games of Love and Chance (L'esquive),Drama|Romance,Casandra Gooly,Griselda Rowsel,Yakidoo,China,Serbian,9.7,3605650.03,90932.31,4/3/2015,5/22/2025
"Intruder, The (L'intrus)",Drama,Latrina Maffey,Cleopatra Jerzyk,Quinu,Portugal,Ndonga,5.1,1293120.48,86952.7,10/4/2000,4/25/2021
Harvard Beats Yale 29-29,Documentary,Michel Bohea,Homere Coppeard,Ooba,China,Italian,8.1,8455768.15,67149.31,10/16/2017,4/3/2025
"Tempest, The",Drama,Emile Overthrow,Benedetto Minors,Jaloo,Poland,Korean,3.4,281495.51,85046.34,4/17/2018,7/5/2021
Born Romantic,Comedy|Drama|Romance,Michal Barnsdale,Karlene McGuane,Trudoo,United States,Volapük,4.3,8727980.24,97981.87,9/16/2006,1/14/2023
Min and Bill,Comedy|Drama,Elayne Yearne,Calhoun Semeniuk,Gigazoom,Morocco,Thai,8.3,2315915.17,80307.24,9/8/2015,11/2/2022
Habana Blues,Drama|Musical,Ivor Jenman,Enoch Guterson,Topiczoom,China,Burmese,6.3,1926203.05,18840.19,11/20/2020,5/10/2023
"West Point Story, The",Comedy|Musical,Ivie Gutsell,Augustus Deek,Fivespan,Brazil,Telugu,2.2,4313484.37,23313.52,4/27/2020,3/8/2025
For No Good Reason,Documentary,Lenna Barrows,Bethina Cumbers,Lazzy,China,Interlingue,7.5,2135943.18,96192.85,5/18/2001,1/18/2024
"Pool, The",Comedy|Drama,Andriana Killick,Norrie Waylett,Pixonyx,Honduras,Zulu,7.8,5031434.67,91020.85,12/2/2024,9/12/2020
"Legend of Hercules, The",Action|Adventure,Roth Ribou,Sissy Schankel,Yodo,Ukraine,Esperanto,7.0,4200576.93,45530.73,3/23/2011,2/1/2023
"Last Days on Mars, The",Horror|Sci-Fi,Ginger Presnall,Danit Speerman,Babbleblab,Indonesia,Corsican,5.6,6438467.23,10834.14,10/17/2023,1/18/2021
Wild Is the Wind,Drama,Robinet Seeler,Leelah Houtbie,Eayo,Indonesia,Quechua,2.9,3790140.32,71635.05,1/14/2009,12/17/2021
"Land Girls, The",Drama|War,Daphne Bamford,Gil MacCartney,Vipe,Indonesia,Irish,7.6,8315425.35,76736.57,4/2/2003,5/24/2020
Linda Linda Linda,Comedy|Drama,Nona Wallis,Cristionna Lorentzen,Kazu,North Korea,Ukrainian,7.5,1956885.46,93875.07,12/14/2017,2/22/2024
"Protector, The (a.k.a. Warrior King) (Tom yum goong)",Action|Comedy|Crime|Thriller,Oralle Wimsett,Jermain Eastman,Cogibox,China,Telugu,1.8,2383882.36,64422.24,11/22/2024,10/10/2022
"Monk and the Fish, The (Le moine et le poisson)",Animation|Musical,Cody McKern,Anneliese Brazener,Katz,China,Chinese,0.8,5277946.92,21373.66,12/9/2008,10/9/2021
Jonah Who Will Be 25 in the Year 2000 (Jonas qui aura 25 ans en l'an 2000),Comedy,Hester Teffrey,Luther Middler,Yadel,Russia,Malayalam,7.0,4724383.84,91979.08,6/1/2023,6/10/2021
He Got Game,Drama,Renie Grummitt,Saudra Macon,Blognation,China,Chuvash,2.3,8728381.94,30810.76,10/4/2015,4/10/2020
Weekender,Drama,Vikki Tuiller,Lucilia Sein,Snaptags,Armenia,Walloon,9.5,8509788.16,45927.9,8/26/2013,2/3/2020
I aionia epistrofi tou Antoni Paraskeva,Drama,Vivienne Beckenham,Benito McKimm,Fivechat,Russia,Bislama,5.9,3407775.08,39999.59,9/11/2015,10/3/2021
Tell It to the Marines,Comedy|Drama|Romance|War,Mersey Bear,Halimeda Prator,Roodel,Panama,Kannada,8.2,2108858.03,57190.85,3/12/2015,7/18/2024
Genevieve,Comedy,Ericka Winram,Joanna Crevy,Youopia,Portugal,"Greek, Modern (1453-)",3.4,1133972.09,77948.52,5/20/2004,12/17/2024
Haunted,Drama|Thriller,Alvis Twydell,Irwinn Kezar,Gigazoom,Bulgaria,Basque,4.7,3245011.31,76267.97,2/28/2011,11/24/2022
Twin Peaks: Fire Walk with Me,Crime|Drama|Mystery|Thriller,Elna Enos,Andrei Hardison,Fadeo,China,Slovak,5.3,820147.51,12558.38,6/12/2016,6/20/2021
"Billy Blazes, Esq.",Comedy|Western,Lucy Heads,Arron Joust,Feednation,China,Kinyarwanda,6.0,7406639.42,38786.41,3/11/2012,7/16/2020
Mr. Thank You (Arigatô-san),Drama,Ferdinande Caldero,Ariela Kettridge,Dazzlesphere,Serbia,Norwegian,7.3,9168892.2,91551.96,4/30/2006,12/17/2020
Alice in Wonderland,Adventure|Comedy|Fantasy,Dorie Grinnell,Alyssa Pitsall,Divape,China,Sanskrit,9.6,5995598.18,24184.77,6/23/2024,1/20/2023
"Dog Problem, The",Comedy,Brod Brookes,Ximenez Storres,Realcube,Indonesia,Lingala,2.4,3598993.3,98962.66,7/28/2023,11/29/2025
Galaxy Express 999 (Ginga tetsudô Three-Nine),Adventure|Animation|Fantasy|Sci-Fi,Marcella Ramberg,Fawn Ruppel,Trilith,Costa Rica,Inuktitut,9.1,2125664.33,39317.52,11/8/2010,2/5/2022
Armageddon 2012,Sci-Fi,Nariko Leband,Wileen Fenne,Lazzy,Slovenia,Dutch,3.2,4980118.19,15073.47,4/19/2012,8/16/2021
Ghoulies II,Comedy|Horror,Paulette Labrenz,Ram Elstob,Quimba,Denmark,Ukrainian,3.2,7208572.92,44430.52,8/5/2015,11/23/2025
Home Room,Drama,Danyelle Cripwell,Gris Fidelli,Skimia,Russia,Malay,0.5,7947130.49,95360.7,6/13/2010,7/3/2025
"Woman Always Pays, The (Afgrunden) (Abyss, The)",Drama,Delilah Barts,Ilyssa Camellini,Tagchat,Poland,Tatar,4.1,6791161.3,14673.6,9/29/2010,2/19/2025
Cocktail,Drama|Romance,Yard Byre,Gil Arnaudin,Yodoo,China,Indonesian,9.9,3917940.35,55918.37,5/17/2024,10/22/2020
"Jitney Elopement, A",Comedy,Kristy Legrave,Jude Rospars,Browsetype,Iran,Chuvash,4.7,6530885.9,65455.92,3/9/2016,6/1/2022
Miss Bala,Action|Adventure|Drama|Thriller,Wernher Morrant,Ahmed Conichie,Quimba,China,Kongo,6.5,6284758.92,54676.94,4/30/2018,1/28/2022
Torture Garden,Horror,Rebecka Dunsleve,Jourdan Brighouse,Latz,Indonesia,Lingala,8.3,1520092.11,55145.81,3/29/2007,9/6/2021
Louis C.K.: Shameless,Comedy,Julietta Schade,Pascal Whate,Yoveo,Russia,Cree,4.9,5429052.01,18212.44,10/8/2006,10/3/2025
Wanda Sykes: Sick and Tired,Comedy|Documentary,Roy Dingle,Sande Bushill,Vipe,Morocco,Ewe,9.0,9693209.49,27479.14,12/2/2010,2/17/2021
Adam and Eve (Adão e Eva),Drama,Bartram Mcmanaman,Ursola de Wilde,Feedfire,China,Norwegian,7.0,1405637.92,37617.31,11/13/2008,8/8/2022
Paradise Canyon,Crime|Western,Rosalia Richardin,Portie Feldbaum,Photojam,Slovenia,Tsonga,9.9,6501583.77,13479.72,10/1/2009,1/20/2026
Superman IV: The Quest for Peace,Action|Adventure|Sci-Fi,Waylan Cooksley,Cristal Goodhand,Pixoboo,Indonesia,Sinhala,1.0,5707273.7,95654.6,4/25/2004,2/24/2025
Medium Cool,Drama|Romance,Francine Flewitt,Hubie Gulliman,Izio,Indonesia,Romansh,3.3,9817757.81,49360.01,4/15/2014,5/6/2024
10,Comedy|Romance,Noel Lawry,Kippie Barsby,Yakijo,Colombia,Hindi,3.1,6985834.94,21900.54,4/1/2019,6/18/2024
Penn & Teller Get Killed,Adventure|Comedy,Jaquenette Leet,Yorker Bartolomucci,Eire,Indonesia,Welsh,8.4,893297.83,62232.03,10/12/2005,11/16/2024
Tokyo!,Drama,Vittorio Varlow,Sile Di Frisco,Oyope,Sweden,Burmese,7.7,2611088.93,22750.77,3/12/2009,2/19/2022
"Monitor, The (Babycall)",Horror|Thriller,Orren Cicerone,Sabra Eberlein,Devpulse,Croatia,Chamorro,2.9,9355295.51,25706.86,6/8/2025,3/31/2020
"Diary for Timothy, A",Documentary,Pam Dunster,Ernie Pollard,Youspan,Brazil,Belarusian,8.4,4314309.84,72251.89,2/28/2006,7/23/2021
"Cottage, The",Comedy|Crime|Horror|Thriller,Saundra Paike,Trista Breem,Roombo,Indonesia,Guarani,7.0,1907863.05,64190.69,4/20/2019,2/2/2020
Legendary,Drama,Shanta Baltzar,Bunni Clowsley,Voomm,Portugal,Tonga (Tonga Islands),0.8,6759438.96,71421.0,3/31/2003,6/9/2024
Extreme Ops,Action|Adventure|Crime|Thriller,Kristoforo Waterstone,Bucky Lefever,Kazu,Philippines,Kazakh,5.7,9464020.46,18518.99,8/8/2008,6/13/2022
"House on the Edge of the Park, The (Casa sperduta nel parco, La)",Horror|Thriller,Roman Powelee,Gauthier Fewings,Vipe,Israel,Turkish,8.2,7013076.25,92529.24,12/20/2025,8/4/2022
Patrick,Horror|Sci-Fi|Thriller,Andrej Corryer,Helli Shacklady,Feedmix,France,Ossetian,9.0,8573541.87,84131.73,7/13/2003,2/26/2021
Counsellor at Law,Drama,Carline Moth,Allyson Wallege,Digitube,France,Faroese,0.7,7123934.09,86566.61,9/27/2025,2/6/2026
"Woman's Secret, A",Drama|Film-Noir|Mystery,Alphard Argue,Angelico Search,Oloo,Sweden,Norwegian Nynorsk,7.3,5127324.98,19087.3,6/22/2016,1/27/2024
G Men,Crime|Drama,Gwenore O'Teague,Candy Povlsen,Ooba,Russia,Nepali,4.6,3271181.35,35259.36,4/14/2021,10/26/2021
Mickey One,Crime|Drama,Skipp Conrad,Opaline Helliwell,Browsezoom,Philippines,Macedonian,6.0,5160584.05,46470.47,11/22/2022,11/16/2024
Life Back Then (Antoki no inochi),Drama|Romance,Appolonia Wanstall,Nell Senechell,Twitternation,Comoros,Finnish,4.5,6607039.77,93728.57,4/8/2019,9/29/2024
G.O.R.A.,Adventure|Comedy|Sci-Fi,Aaren Crighton,Allis Lob,Tanoodle,Indonesia,Tswana,8.1,4630598.61,51278.48,10/1/2015,6/11/2022
Grand Theft Parsons,Comedy|Drama,Robinetta Darville,Rheta Beville,Devify,Indonesia,Kashmiri,3.2,2054704.26,28743.71,5/24/2018,4/13/2025
Dark Tide,Adventure|Drama|Thriller,Lissi Bullon,Robbert Sharma,Bluezoom,Indonesia,Armenian,8.6,8672455.17,46424.72,2/7/2025,9/10/2025
"Groundstar Conspiracy, The",Action|Crime|Mystery|Romance|Sci-Fi|Thriller,Lottie Creenan,Herold Bollini,Thoughtbridge,Japan,Ido,8.9,7324562.57,18780.84,8/24/2013,1/19/2026
Hui Buh: The Castle Ghost,Adventure|Comedy|Fantasy,Leland Whithalgh,Loretta Pandey,Photobean,Sierra Leone,Breton,5.5,660208.15,88949.75,10/5/2021,4/23/2023
"See You in Hell, My Darling (Tha se do stin Kolasi, agapi mou)",Crime|Horror|Thriller,Curry Swinfen,Daffie Simper,Riffpath,China,Norwegian Nynorsk,6.2,3580528.62,79551.34,5/9/2008,6/12/2025
The Well,Drama|Film-Noir|Thriller,Bobbie Slimme,Jennifer Lucks,Photobug,China,Albanian,7.7,4385273.31,80496.85,9/1/2014,10/8/2025
Princess O'Rourke,Comedy|Romance,Antons Schnitter,Rhianon Wagner,Yabox,Indonesia,Rundi,4.0,1263467.17,85758.14,3/28/2016,6/20/2022
Welcome to Sherwood! The Story of 'The Adventures of Robin Hood',Documentary,Annaliese Slate,Emlynn Mackro,Digitube,Bangladesh,Bashkir,1.8,7213289.96,58354.56,9/19/2010,9/8/2023
Big Girls Don't Cry... They Get Even (Stepkids),Comedy,Omar Waplington,Hillyer Zavattieri,Zoozzy,Russia,Yoruba,2.8,8006819.83,15628.46,12/28/2012,12/17/2023
Badman's Country,Western,Millie Schulter,Justis Leaves,Youbridge,Philippines,Central Khmer,5.2,5197662.87,54591.12,9/27/2011,5/19/2022
"When I Grow Up, I'll Be a Kangaroo (Kad porastem bicu Kengur)",Comedy,Geordie Egle,Rhona Jedryka,Rhycero,Greece,Hebrew,4.9,8729107.25,98697.52,4/22/2009,2/9/2023
"Roaring Twenties, The",Crime|Drama|Thriller,Ignatius Eliasen,Anna Sollitt,Yakijo,Philippines,Kanuri,1.6,6206347.88,42838.91,5/16/2000,10/27/2025
Dominion Tank Police (Dominion),Action|Animation|Comedy|Sci-Fi,Starlene Bicheno,Brew Cordobes,Linkbuzz,France,Sango,4.5,6796232.02,33436.36,3/31/2016,1/2/2023
Joan of Paris,Drama|Romance|War,Vin Fromont,Cornall Blasing,Gabcube,Poland,Japanese,2.1,5476082.04,43698.03,10/7/2021,7/1/2024
Return of the Living Dead: Rave to the Grave,Comedy|Horror,Merrel Haythornthwaite,Renado Radley,Zava,Indonesia,Tagalog,2.5,8693129.15,95906.71,9/11/2019,7/30/2021
I'll Be Seeing You,Drama,Aubry Blazewski,Rayshell Buckleigh,Tagpad,Germany,Armenian,2.9,1944020.21,93818.96,1/4/2009,8/12/2021
Orders Signed in White,(no genres listed),Gaylor Quartly,Ody Bridle,Twitterwire,Philippines,Irish,9.7,327701.39,41992.66,10/8/2025,6/13/2020
Final: The Rapture,Thriller,Heriberto Morales,Jakie Nanetti,Linktype,Bosnia and Herzegovina,Latin,0.5,6868098.3,72811.55,11/1/2024,10/26/2022
"Slugger's Wife, The",Comedy|Romance,Dav Medd,Neilla Stickings,Yombu,Indonesia,Finnish,8.0,3474032.04,57286.01,12/14/2010,5/6/2022
Descent,Drama|Thriller,Judd Thys,Tessa Bartley,Muxo,China,Icelandic,5.4,4838876.0,65469.31,8/11/2000,8/10/2020
"Adversary, The (L'adversaire)",Crime|Drama|Mystery|Thriller,Sapphira Dillinton,Thatch Firmage,Meembee,Czech Republic,Icelandic,8.0,1396785.58,21023.53,2/16/2015,8/28/2024
Pure Country,Drama|Musical|Romance,Montgomery Ewbank,Marylynne Downgate,Flashset,Indonesia,Slovenian,0.9,405088.66,53397.67,7/20/2020,2/5/2020
"Divorcee, The",Drama|Romance,Desiree Roddam,Garret Tucsell,Youtags,Myanmar,Maltese,3.8,317781.65,51879.74,6/23/2023,4/12/2025
Tooth Fairy 2,Children|Comedy,Sileas Puller,Susi Gwinn,Devbug,China,Kurdish,6.7,8198953.97,64338.95,10/8/2006,7/25/2021
4:44 Last Day on Earth,Drama|Fantasy|Sci-Fi,Brittany Wingate,Ania Durman,Blogtag,Sweden,Burmese,8.2,731380.58,36048.41,2/6/2009,4/25/2024
"Shine of Rainbows, A",Drama,Teresina Tumelty,Corette Januszewski,Katz,Iran,Interlingue,4.3,111826.4,45061.86,10/3/2004,11/5/2021
Che: Part One,Drama|War,Gerrilee Scones,Abel Sotworth,Yata,Ireland,Kannada,4.9,8908120.94,63886.64,9/3/2013,1/17/2026
Sightseers,Comedy,Timoteo Selly,Rakel Yushkov,Meevee,Poland,Dutch,8.0,8376419.36,56149.82,10/2/2007,1/5/2026
Jam,Drama,Brandyn Oehm,Wallache Bewsy,Centidel,Russia,Church Slavic,9.8,1527006.55,77377.91,2/19/2022,4/4/2023
Century,Drama,Lib Logesdale,Rosemarie Annott,Pixope,Brazil,Portuguese,2.6,5324619.09,77878.58,10/7/2010,10/13/2021
Christmas in August (Palwolui Christmas),Drama|Romance,Mair Uvedale,Ollie Windsor,Gabtune,Indonesia,Dzongkha,6.0,4137040.27,44778.14,11/1/2014,6/17/2020
10 minutes (10 minuta),Drama|War,Marybeth Cudd,Starr Maystone,Devify,Japan,Uzbek,0.2,7586088.93,50140.45,9/2/2010,9/7/2024
Addicted to Plastic,Documentary,Erica Ornelas,Goober McCard,Yodoo,Indonesia,Hausa,0.8,9130690.6,12278.88,1/14/2008,4/20/2020
Hawaii,Drama,Jemmy O'Connolly,Norah Knevet,Buzzbean,China,Nepali,6.7,3991442.86,70236.06,12/5/2008,1/17/2024
"Butcher's Wife, The",Comedy|Romance,Judas Ardling,Omar Muscroft,Avaveo,Iran,Interlingue,5.3,6355898.29,20545.97,5/26/2021,1/29/2022
"Prince & Me II: The Royal Wedding, The",Comedy|Romance,Jimmy Duesberry,Tudor Van der Mark,Photojam,Brazil,Lithuanian,7.8,6591236.46,48052.47,1/25/2019,7/13/2020
Smokin' Aces 2: Assassins' Ball,Action,Jessalin Pettko,Corby Damato,Zoovu,China,Norwegian Nynorsk,8.7,268162.93,75745.37,8/8/2024,8/8/2023
Amazing Johnathan: Wrong on Every Level,Comedy,Sascha Leall,Bertina Maguire,Nlounge,Indonesia,Bashkir,8.9,8507703.79,77306.22,11/23/2022,10/22/2024
My Stars (Mes stars et moi),Comedy,Baudoin Oughton,Yorgo Pauler,Gabvine,Colombia,Zulu,0.5,2284650.25,47995.31,9/7/2017,7/13/2024
"Fighting Seabees, The",Action|Drama|War,Eberto Trigg,Sheelah McElhargy,Janyx,Ethiopia,Slovenian,8.1,4539164.77,37984.8,1/31/2009,3/10/2022
You Are God (Jestes Bogiem),Drama,Shani Izhak,Eugenia Mackilpatrick,Camimbo,Poland,Ido,1.0,8867188.49,55920.54,7/18/2023,10/7/2021
Joan of Arc,Action|Drama|War,Melinde Rawlyns,Henri Carrodus,Wikizz,Peru,Akan,0.7,5129736.28,75866.72,10/20/2024,4/20/2023
Blue Spring (Aoi haru),Drama,Roland Orpen,Reidar Tille,Buzzster,Indonesia,Chichewa,8.0,8972382.91,38809.17,2/21/2021,1/16/2026
"Proud and the Beautiful, The (Orgueilleux, Les) (Proud Ones, The)",Drama,Derril Pointin,Carlina Malpass,Gabtype,Panama,Xhosa,0.8,9517194.96,25655.8,5/9/2000,10/16/2024
Design for Scandal,Comedy|Romance,Brynn Heinke,Blake Towey,Skimia,Poland,Nepali,9.8,1110512.02,20231.56,7/23/2013,6/15/2022
Love Is News,Comedy|Romance,Yoko Vandenhoff,Clare Barbara,Vinte,Cuba,Japanese,1.9,2917450.64,59018.45,8/13/2025,3/15/2021
Rage in Heaven,Drama|Thriller,Lynnett Timbs,Gwen McGroarty,Jabbercube,China,Interlingue,3.8,5715493.29,22646.91,10/13/2009,2/3/2024
United States of Secrets (Part One): The Program,Documentary,Shaun Dufore,Waverly Trumble,Tambee,Ukraine,Azerbaijani,3.4,913856.59,14855.13,12/13/2005,4/26/2021
Space Chimps,Adventure|Animation|Comedy,Giuditta Dallmann,Petronella Tonner,Fivechat,Peru,Fijian,7.7,5106237.8,97260.49,9/25/2025,8/10/2022
Your Sister's Sister,Comedy|Drama,Marjy Abbot,Lenette Sifleet,Edgeclub,Indonesia,Polish,7.7,1439197.06,16432.4,11/19/2018,7/27/2024
Vampire in Brooklyn,Comedy|Horror|Romance,Reinaldo Casham,Brittany Scougal,Topdrive,Russia,Malayalam,0.2,4405966.06,27156.83,1/12/2025,5/13/2022
Meet the Deedles,Children|Comedy,Barny Nissle,Charlene Drover,Lazz,Colombia,Bislama,5.7,4181302.12,63426.43,12/16/2003,10/1/2020
Surf's Up,Animation|Children|Comedy,Eleanor Chessil,Silvester Rampley,Yamia,Russia,Limburgan,9.4,7140735.65,68881.97,9/6/2006,10/25/2020
Hang 'Em High,Crime|Drama|Western,Kristy Buscher,Tabitha Daintith,Meezzy,China,Ganda,5.2,420200.92,17729.67,11/6/2008,9/17/2023
Vivere,Drama|Romance,May Woolhouse,Kalinda Gaythwaite,Oba,China,Haitian,8.0,5843000.17,25953.29,7/15/2005,1/17/2021
"Substitute, The",Drama|Thriller,Shayne Bosman,Salomi Yukhnevich,Linkbuzz,China,Kikuyu,6.7,9777885.44,58204.02,12/21/2008,1/1/2025
The Magnet,Comedy,Dode Dautry,Frasier Wixey,Einti,China,"Ndebele, North",0.9,445344.17,10553.84,5/14/2024,2/5/2022
"Arbor, The",Documentary,Fania Robottom,Darn Parrott,Mita,China,Occitan (post 1500),8.3,2625495.73,33139.04,7/2/2003,9/12/2023
Deliver Us from Evil,Crime|Horror|Thriller,Vin Armes,Laurens Nelson,Wordpedia,Indonesia,Latin,4.1,7531971.66,31884.22,8/8/2006,12/25/2025
Dust to Glory,Action|Adventure|Documentary,Joya Hamon,Laney Butts,Dabtype,Albania,Luxembourgish,9.0,5187311.68,50681.2,1/4/2016,4/24/2026
"Hollywood Complex, The",Documentary,Ardyth Blythin,Everard Yelyashev,Dabfeed,Sweden,Norwegian Nynorsk,8.8,2035409.5,24195.19,11/13/2010,4/28/2024
Mr. Nice Guy (Yat goh ho yan),Action|Comedy,Aleen Hurworth,Chelsy Breit,Twiyo,China,Sindhi,3.4,4636134.19,46927.14,12/16/2018,12/21/2021
Kauwboy,Drama,Melamie Frensche,Madeleine Gianullo,Reallinks,Indonesia,Burmese,7.3,8738491.09,54085.36,4/8/2017,12/27/2022
Just Like Heaven,Comedy|Fantasy|Romance,Carleen Bygate,Rutherford Guidetti,Trudoo,Indonesia,Estonian,9.0,1521191.81,74712.37,2/19/2026,2/10/2021
"Last Chance: Diary of Comedians, The (Bokutachi no koukan nikki)",Comedy|Drama,Hillard Clorley,Pammi Huscroft,Voonix,China,Hausa,2.7,3969743.41,97651.3,5/22/2008,11/16/2022
"Castaway Cowboy, The",Comedy|Western,Brianne Larter,Ronni Wareham,Kwimbee,Indonesia,Northern Sami,2.8,9331201.81,93609.37,10/18/2019,12/26/2021
Final Fantasy VII: Advent Children,Action|Adventure|Animation|Fantasy|Sci-Fi,Alano Janway,Kalil MacCarter,Zoomcast,Philippines,Danish,0.5,6683641.04,70703.58,11/12/2010,3/14/2024
Ménage (Tenue de soirée),Comedy|Drama,Pietra Lay,Frasier Westall,Skipfire,Indonesia,Nepali,7.4,2759818.19,84359.02,7/27/2009,12/16/2023
That Was Then... This Is Now,Drama,Joyan Dumbare,Micah Seddon,Leexo,Sweden,Kanuri,5.0,3757367.35,24697.19,3/18/2015,3/26/2023
Times and Winds (Bes vakit),Drama,Kristen Yurov,Elena Helkin,Vitz,China,Pushto,1.2,8498538.02,71471.72,9/21/2022,9/19/2025
Here on Earth,Drama|Romance,Aurthur Rangeley,Laetitia Pincked,Janyx,Portugal,Oromo,6.2,2991233.15,53636.05,6/27/2014,4/26/2022
And the Pursuit of Happiness (La poursuite du bonheur),Documentary,Esmaria Byfield,Saloma Balint,Zoonoodle,China,"Greek, Modern (1453-)",6.7,5517537.89,75327.25,7/18/2019,3/2/2020
Lovers of Hate,Comedy,Cherlyn Dabrowski,Jo ann Lacknor,Oyoba,Colombia,Indonesian,2.0,261900.98,54305.07,7/29/2012,12/10/2023
"I Am My Films - A Portrait of Werner Herzog (Was ich bin, sind meine Filme)",Documentary,Colin Aplin,Adrianna Gatheral,Jabberbean,Sweden,Catalan,10.0,3816474.78,65865.87,2/10/2011,5/18/2021
"Haunted Castle, The (Hiroku kaibyô-den)",Horror,Fabe Chalcraft,Reggi Lis,Photojam,Poland,Italian,7.0,2001449.11,95022.48,5/29/2007,4/10/2021
Crash,Crime|Drama,Wilbur Simeonov,Archibald Ilyushkin,Kare,Ukraine,Divehi,5.5,8317281.85,56215.66,8/17/2005,4/8/2020
Ed and His Dead Mother,Comedy|Horror,Octavia MacKenzie,Car Happel,Avaveo,Portugal,Kazakh,1.1,4123954.18,36543.27,8/21/2020,2/9/2024
Bulletproof,Action|Comedy|Crime,Rayner Renwick,Sherie Andrea,JumpXS,Portugal,Somali,8.3,8368940.03,59394.57,10/7/2000,10/24/2020
Where the Rivers Flow North,Drama,Juliette Novotne,Deeann Obey,Youfeed,Albania,Kalaallisut,4.6,4373906.65,80710.5,3/10/2006,1/2/2020
Evelyn,Drama,Tiler Euston,Arabele Grigg,Skimia,Argentina,Aragonese,7.0,2649376.34,44914.91,8/19/2022,1/29/2021
Kagerô-za,Fantasy|Romance|Thriller,Saudra Talboy,Muriel Tofanini,Jabbersphere,Vietnam,Uighur,2.8,3088660.49,61109.21,8/22/2000,4/9/2023
Les modèles de 'Pickpocket',Documentary,Kesley Wallbutton,Betteanne Terris,Devpulse,Indonesia,Cree,9.3,2188059.14,34957.7,10/13/2019,4/5/2026
"Green Mile, The",Crime|Drama,Isidore Willock,Aloysia Corsan,Brainverse,China,Kongo,7.0,9631910.17,30349.03,12/20/2022,6/2/2025
"Maradona, the Hand of God (Maradona, la mano di Dio)",Drama,Roxanne Crampton,Frants Stitwell,Yambee,Russia,Latvian,5.9,9995266.14,99192.98,10/12/2011,8/1/2023
Far Out Isn't Far Enough: The Tomi Ungerer Story,Documentary,Karen Doudney,Avigdor Cassidy,Riffwire,Ukraine,Turkmen,6.5,245521.6,68346.77,7/16/2000,8/21/2025
Jimmy's Hall,Drama,Margery Rook,Fay Ethelston,Zoombox,Morocco,Esperanto,9.0,5247172.27,25456.26,3/7/2014,12/5/2020
"Wages of Fear, The (Salaire de la peur, Le)",Action|Adventure|Drama|Thriller,Ivett Conigsby,Garrott Burdess,Omba,China,Sinhala,7.7,2917489.81,41805.57,10/20/2007,8/6/2023
How Do You Know,Comedy|Drama|Romance,Cchaddie Souster,Nell Farish,Wordpedia,Japan,Marshallese,2.5,2045621.01,92321.32,9/20/2014,5/4/2022
Zindagi Na Milegi Dobara,Adventure|Comedy|Drama|Romance,Sibel Thynn,Wylma Mattes,Devpulse,Colombia,German,5.1,9168215.89,63751.56,1/21/2016,9/1/2022
Kahlekuningas,Comedy|Drama,Frans Aylesbury,Conant Willan,Flashset,China,Breton,0.4,2688039.99,13431.09,3/27/2001,8/25/2020
Mother Night,Drama,Maison Galgey,Demetrius Campkin,Miboo,Philippines,Cree,0.8,5825309.33,12607.77,12/22/2006,4/19/2024
Drömkåken,Comedy,Brewster Dench,Lucienne Puttrell,Latz,Costa Rica,Aragonese,8.2,9718058.25,38416.05,3/4/2011,12/25/2020
"Ultramarathon Man: 50 Marathons, 50 States, 50 Days",Documentary,Ardine Dalla,Zaccaria Shemmin,Kwideo,Gambia,Persian,3.9,7196942.33,62450.78,11/6/2018,10/29/2021
Romeo Is Bleeding,Crime|Thriller,Rivy Phipard-Shears,Christalle Brewett,Janyx,Russia,Hungarian,4.4,4922880.69,33138.92,11/9/2015,4/5/2023
Two Weeks in Another Town,Drama,Cherilyn Stairs,Marci Lampett,Edgetag,Jordan,Tamil,0.2,2221609.85,42751.23,3/7/2007,4/5/2023
Man to Man,Drama,Pier Gillinghams,Pearline Spurden,Meemm,Czech Republic,Panjabi,7.3,1640364.32,49071.02,7/20/2006,1/18/2020
The Valley of Gwangi,Sci-Fi|Thriller|Western,Darice Jermin,Sada Anand,Kimia,United States,Tahitian,3.6,1430782.85,16272.68,10/25/2025,7/31/2020
Titicut Follies,Documentary|Drama,Gibbie Stansbury,Maxine Latchmore,Jabbersphere,France,Albanian,1.5,1670792.6,15723.16,2/15/2000,1/10/2026
Coming Home (Gui lai),Drama,Anica Pearle,Lotti Pichmann,Skajo,Russia,Limburgan,8.0,3450410.05,18498.97,1/30/2000,10/23/2025
"Sorrow and the Pity, The (Le chagrin et la pitié)",Documentary|War,Fran Giblin,Vitoria Sergent,Gabtune,Chile,Armenian,3.3,6213111.77,30426.77,12/23/2014,2/11/2026
All American Chump,Comedy,Igor Sarchwell,Larine Dwerryhouse,Mynte,Poland,Latvian,7.8,586703.83,81777.9,1/2/2005,12/23/2023
"Secret, The",Drama|Romance,Vin Berlin,Ulrika Fosher,Jamia,China,Kalaallisut,5.9,7858901.3,66133.94,6/2/2014,5/15/2022
Walt & El Grupo,Documentary,Kahaleel Rippingale,Rupert Maier,Pixonyx,China,Hausa,3.0,6159704.29,96123.08,9/2/2016,11/21/2025
A Christmas Kiss,Romance,Wolfie Flann,Kellyann Sulley,Zooxo,China,Turkmen,1.4,8903467.12,87739.69,1/4/2012,12/10/2024
"Polar Bear King, The (Kvitebjørn Kong Valemon)",Adventure|Children|Fantasy,Jordana Abadam,Erena Kleisel,Zooveo,Zimbabwe,Javanese,5.1,9584779.35,29672.74,12/31/2025,11/28/2021
"Creature from the Black Lagoon, The",Adventure|Horror|Sci-Fi,Cirstoforo Lampart,Wendell Wathan,Youtags,Malaysia,Tsonga,2.5,7896229.1,72536.13,5/11/2006,7/1/2025
Nothing,Comedy|Fantasy|Mystery|Sci-Fi,Nealon Rickell,Hanson Birkenhead,Eabox,United States,Igbo,8.7,6913747.88,95129.52,7/6/2021,8/1/2024
Best in Show,Comedy,Solly Molloy,Margarita Irons,Jamia,Sweden,Aragonese,4.7,4211791.18,29970.28,12/18/2006,4/27/2022
Ping Pong,Documentary,Benedicta Skone,Hamil Wardle,Dabfeed,Argentina,Indonesian,9.6,1667168.43,43422.58,5/27/2012,7/29/2020
"Boy, Did I Get a Wrong Number!",Comedy,Paulo Allardyce,Bastien Wannan,Bubblebox,Russia,Finnish,6.1,1289529.82,78418.67,7/25/2008,7/24/2020
Red Lights,Drama|Mystery|Thriller,Eleanore Bruneau,Ephrayim Brader,Jetpulse,Indonesia,Dzongkha,8.1,7837340.21,10205.21,4/11/2010,3/25/2020
First Daughter,Comedy|Romance|Thriller,Persis Risen,Christa Yepiskov,Yata,Jordan,Ojibwa,7.9,5943324.7,38769.97,2/25/2016,1/2/2022
Inside Daisy Clover,Drama,Julie Minall,Waldon Pitbladdo,Gabvine,China,Russian,8.9,8831158.72,91879.23,10/23/2000,9/22/2020
Punisher: War Zone,Action|Crime|Drama|Thriller,Yolanda Olivie,Delinda Halls,Oyondu,Egypt,Akan,8.8,6791006.48,84961.82,6/18/2025,9/19/2020
Out of Bounds,Drama,Brucie Callander,Stevy Eyden,Kayveo,Bolivia,Ojibwa,2.5,8209753.11,52360.16,3/28/2006,3/30/2020
Doctor Dolittle,Adventure|Children|Musical,Lizzy Sangar,Stepha Rust,Dynava,Portugal,French,2.6,6175570.92,88859.11,4/15/2014,11/21/2021
Urban Legends: Final Cut,Horror,Bev Wadlow,Jaquenetta Robker,Kwilith,Bangladesh,Afrikaans,2.7,8148512.65,87287.91,4/26/2005,3/19/2022
Crazy in Alabama,Comedy|Drama,Alana Quail,Tierney Paine,Innojam,Nepal,Inupiaq,0.1,2825976.78,61685.66,4/14/2012,3/16/2022
Nico Icon,Documentary,Brittany Giacovetti,Loraine Bras,Layo,Portugal,Corsican,4.5,8725497.47,97313.14,3/14/2023,4/23/2026
Night of the Living Dorks,Comedy|Horror,Kaile Jurges,Sutherland Bowart,Skimia,Japan,Norwegian Nynorsk,8.6,8075056.53,58202.48,11/4/2006,6/3/2025
"Guard, The",Comedy|Crime,Rupert Saunt,Dee MacAirt,Twimm,Nigeria,Xhosa,7.3,2254762.07,99510.09,9/6/2013,4/20/2021
Oyster Farmer,Drama,Arturo Yannikov,Lucilia Mapes,Buzzshare,Estonia,Cornish,9.0,437992.01,95828.59,12/23/2015,8/13/2021
Die Fighting,Action|Thriller,Tamiko Lemon,Skipper Tolland,Roombo,China,Divehi,9.2,9529467.61,41657.3,10/26/2023,12/6/2022
Lymelife,Comedy|Drama,Sol Trembath,Birdie Durnall,Twitterworks,China,Tatar,2.2,8939248.28,91072.06,12/18/2023,6/18/2023
"George Lopez: Tall, Dark & Chicano",Comedy,Rana Arrigo,Chip Pelosi,Tavu,China,Chechen,8.4,6550948.05,45988.24,7/14/2021,1/24/2025
Since You Went Away,Drama|War,Vail Rhodes,Valentino Sorbey,Mynte,Ukraine,Akan,3.7,2890801.67,88662.81,4/27/2004,4/4/2026
Two Solutions for One Problem (Dow Rahehal Baraye yek Massaleh),(no genres listed),Dedie Patrie,Edgard Kilfeder,Eadel,Indonesia,Manx,7.0,1827129.46,93257.12,4/30/2025,1/28/2026
Starlet,Drama,Jameson Yoskowitz,Dane Toler,Yakijo,China,Fijian,0.6,8236618.4,41069.68,8/11/2002,8/16/2021
Designing Woman,Comedy,Odell Hallstone,Koo Headford,Devpoint,Indonesia,Malay,2.5,1155960.26,27500.4,9/17/2005,5/28/2021
"Time Machine, The",Action|Adventure|Sci-Fi,Euphemia Allot,Jenda Knoles,Eare,China,Esperanto,3.0,8094876.02,69987.44,7/29/2003,3/21/2020
Elevator,Comedy|Drama,Bartel Ritson,Wiley Huckett,Aimbo,China,Ido,1.1,7276663.02,98776.92,6/16/2012,2/12/2022
Guest from the Future (Gostya iz buduschego),Adventure|Drama|Sci-Fi,Lilah McCarl,Elicia Gallahue,Gabspot,Brazil,German,6.6,3786059.03,53761.96,9/21/2022,3/14/2026
RocknRolla,Action|Crime,Teodora Lecount,Suzie Cordon,Nlounge,Norway,Kuanyama,1.8,7206187.67,51168.15,7/20/2011,4/4/2023
Nob Hill,Drama|Musical,Paco McNamara,Jillie Bearham,Jabbersphere,Togo,Inuktitut,4.9,9684753.61,63509.35,11/26/2011,10/20/2023
Will Success Spoil Rock Hunter?,Comedy|Romance,Shelli L' Estrange,Keelby Laverty,Teklist,Brazil,Galician,6.0,8257280.76,53171.13,4/18/2016,3/28/2023
Paid,Crime|Drama|Film-Noir,Zerk Boase,Nil Bidewel,Omba,Japan,Albanian,6.4,5632894.58,82280.5,3/27/2021,6/4/2024
"Baron Blood (Orrori del castello di Norimberga, Gli)",Horror,Georgia Petrus,Nikolos Yakob,Realcube,Indonesia,Dutch,9.3,2086280.18,20747.17,7/18/2008,3/18/2024
Werner - Gekotzt wird später,Animation|Comedy,Kalie Vogele,Larine Gawthorpe,Avaveo,Costa Rica,Breton,4.2,1677075.15,49562.27,5/3/2002,5/20/2020
"Town Called Hell, A",Action|Comedy|Drama|Western,Farleigh Ghidini,Horatio Driuzzi,Skiba,Brazil,Cornish,7.6,7581344.53,37082.8,7/15/2003,9/3/2024
"Queen and I, The (Drottningen och jag)",Documentary,Welch Waylett,Zechariah Syvret,Devpulse,China,Tahitian,6.5,8943906.0,60523.7,9/25/2004,3/19/2020
Striking Distance,Action|Crime,Winnifred Dahmel,Sharlene Rodriguez,Blogtags,Indonesia,Avestan,6.0,6956837.31,87363.44,9/26/2001,8/17/2022
Blue Collar Comedy Tour: The Movie,Comedy|Documentary,Tildy Udy,Vyky Iliffe,Dabfeed,Venezuela,Shona,9.2,1865325.81,15088.62,9/19/2003,10/18/2023
Root of All Evil?,Documentary,Roderic Giovannardi,Ardra Oller,Blogpad,China,Yoruba,3.1,6184261.27,89883.93,10/22/2011,2/26/2021
Easy A,Comedy|Romance,Simone Chansonne,Derby Ryall,Dabvine,Philippines,Marshallese,8.3,7489097.71,82493.42,8/19/2016,12/10/2025
Ticket To Romance (En enkelt til Korsør),Comedy|Drama|Romance,Kelsey Mangham,Elliott Rodgerson,Edgeblab,Philippines,Dzongkha,5.6,8444423.13,87258.24,9/10/2006,9/2/2022
Super Mario Bros.,Action|Adventure|Children|Comedy|Fantasy|Sci-Fi,Kristopher Martynka,Alvan Million,Yodel,Iran,Xhosa,0.6,5916995.03,10749.42,3/6/2009,12/14/2023
"Bruno (Dress Code, The)",Comedy|Drama,Edik Emanuelov,Trisha Bellinger,Kwideo,China,Albanian,5.6,1827178.07,48391.48,2/16/2026,7/30/2025
Head of State,Comedy,Salomi Douse,Faith Jumonet,Viva,China,Kurdish,2.1,3576549.86,40229.17,8/27/2008,3/9/2024
Ocean's Thirteen,Crime|Thriller,Stacie Coupland,Any Nevett,Thoughtworks,Sri Lanka,Malay,8.1,2620106.34,85309.31,8/6/2000,10/26/2025
Elling,Comedy|Drama,Bettine Blaze,Rosanne Filipiak,Rhynyx,Sweden,Spanish,9.3,483990.09,34051.49,10/19/2025,12/18/2023
Fat Kid Rules the World,Comedy,Averil Scarr,Tisha Mityushkin,Tagopia,Thailand,Amharic,5.1,8402017.21,65036.68,2/23/2011,4/21/2022
Argentina latente,Documentary,Clerissa Vedstra,Anthiathia Andrewartha,Jabbertype,Norway,Tigrinya,1.5,6615035.13,53118.17,3/3/2003,7/25/2022
"Castle of the Living Dead (Castello Dei Morti Vivi, Il)",Horror|Sci-Fi|Thriller,Ally Deniseau,Jenda Stadden,Roodel,Yemen,Bosnian,6.9,3749443.66,44297.86,11/17/2012,2/16/2025
Pirates,Adventure|Comedy,Ches Ladley,Nedda Kobiela,Jayo,Sweden,Tswana,9.4,1780895.88,65072.56,5/3/2025,3/2/2022
"Deal, The",Drama,Darcy Gaylord,Elianora Ickeringill,Quamba,China,Slovenian,2.7,2289092.37,89473.41,12/6/2014,3/11/2026
Shadow Boxers,Documentary,Domingo Pinches,Reginald Ellwood,Kanoodle,China,Kanuri,4.8,9840126.44,66476.3,11/5/2014,2/19/2024
Something's Gotta Give,Comedy|Drama|Romance,Sherlock Borwick,Leighton Sproston,Jaxnation,Venezuela,Quechua,5.0,1516982.87,44142.64,12/27/2001,1/26/2020
Moonbase,Sci-Fi,Georgia Trengove,Florry Maggorini,Bubblemix,Mexico,Dutch,5.5,6769096.8,57783.12,3/27/2015,4/8/2025
Godzilla 2000 (Gojira ni-sen mireniamu),Action|Adventure|Sci-Fi,Lorrin Jaggar,Dion Vanne,Photojam,China,Oromo,5.7,3554711.11,61856.97,8/18/2012,4/13/2021
Capricious Summer (Rozmarné léto),Comedy,Genny Weldon,Tulley Conahy,Flashpoint,Georgia,Bashkir,9.4,3056785.2,62718.77,8/26/2015,10/3/2025
Putzel,Comedy|Romance,Lindy Stronough,Randell Greiser,Eimbee,Czech Republic,Chichewa,10.0,1588469.49,23058.71,3/23/2024,10/23/2023
"Last Sunset, The",Western,Krystal Kilban,Jilli Dunton,Quimba,Indonesia,Bambara,7.5,9799019.45,74785.74,7/2/2015,6/26/2024
Excalibur,Adventure|Fantasy,Sukey Benyon,Felice Dorken,Livetube,Sweden,"Sotho, Southern",2.2,5874790.25,54974.9,8/20/2020,9/29/2020
Damnation Alley,Drama|Sci-Fi|Thriller,Burk Dugall,Gray Pamplin,Kwinu,Russia,Telugu,5.2,3911324.12,88150.21,6/19/2004,8/2/2023
Branded,Action|Drama|Mystery|Sci-Fi,Taddeusz Sealove,Haily Stollard,Thoughtsphere,Philippines,Kalaallisut,2.2,6608067.93,49162.32,2/19/2012,8/29/2022
Seven Years Bad Luck,Comedy,Gina Swatradge,Hube Petrina,Realcube,New Zealand,Quechua,9.4,3819703.83,68968.38,7/5/2017,6/20/2022
Death Note,Adventure|Crime|Drama|Horror|Mystery,Hilarius Crennan,Umberto Kabisch,Devbug,Brazil,Kalaallisut,6.7,1280879.5,90324.11,5/22/2006,1/15/2026
L.I.E.,Drama,Jimmy Tzuker,Sal Gallally,Fivechat,Indonesia,Kashmiri,9.0,577412.55,45367.73,8/18/2016,10/10/2022
Super High Me,Comedy|Documentary,Leanora Boot,Norry O'Scollee,Wordify,Poland,Akan,0.4,2182811.32,35611.01,12/3/2010,7/20/2022
Magic & Bird: A Courtship of Rivals,Documentary,Kennedy Strangeway,Melonie Philpin,Yadel,South Sudan,Afar,9.0,6206913.25,41238.11,11/16/2013,2/6/2025
High Roller: The Stu Ungar Story,Drama,Jermaine Pyott,Jaclyn Greasley,Twitterbridge,Indonesia,Pali,4.1,2607357.3,50415.03,11/26/2025,6/28/2022
"Decameron, The (Decameron, Il)",Comedy|Drama,Aloisia Morrell,Elsy Slaght,Babbleopia,Russia,Northern Sami,6.0,1346363.61,57484.08,1/13/2003,11/28/2024
The Sex and Violence Family Hour,(no genres listed),Athena Canellas,Anselma McReynold,Edgeblab,Latvia,Kashmiri,2.8,8491417.27,31397.14,11/6/2013,1/12/2021
Torture Garden,Horror,Barnebas Freire,Geneva Gowrich,Thoughtworks,Indonesia,Tajik,8.2,4252078.04,51751.44,12/8/2025,1/13/2021
Dog Park,Comedy|Romance,Ivor Floyde,Vinson Hukin,Lazz,Poland,Northern Sami,2.6,7698797.13,53795.89,10/7/2024,3/16/2026
Poison Ivy,Drama|Thriller,Neda Turone,Wain Crossfeld,Quatz,Philippines,Cornish,1.6,3212184.12,29420.67,1/6/2021,12/6/2024
Flicka,Children|Drama,Miranda Cirlos,Godart Pulhoster,Zoovu,Philippines,Cree,0.7,9707338.25,30801.84,6/6/2013,11/1/2024
Sazen Tange and the Pot Worth a Million Ryo,Comedy|Drama,Zonda Brocklebank,Evvie Mutimer,Flashdog,Kazakhstan,Manx,9.7,2582319.71,57598.7,7/21/2010,5/25/2022
Crime After Crime,Documentary,Amata Beceril,Liane Dederick,Aimbu,Portugal,Bislama,9.9,2748409.22,31384.36,6/21/2007,9/24/2024
Little Fridolf Becomes a Grandfather,Comedy,Jay Bettaney,Reena Screach,Gabtune,China,Czech,5.8,9196760.47,41341.15,1/18/2017,3/19/2024
"Road, The",Adventure|Drama|Thriller,Dionis Bletsoe,Cello Le Surf,Kazu,France,Yiddish,4.4,6532345.61,71447.17,12/22/2010,1/29/2021
"Hatful of Rain, A",Drama,Sybila Hallex,Kelli Jahnisch,Skaboo,Indonesia,Church Slavic,0.6,9727500.93,19948.53,8/19/2024,10/31/2021
Scream of Fear (a.k.a. Taste of Fear),Horror|Mystery|Thriller,Torey Ricardon,Meaghan Durant,Riffpedia,Slovenia,Komi,9.8,2852833.16,28196.23,7/21/2022,4/19/2022
Casual Relations,Drama,Dory Drew,Correy Bende,Oyoba,Brazil,Slovenian,8.6,8821157.1,81786.42,11/2/2015,4/10/2022
"River, The",Drama,Padraig Fidal,Pen Yeude,Thoughtworks,China,Bosnian,0.6,3563165.09,30041.49,8/5/2024,9/19/2024
Essex Boys,Crime|Thriller,Urbano Peace,Aloisia McNulty,Feednation,Cuba,Interlingua (International Auxiliary Language Association),6.4,8641820.56,15387.99,4/3/2002,1/22/2024
"Burma Conspiracy, The (Largo Winch II)",Action|Adventure|Thriller,Skipper Secker,Hagan Breed,Gigaclub,Australia,Kikuyu,1.8,8790531.05,79174.89,9/16/2014,11/6/2021
"Discreet Charm of the Bourgeoisie, The (Charme discret de la bourgeoisie, Le)",Comedy|Drama|Fantasy,Maureen Sawers,Corbin Coolbear,Quamba,Colombia,Estonian,3.3,7523878.0,87424.95,7/1/2000,5/17/2020
Jean de Florette,Drama|Mystery,Bennie Baukham,Hughie Carlisle,Rhyloo,Ireland,Czech,6.8,185952.67,15222.33,4/28/2003,8/6/2024
Word Wars,Comedy|Documentary|Drama,Ginnie Ginley,Demetris Havenhand,Eimbee,Indonesia,Chechen,3.9,7600017.88,22558.93,1/29/2021,1/4/2024
"Mayday at 40,000 Feet!",Adventure,Bernadine Imeson,Aretha Reims,Mycat,Czech Republic,Kuanyama,3.8,6932639.27,73768.33,9/5/2019,5/16/2024
Escape from New York,Action|Adventure|Sci-Fi|Thriller,Raddy Perdue,Dianna Serjent,Wikizz,China,Korean,0.2,1496710.89,55745.61,7/10/2001,9/7/2025
"Producers, The",Comedy,Ave Darque,Jocelyn Woodall,Gigazoom,Germany,Irish,2.9,9583350.8,37722.93,4/7/2003,7/12/2022
Phantasm,Horror|Sci-Fi,Kellen Capstaff,Lanny Rubinowitz,Twinder,Indonesia,Haitian,9.9,4899419.91,39499.51,8/26/2013,10/28/2024
Pitkä kuuma kesä,Comedy|Drama,Galen Soitoux,Read Bramford,Thoughtbeat,Sweden,Kirghiz,3.4,1311203.87,86475.26,12/19/2011,4/5/2022
"Thief of Paris, The (Le voleur)",Comedy|Crime|Drama,Robinetta Mayzes,Hildegarde Redler,Topicstorm,China,Kuanyama,8.5,2291945.17,35309.44,8/23/2025,8/21/2024
Dark Water (Honogurai mizu no soko kara),Drama|Horror|Mystery|Thriller,Frederico Birley,Johny Medler,Buzzster,China,German,0.7,922541.53,57941.99,5/22/2005,3/8/2022
Lemming,Drama|Mystery|Thriller,Garrard Hrus,Dane Crickmer,Abatz,China,Czech,6.1,6047869.69,38581.93,4/14/2013,3/11/2021
Broadway Melody of 1936,Musical|Romance,Jehu Shilladay,Jeno Redmore,Topicblab,Indonesia,Aragonese,4.7,5622548.2,73457.84,2/26/2012,3/11/2026
The Hound of the Baskervilles,Adventure|Drama|Horror|Mystery,Elston Bembrick,Jocelyn Brigginshaw,Tagpad,Albania,Tahitian,8.4,8107687.52,72373.65,3/29/2019,7/8/2024
"Velvet Vampire, The",Fantasy|Horror,Prue Keune,Delaney Abramzon,Miboo,Colombia,Ukrainian,6.0,7529034.56,91972.16,5/15/2025,11/9/2024
"Good-bye, My Lady",Drama,Lacie Silber,Kial Birtle,Podcat,China,Kurdish,7.8,5308078.71,12012.65,1/7/2022,9/7/2023
"Ultimate Warrior, The",Action|Sci-Fi|Thriller,Ricky Penwright,Erena Hurworth,Jabbercube,China,Tagalog,3.0,6107136.91,16203.43,2/4/2012,7/31/2024
Hollow Man II,Action|Horror|Sci-Fi|Thriller,Roselin Hounsham,Hill Coal,Dazzlesphere,Kenya,Basque,5.1,5668484.27,29581.33,7/12/2023,4/30/2026
"Patent Leather Kid, The",Drama,Richmond Huske,Maegan Ledger,Topdrive,Brazil,Navajo,3.3,3386765.74,19942.99,11/11/2021,1/19/2024
Not on the Lips (Pas sur la bouche),Comedy|Musical|Romance,Bruno Rentalll,Archy Begin,Zoomdog,Indonesia,Basque,9.6,9847061.68,10112.78,12/18/2008,10/29/2025
Flow,Documentary,Tuckie Barkhouse,Deeyn Fearney,Skivee,Philippines,Kanuri,6.3,999279.33,30084.71,4/4/2026,7/6/2022
Titan A.E.,Action|Adventure|Animation|Children|Sci-Fi,Eudora Wyper,Arnold Jorn,Quatz,Japan,Inuktitut,5.6,4629929.92,30655.45,12/14/2003,6/13/2020
Barabbas,Drama,Ailee Varey,Nicko Giacobilio,Yakidoo,Indonesia,Kinyarwanda,8.3,7368412.85,70791.43,11/17/2019,8/28/2022
"Dreamworlds II: Desire, Sex, Power in Music Video",Documentary,Carney Jiruch,Kingsly Drache,Avaveo,Brazil,"Greek, Modern (1453-)",5.6,9758970.33,92537.95,6/29/2012,10/11/2025
Separation City,Comedy|Drama|Romance,Nicolais Gawthorpe,Rickie Puttan,Latz,Democratic Republic of the Congo,Belarusian,0.3,7822056.53,21458.28,12/26/2000,12/6/2021
Point and Shoot,Documentary,Rickard Croxley,Michal Padrick,Skimia,Russia,Icelandic,1.4,8974798.58,11048.41,3/19/2025,11/13/2020
I Heart Monster Movies,Documentary|Horror,Doll Scirman,Josepha Badwick,Rhyzio,China,Georgian,8.8,6539116.96,65007.69,6/30/2025,12/30/2023
Getting It Right,Comedy|Drama,Roanne Gilhespy,Debera Mintoft,Divape,South Africa,Bosnian,9.6,4439737.46,92317.09,2/8/2001,3/9/2024
Brooklyn Bridge,Documentary,Noll Fisby,Carr Menaul,Jazzy,China,Sango,5.6,681927.82,78967.94,3/23/2016,2/29/2024
Stranger Than Paradise,Comedy|Drama,Carolina Yerrell,Sonia Blaymires,Feedfire,Indonesia,Abkhazian,0.4,3510473.98,21325.1,4/17/2024,11/3/2024
"41-Year-Old Virgin Who Knocked Up Sarah Marshall and Felt Superbad About It, The",Comedy,August McQueen,Renato Coston,Zooxo,China,Akan,8.0,914237.58,55533.77,10/27/2023,8/30/2023
"Big Country, The",Romance|Western,Ettore Curman,Corenda Daltry,Jabbertype,Kazakhstan,Chamorro,9.7,1646401.29,86789.12,4/20/2025,12/24/2024
Milk,Drama,Harrison Meredith,Hinze Delany,Cogilith,Norway,Tonga (Tonga Islands),0.1,6758121.23,34597.96,8/9/2005,7/10/2021
"Starving Games, The",Comedy,Elonore Renowden,Harland Borleace,Jetwire,Kazakhstan,Tagalog,9.2,4842770.94,27704.45,3/21/2021,3/20/2024
"Swimming Pool, The (La piscine)",Crime|Drama,Yard Agent,Sib Hearns,Zoomdog,China,Yoruba,9.2,6327294.93,41878.19,6/20/2010,7/15/2025
One Point O,Drama|Mystery|Sci-Fi|Thriller,Collete Acosta,Umberto Baxstair,Realpoint,China,Faroese,8.2,9502769.8,37404.69,8/15/2015,12/31/2022
Unconditional,Drama,Eadmund Terrazzo,Elisabetta Lutsch,Eazzy,Greece,Marathi,1.3,6080637.32,87616.65,10/14/2000,5/16/2021
Star!,Musical,Ailene Hellier,Tamqrah Caulton,Quinu,Poland,Sanskrit,2.1,7239033.06,23981.24,9/28/2019,10/28/2025
"Human Tornado, The",Action|Comedy,Cariotta Pogg,Natalie Girdler,Pixoboo,Sri Lanka,Northern Sami,1.4,9141842.13,99332.38,2/15/2005,7/7/2023
Into the White (Cross of Honour),Action|Drama|War,Reena Coultard,Pierson Ditchfield,Ooba,Ukraine,Igbo,1.4,7370843.4,97431.4,5/6/2017,7/28/2023
"Hobbit: An Unexpected Journey, The",Adventure|Fantasy|IMAX,Ethelin Reap,Onfre Sturges,Thoughtbeat,El Salvador,Bislama,0.4,395975.42,98830.93,6/25/2023,5/26/2024
Triangle (Tie saam gok),Action,Joyous Priel,Jessamyn Tapenden,Livefish,Czech Republic,Tahitian,9.1,7381244.29,92241.67,5/7/2011,2/2/2026
Iraq in Fragments,Documentary|War,Russell Wint,Dore Bavidge,Kwinu,Philippines,Ojibwa,5.8,5131639.12,30839.25,7/9/2014,12/11/2025
Viola,Drama,Jorry Ickovitz,Kassia Baxstar,Plajo,Philippines,Irish,7.5,5480932.96,90824.92,8/29/2019,4/17/2026
Donkey Hide (Oslinaya shkura),Children|Comedy|Fantasy|Romance,Gisella Axleby,Barthel Brandon,Jaxnation,Russia,Manx,7.5,4400392.05,27404.47,4/17/2007,6/12/2023
Carts of Darkness,Documentary,Klarika Orford,Heddie Pinnere,Feedfire,Poland,Inuktitut,4.7,8590462.67,32397.54,11/27/2010,4/20/2025
Carry On... Up the Khyber,Adventure|Comedy,Aymer Courtese,Minta Blazhevich,Yamia,Russia,Hausa,3.0,9188497.95,26504.24,8/9/2018,8/31/2023
Combien Tu M'aimes? (How Much Do You Love Me?),Comedy|Romance,Fred Bartke,Yance Ouldred,Aivee,Indonesia,Akan,6.6,8789860.65,43301.65,4/24/2014,3/31/2021
American Sniper,Action|War,Loleta McConnell,Marchall Russon,Omba,Malawi,Dutch,5.4,6462144.26,25722.75,8/14/2011,7/1/2020
From Hell,Crime|Horror|Mystery|Thriller,Carce Bartalin,Hirsch Hoovart,Kimia,Poland,Kanuri,1.8,3375619.87,29451.26,6/14/2025,12/2/2024
"Black Swan, The",Adventure,Carmencita Shine,Phyllys Iacomo,Kwimbee,Philippines,Western Frisian,4.3,3324854.88,57421.7,7/10/2019,5/15/2024
Kiss of Death,Crime|Drama|Thriller,Costanza Twinborne,Kenna Charlet,Meedoo,Canada,Spanish,8.5,7230196.62,54168.37,3/10/2003,6/5/2025
The 39 Steps,Crime|Mystery|Thriller,Janene Ambrogetti,Danielle Zorzutti,Jetpulse,Greece,Czech,0.5,4982908.18,91252.96,12/20/2013,1/31/2026
Imitation of Life,Drama|Romance,Arman Lilburn,Dorisa Croad,Innotype,Indonesia,English,6.5,3784979.93,17320.18,8/28/2000,12/27/2020
Leprechaun 4: In Space,Comedy|Fantasy|Horror|Sci-Fi,Roi Mulrean,Karlee Foystone,Camido,France,German,8.0,7860244.64,81971.76,1/19/2018,4/7/2022
London Boulevard,Crime|Romance,Bria Beckensall,Myrvyn MacTeggart,Dabfeed,Iran,Kikuyu,3.4,8843526.61,94027.69,12/24/2002,3/2/2022
"Southern Yankee, A",Comedy|War|Western,Emmett Bonifazio,Shannah Labern,Gigazoom,Norway,Sinhala,0.6,6435178.05,63263.38,10/22/2015,11/26/2025
"Incredible Hulk Returns, The",Action|Adventure|Drama|Sci-Fi,Matelda Schulken,Deonne Lydden,Voomm,Philippines,Malagasy,5.9,3226509.15,96803.69,2/10/2016,6/8/2025
"Last Castle, The",Action,Jordon Lowey,Lillian Coatham,Rhybox,Indonesia,Twi,2.1,6950858.61,27861.42,5/20/2022,4/10/2024
Nantucket Film Festival's Comedy Roundtable,Comedy|Documentary,Barrie Hackin,Hurleigh Billingsly,Mydeo,Portugal,Spanish,6.0,2294740.72,19997.32,7/18/2025,4/11/2020
Happily Ever After,Animation|Children|Comedy|Musical,Nariko Woolf,Dietrich Bulfoy,Wikibox,Indonesia,Pushto,2.2,2412351.09,55880.57,4/8/2012,4/8/2020
Return to Oz,Adventure|Children|Fantasy,Ado Jurs,Chandra Rotlauf,Myworks,Japan,Kinyarwanda,0.1,1238157.6,66782.76,2/4/2024,4/17/2021
Station West,Action|Mystery|Romance|Western,Sheila Crut,Hakim Sine,Wordtune,Myanmar,"Greek, Modern (1453-)",5.4,1205246.27,70333.78,1/9/2000,1/25/2024
Kiss Kiss - Bang Bang,Adventure|Comedy,Taddeo Barroux,Shoshanna Vettore,Livetube,Belarus,Georgian,2.1,1032003.99,86773.41,1/5/2005,6/28/2025
The Moromete Family,Drama,Corie Quakley,Felipa Flower,Eabox,Poland,Arabic,8.8,1423475.86,57628.49,10/2/2005,4/8/2022
Battle of the Warriors,Action|Drama|War,Antonella Fontes,Baillie Grigorini,Trudoo,Poland,Ndonga,0.7,7453765.97,94744.77,10/3/2001,12/20/2022
Singapore Sling (Singapore sling: O anthropos pou agapise ena ptoma),Crime|Film-Noir|Horror|Romance|Thriller,Lorine McAusland,Ximenez Jodlowski,Tagtune,United States,Tatar,7.4,1542900.27,58677.71,10/9/2024,2/6/2020
White Irish Drinkers,Drama,Ellary Kiezler,Donny Dobbison,Devify,China,Catalan,5.4,6367700.48,57489.87,6/24/2014,1/22/2024
Love Don't Cost a Thing,Drama|Romance,Madeline Coulling,Gregg Stigger,Twimbo,Japan,Korean,6.8,608720.87,47765.18,1/22/2003,2/17/2023
Affluenza,Drama,Mathew Kaubisch,Cece Lynds,Brainlounge,Indonesia,Latvian,8.8,4806050.59,48200.26,8/3/2001,12/11/2024
"Devil's Nightmare, The (Plus longue nuit du diable, La)",Fantasy|Horror,Tyler Sommerlie,John O'Lennane,Ntags,Indonesia,"Ndebele, South",8.6,7569031.56,36245.63,2/28/2020,9/14/2020
Don Jon,Comedy|Drama|Romance,Rycca Bruno,Darcie Densie,Trudeo,Portugal,Fijian,8.7,1846739.84,94066.01,2/19/2007,6/12/2022
Meet Joe Black,Romance,Antony Biasio,Hersch Parris,Meezzy,Poland,Romansh,7.7,1722847.92,41177.3,2/23/2019,9/11/2021
Keep Your Right Up,Comedy|Drama,Ari Jelk,Padgett Nelson,Photobug,Greece,Tswana,6.5,6580414.0,45546.99,2/20/2009,3/15/2025
Buck,Documentary,Malcolm Vickress,Jeramie Cruden,Realpoint,Brazil,Kuanyama,3.2,6098146.9,86843.42,5/12/2010,9/6/2024
I Woke Up Early the Day I Died,Comedy|Crime|Thriller,Delora Marvin,Baily Towriss,Linklinks,Russia,Spanish,4.5,8663760.48,76755.96,12/25/2003,1/11/2025
Km. 0 - Kilometer Zero (Kilómetro cero),Comedy|Drama,Doreen Breeds,Gui Waberer,Tagcat,Indonesia,Romanian,1.5,4269592.33,31914.05,7/12/2001,1/14/2020
Girl Crazy,Comedy|Musical|Romance,Rosamond Caile,Shayna Elwell,Realcube,China,Turkish,5.1,8383920.39,58240.26,2/18/2017,11/2/2023
"Boys of St. Vincent, The",Drama,Adrea Willmot,Toni Gilbank,Avamba,Japan,Serbian,2.9,4895223.06,42588.67,11/10/2002,9/15/2025
The Man From The Alamo,Western,Davita Wife,Star Di Francecshi,Oozz,Morocco,Tigrinya,1.1,7020881.33,41319.8,3/10/2023,10/20/2025
"Good Night, The",Comedy|Drama|Fantasy|Musical|Romance,Ciro Forrington,Onfroi Flecknell,Eadel,Brazil,Korean,4.9,3574245.36,20005.54,11/7/2007,11/14/2025
Abbott and Costello in the Foreign Legion,Adventure|Comedy,Iver Laphorn,Gabey Dewicke,Centidel,China,"Bokmål, Norwegian",3.5,8127007.45,18199.09,8/2/2008,12/4/2023
Walk on the Wild Side,Drama,Almire Grzesiewicz,Raeann Ireson,Mymm,Portugal,Breton,8.3,1425529.43,80422.38,7/29/2012,3/11/2023
Burnt Offerings,Horror,Niel Jelley,Aurelie Keese,Bubbletube,Egypt,Oromo,4.9,4052556.09,20200.71,7/26/2019,12/3/2025
Bulletproof,Action|Comedy|Crime,Ward Melland,Sharai Yakobowitz,Buzzdog,Brazil,Ewe,4.7,3861219.34,46404.34,4/16/2013,8/9/2025
Bait,Action|Horror|Thriller,Gregorius Dunbobbin,Eirena Dybell,Tanoodle,Ireland,Mongolian,7.9,2998338.83,26024.37,12/15/2013,2/12/2026
Whoopee!,Comedy|Musical,Maureen Sertin,Jordon Iorizzo,Trilia,China,Malayalam,5.1,2591786.74,52736.39,11/5/2021,5/9/2020
"Assassination (Ansatsu) (Assassination, The) (Assassin, The)",Action|Drama,Revkah Inglis,Maury Balaizot,Yoveo,Paraguay,Sundanese,5.1,5804267.55,65897.68,9/16/2001,9/6/2023
Twisted Nerve,Crime|Drama|Horror|Thriller,Davina O'Nions,Brandais Newick,Photofeed,Japan,Xhosa,8.0,5081493.65,30593.45,4/27/2020,5/12/2024
French Fried Vacation 2 (Les bronzés font du ski),Comedy,Olympe Rabbet,Walliw Comelli,Shuffledrive,Mexico,Swedish,3.6,4636777.39,22329.64,7/26/2012,8/25/2023
Pepe,Comedy|Musical,Malia Tayspell,Siana Kasting,Zoovu,Venezuela,Bashkir,2.4,1516437.22,36680.91,11/30/2004,11/5/2022
Storyville,Drama|Thriller,Colin Castelow,Ozzie Turfes,Buzzshare,Sweden,Lingala,4.4,7521850.65,17548.44,1/18/2007,12/30/2021
"Cat's Meow, The",Drama|Thriller,Rudie Joblin,Cleve De Blasio,Tavu,Indonesia,Romanian,7.8,4072052.91,11803.62,7/1/2008,7/27/2024
Manual of Love 2 (Manuale d'amore (capitoli successivi)),Comedy|Romance,Martica De Freyne,Lyndsey Marishenko,Bubblemix,China,Samoan,2.6,1994430.43,30212.15,8/27/2001,9/7/2023
People Will Talk,Comedy|Romance,Coralyn Brogan,Therine Titchen,Cogidoo,Lithuania,Sundanese,1.4,6879681.57,23951.38,7/31/2020,3/4/2024
Not of This Earth,Sci-Fi,Roxanna Newark,Clywd Shepley,Jetwire,China,Lingala,0.4,8674505.12,37178.33,7/27/2005,11/25/2021
Victor/Victoria,Comedy|Musical|Romance,Mac Wittering,Cybill Rowlands,Vimbo,Indonesia,Hiri Motu,4.8,1764668.39,62939.81,10/17/2014,10/24/2021
Land and Freedom (Tierra y libertad),Drama|War,Siegfried Sharrocks,Paulina Prinne,Shufflester,New Zealand,Bulgarian,5.6,773687.19,58941.28,3/18/2002,8/21/2020
My Bloody Valentine 3-D,Horror|Thriller,Sidonnie Fyldes,Arney Crother,Mybuzz,Philippines,Igbo,2.7,9773057.22,92705.7,11/30/2003,12/3/2024
"Andromeda Strain, The",Sci-Fi,Sky Rosterne,Zilvia Buckle,Jamia,Honduras,Portuguese,2.2,5423962.7,78974.76,2/18/2007,10/13/2023
Taking Woodstock,Comedy,Cherrita Clayton,Rakel MacMeekan,Bubblemix,Norway,Maori,9.9,303426.64,53313.0,9/28/2009,10/8/2025
Batman: Mystery of the Batwoman,Action|Animation|Children|Crime,Olva Iban,Perla Tilston,Wordtune,Philippines,Chuvash,9.3,2405325.22,91987.42,12/14/2017,9/1/2024
The Strength of Water,(no genres listed),Carey Coffelt,Teena Noor,Katz,South Africa,Latvian,8.6,8553935.86,53906.37,2/1/2004,4/24/2024
Badding,Comedy|Drama|Musical,Bart Napper,Hakim Dumingo,Eadel,Poland,Latvian,5.6,4191348.5,92216.97,5/12/2020,8/10/2020
Normal,Drama,Gauthier Lidgertwood,Lancelot Del Castello,Tavu,France,Georgian,3.6,190795.67,84419.05,8/8/2009,6/6/2023
"Muppet Family Christmas, A",Children|Comedy|Musical,Conn Phipp,Fitzgerald Fulstow,Skibox,Netherlands,Turkmen,7.5,1455312.14,86017.39,7/5/2007,1/17/2024
Strawberry Wine,Drama,Darsie Villaret,Haslett Plaskitt,Feedfire,Colombia,Malagasy,5.9,3177158.03,76188.98,7/1/2010,2/16/2026
Princess Yang Kwei Fei (Yôkihi),Drama|Romance,Fax Openshaw,Eberhard Simek,Oyoyo,Sweden,Central Khmer,6.5,6339231.37,60444.68,1/20/2020,4/25/2020
Group Sex,Comedy,Shalna Bugdall,Cindi Arnaud,Topicshots,Brazil,Hindi,5.9,5052270.71,89236.44,6/27/2017,11/10/2023
We're No Angels,Comedy|Crime|Drama,Clemence Kislingbury,Tomasina Vardy,Twitterbeat,Niger,Volapük,2.2,3596552.11,37654.88,11/21/2010,7/8/2021
Thank You for Smoking,Comedy|Drama,Trix Menis,Beatriz Carah,Dabtype,Mongolia,Belarusian,9.4,1472849.02,48608.25,1/10/2000,1/15/2023
"Hanging Garden, The",Drama|Romance,Gal Morrison,Ermengarde Tregunnah,Kare,China,Sundanese,3.4,1819792.33,69871.0,10/24/2015,3/28/2020
Screwed in Tallinn (Torsk på Tallinn - En liten film om ensamhet),Comedy|Drama,Whit La Grange,Yvonne Kidstone,Skidoo,Panama,Kazakh,8.9,2979629.93,94174.19,2/10/2023,5/28/2024
