movie_title,genre,release_date,director,lead_actor,box_office_sales,rating,production_company,country_of_origin,language,budget,sequel
Mona Lisa Smile,Drama,4/2/2004,Booth Wildor,Wilbert Ginnane,1901531.38,9.8,Avaveo,Japan,Indonesian,287049.25,TRUE
"Trouble at Timpetill (Enfants de Timpelbach, Les)",Horror,10/22/2005,Hal Hilary,Jed Dake,8377124.7,0.2,Shuffledrive,Indonesia,Persian,324902.81,FALSE
"King and I, The",Action,4/6/2020,Bari Pugsley,Dix Farloe,4562136.07,9.4,Thoughtbridge,Nigeria,Samoan,537769.75,FALSE
Amistad,Drama,5/24/2002,Donnell Berrow,Laurena Chiommienti,3341234.64,4,Flipbug,Russia,Georgian,396283.29,TRUE
Wallace & Gromit in The Curse of the Were-Rabbit,Drama,8/24/2003,Lucilia Blackah,Budd Dredge,1587568.68,7.4,Meezzy,Mexico,Catalan,578064.05,TRUE
Lady on a Train,Drama,6/30/2000,Maryl Gapper,Noel Guilleton,7720741.44,3.5,Twitterbeat,China,Church Slavic,639404.23,FALSE
Hit and Run (Hit & Run),Sci-Fi,4/19/2001,Sonnie Kinver,Giustina Howick,5818610.1,7.3,Photofeed,Indonesia,Occitan (post 1500),492573.91,FALSE
Body of Water (Syvälle salattu),Action,12/13/2021,Marena McGettrick,Jocelyne Sallery,3441155.81,1.1,Wikido,Russia,Ossetian,992559.7,FALSE
Best Worst Movie,Drama,4/20/2004,Kristian Inman,Banky Seywood,5208801.8,2.9,Thoughtmix,Serbia,Swahili,277018.55,TRUE
"Polar Bear King, The (Kvitebjørn Kong Valemon)",Sci-Fi,8/9/2002,Albrecht Ligoe,Camala Itzhak,5775898.36,9.3,Gigaclub,Peru,Tatar,185765.2,TRUE
Soldier's Girl,Action,10/20/2006,Lonna Colpus,Vin Slorance,5017578.67,3.9,Yakijo,Paraguay,Luba-Katanga,57247.53,FALSE
Last Dance,Comedy,6/17/2017,Flemming Bredgeland,Winn Wye,6951154.33,0.2,Trudoo,Czech Republic,Kinyarwanda,743342.77,FALSE
The Underneath,Sci-Fi,3/26/2009,Raviv Moncreiff,Silvan De Cristoforo,7780743.98,4.4,Jayo,Ukraine,Swati,231260.61,TRUE
Bullet,Action,4/3/2010,Colver Beaton,Kristian Prescot,6328030.02,7.8,Wikibox,Brazil,Lingala,665662.39,FALSE
Colourful (Karafuru),Drama,10/29/2018,Fedora Bartosch,Cheryl Mammatt,5258063.21,2.6,Snaptags,China,Komi,644149.5,FALSE
"Closet, The (Placard, Le)",Drama,6/23/2021,Krystyna Clac,Raddy McLevie,6142618.51,4.7,Meejo,Poland,Oriya,28480.66,TRUE
"People Under the Stairs, The",Comedy,11/7/2008,Rolf Cumbers,Liliane McMychem,377326.34,0.7,Riffpedia,Brazil,Tswana,372885.82,FALSE
"Strange Case of the End of Civilization as We Know It, The",Comedy,2/22/2013,Barth Fladgate,Kathryn McLarty,5185577.79,6.8,Abatz,Czech Republic,Kazakh,839440.86,TRUE
"New Rulers of the World, The",Comedy,4/30/2006,Oliver Emblin,Tabbitha Ranfield,9241309.69,6.6,Skaboo,United States,Norwegian,123204.07,TRUE
Just Pals,Comedy,1/21/2010,Franklyn Klainer,Isidora Emmanuele,3523506.34,9.7,Meevee,Brazil,Czech,770599.27,TRUE
Catch a Fire,Comedy,9/12/2009,Carlie Arr,Axe Fransseni,6005883.13,0.7,Thoughtworks,Indonesia,Arabic,427408.07,TRUE
Mahler,Drama,4/26/2010,Aprilette Denerley,Shirlene McVaugh,8519150.82,0.1,Gevee,Ecuador,Bosnian,197497.4,TRUE
Dororo,Action,5/11/2010,Angelina Gainforth,Ev Danilchik,7726401.12,6.1,Skajo,Portugal,German,371278.85,TRUE
Asylum,Action,2/4/2008,Damita Milmith,Nickolai Richold,1519127.15,0.6,Cogidoo,Czech Republic,"Greek, Modern (1453-)",100186.56,FALSE
"Philadelphia Experiment, The",Drama,5/5/2010,Ondrea Meiner,Lynna Rebbeck,1725310.22,5.3,Thoughtworks,Peru,Church Slavic,651923.12,FALSE
The Last of the Finest,Horror,2/19/2022,Odie Mackriell,Ingrid Sherrum,7482978.87,7.2,Flashset,China,Swati,620431.58,TRUE
Bullet,Comedy,8/16/2013,Enoch Swate,Elberta Chittie,5921740.32,6.9,Lazzy,Egypt,Luba-Katanga,747666.76,FALSE
Mall Girls (Galerianki),Drama,9/8/2003,Ernesta Kremer,Blisse Fortune,8583731.18,5.2,Twitterwire,Nigeria,Ganda,522714.52,TRUE
The Mark of Cain,Drama,2/11/2022,Cindi Goodboddy,Thea Constantine,520726.54,6.9,Fanoodle,Palestinian Territory,Chamorro,837583.08,TRUE
Jazz,Action,4/21/2001,Chico O'Sharry,Paulie Westhead,9564173.26,2.3,Plambee,Indonesia,Pushto,983356.58,FALSE
Shogun Assassin,Drama,6/26/2015,Yoshi Habron,Saundra Gilson,2099095.78,1,Quimm,Jamaica,Danish,505201.84,TRUE
"Bound by Honor (a.k.a. Blood In, Blood Out)",Action,9/27/2012,Eula Saladino,Celene O'Keenan,1192364.48,2.7,Thoughtbridge,Canada,Inuktitut,550704.61,TRUE
High Risk,Sci-Fi,12/2/2005,Berkie Lathee,Janeva Blankett,3965328.83,6.3,Reallinks,France,Chechen,755639.88,FALSE
Brother Bear,Drama,4/24/2005,Scotty Cockshutt,Cassandre Osburn,940867.58,6,Edgepulse,Poland,Lithuanian,167877.28,FALSE
Let's Not Keep in Touch!,Action,8/1/2008,Marie-ann Gelder,Adda Taks,3776714.83,6.7,Zoonder,Sri Lanka,Kalaallisut,295925.72,FALSE
Once in the Life,Drama,11/17/2003,Cesaro Willsmore,Zena Rembrant,4481267.57,2,Kanoodle,United States,Sindhi,618655.72,TRUE
Death Watch (La Mort en Direct),Drama,10/7/2010,Merwyn Stiegars,Ilka Rosie,1751631.44,6.1,Browsedrive,Papua New Guinea,Swati,958130.65,TRUE
That Old Feeling,Drama,3/28/2015,Alyss Wibberley,Dodi Lawes,7086950.42,7.9,Mita,Portugal,Herero,151094.35,TRUE
"Scenic Route, The",Action,8/31/2010,Catherin Fraczak,Elsy Woolfitt,6991462.37,0.7,Yodo,Libya,German,663741.34,FALSE
Can Mr. Smith Get to Washington Anymore?,Drama,12/12/2007,Tisha Haining,Francene Lezemere,109495.85,2.6,Yakitri,Thailand,Aymara,947402.8,TRUE
"Elephant in the Living Room, The",Comedy,3/31/2019,Andrea Sharpus,Krisha Ricioppo,1798640.7,1.6,Gabtype,China,Spanish,128070.05,FALSE
Mind Game,Comedy,3/19/2011,Angelina Bangiard,Filippa Trubshaw,2312457.71,2.8,Skynoodle,China,Ewe,94081.61,FALSE
Public Enemies,Horror,7/7/2015,Kevina Starkie,Chloe Beddin,7608108.65,7,Yabox,Guatemala,Yoruba,412461.99,TRUE
Danika,Action,12/23/2018,Ariel Heinreich,Flint Lancley,1426294.09,6,Wordtune,China,Estonian,937276.75,TRUE
White House Down,Sci-Fi,7/27/2019,Abra Edmund,Doll Aymeric,1399838.13,1.1,Devbug,Israel,Uzbek,693463.74,TRUE
Taking Chance,Horror,4/26/2016,Romain Anyon,Mavra Ivanyushin,7654174.6,6.1,Youbridge,Indonesia,Romanian,44371.57,FALSE
Hell and High Water,Comedy,9/5/2017,Meriel Pariss,Udell Pyatt,8859829.01,0.5,Edgetag,China,Norwegian,102931.15,FALSE
"Apple, The",Comedy,9/13/2022,Margaux Cornelleau,Abraham Cargill,4467579.83,3.4,Latz,Brazil,Persian,321673.28,TRUE
"Trip to Mars, A",Drama,7/18/2014,Chet Whisson,Collie Everiss,1628313.76,7.9,Oyope,Philippines,Norwegian Nynorsk,326603.02,TRUE
Rush Hour 3,Comedy,9/22/2010,Candi Hencke,Packston Grahlmans,129761.41,5.4,Rhynyx,Mexico,Persian,588683.73,FALSE
Phaedra,Comedy,8/16/2002,Edwina Adamsson,Magdalena Mimmack,1160850.1,1.2,Bluejam,Portugal,Estonian,457843.66,TRUE
Red Psalm (Még kér a nép),Action,8/18/2005,Daria Santos,Anestassia Malenoir,6551262.34,7.6,Fanoodle,Poland,Tonga (Tonga Islands),234219.01,FALSE
Naked,Drama,4/8/2021,Adrian Pawelke,Jenilee Uc,501386,3.5,Bluejam,Zimbabwe,Chamorro,917335.1,FALSE
Crisis (Kris),Comedy,11/13/2000,Herminia Sharman,Hussein Melbourn,9988569.52,1.8,Skipstorm,Thailand,Galician,799310.38,FALSE
Du côté de la côte,Horror,2/4/2022,Hasheem Collingdon,Ruperta Marris,8014894.48,2.7,Meedoo,Canada,Serbian,69384.32,FALSE
Tyler Perry's Why Did I Get Married?,Comedy,12/29/2012,Matthiew Anmore,Essa Kisar,4311279.75,7,Feednation,Haiti,Azerbaijani,851979.47,FALSE
"Testament of Orpheus, The (Testament d'Orphée)",Sci-Fi,8/15/2011,Juline Neate,Merry Fricker,1147811.07,7.5,Devpulse,China,Kannada,806200.09,TRUE
Sweet Liberty,Action,7/12/2006,Madelin Mycroft,Thornie O'Dennehy,1319336.08,0.9,Innojam,Indonesia,Kannada,929306.45,FALSE
Terminator 3: Rise of the Machines,Horror,8/1/2021,Max Yakhin,Karlotta Raff,9049057.65,1.1,Divanoodle,Indonesia,Finnish,613275.15,TRUE
Goliath Awaits,Sci-Fi,5/5/2002,Nolie Pauleit,Rivy Luckes,1573810.33,1.7,Realbridge,China,Nauru,582814.8,FALSE
Naked Gun 33 1/3: The Final Insult,Drama,11/10/2005,Reg Spottiswood,Edyth Vouls,3659594.17,0.7,Wikizz,China,Chechen,686912.12,TRUE
"Flintstones in Viva Rock Vegas, The",Horror,10/17/2005,Bobbie Cringle,Nanon Truran,5043309.69,4.6,Skajo,Japan,Kurdish,430934.52,TRUE
Young and Innocent,Action,12/17/2005,Torey Francescuccio,Charmion Minton,1602917.06,6.2,Tagchat,Philippines,Armenian,401048.23,FALSE
"Pom Pom Girls, The",Comedy,3/14/2004,Valentine Trimble,Thaxter Samwell,917236.99,1.8,Meeveo,China,"Sotho, Southern",18130.69,TRUE
"Devil, Probably, The (Diable probablement, Le)",Comedy,9/19/2003,Burk Ife,Wendall Hawthorn,6782330.23,1.1,Babbleblab,Ukraine,Lao,306180.77,FALSE
"Time That Remains, The",Drama,1/19/2009,Taber Lorincz,Ewen Botham,9031324.18,1.4,Meezzy,Philippines,Romanian,295926.17,TRUE
Patton,Action,5/11/2020,Broddie Minucci,Jamie Farmery,8963714.02,3.9,Kanoodle,Russia,Slovenian,716033.83,FALSE
Comin' at Ya!,Action,12/27/2018,Guss Brennon,Rutledge Brinded,7658958.16,2.1,Npath,China,Tajik,272913.72,TRUE
Post Tenebras Lux,Horror,7/22/2003,Herbert Akid,Brose Birrane,6549514.91,2.5,Trunyx,Armenia,Luxembourgish,228120.33,FALSE
Life Is Beautiful (La Vita è bella),Horror,10/26/2014,Gearalt O'Carrol,Odette Gofforth,3204378.75,2.9,Shufflester,China,Chinese,467251.52,FALSE
Doomed to Die,Horror,4/26/2021,Flossi Gaylord,Yehudi Farherty,3292783.17,9.2,Gevee,China,"Ndebele, South",147757.81,FALSE
Hannah Free,Action,4/5/2002,Karlene Jachtym,Hadley Daverin,5825562.75,8.8,Livetube,Iran,Chechen,984656.62,TRUE
Brown's Requiem,Horror,10/10/2013,Abie Camolli,Mikkel Vaughan-Hughes,9652912.71,6.5,Eazzy,Morocco,Pushto,440528.24,FALSE
"Man Vanishes, A (Ningen Johatsu)",Sci-Fi,1/21/2017,Vicky Hoff,Lila Dagnan,5631743.21,2.5,Mycat,Mongolia,Tonga (Tonga Islands),799082.76,TRUE
Star Trek II: The Wrath of Khan,Sci-Fi,8/13/2012,Vi McCreath,Thomas Linebarger,3322831.19,0.2,Devify,Poland,Hungarian,214887.48,TRUE
Business as Usual,Drama,3/2/2008,Earlie Gorse,Chaddie Fynes,7172651.85,8.4,Youtags,Sweden,Tahitian,869206.99,TRUE
"Hollywood Complex, The",Horror,3/30/2011,Laure Piggott,Adda Kilty,8678730.7,2.9,Skimia,Thailand,Kashmiri,458936.85,FALSE
The Girl from the Marsh Croft,Comedy,9/23/2018,Nannie d' Eye,Ardelis Iddins,2363066.52,7.3,Photojam,Indonesia,Chuvash,602159.2,FALSE
"Desert of Forbidden Art, The",Action,5/18/2004,Shalne McKoy,Cecil Campanelle,8421980.39,8.2,Cogidoo,Russia,Cree,982478.71,TRUE
Holidays by the Sea (Ni à vendre ni à louer),Action,1/1/2003,Ebony Woodison,Marcia Northfield,9677616.5,2.8,Shufflester,Poland,Kinyarwanda,465021.81,FALSE
Show Me,Comedy,1/9/2009,Concordia Buss,Guillaume Budgey,5977687.27,6.8,Yamia,Philippines,Vietnamese,228132.13,FALSE
Scream of Stone (Cerro Torre: Schrei aus Stein),Drama,12/6/2010,Kerrie Deble,Abbott Mayfield,5201608.2,0.5,Skivee,Indonesia,Swati,381731.07,TRUE
"Walk Among the Tombstones, A",Drama,9/3/2000,Bald Waterfield,Sven Selley,1680050.39,5.5,Chatterpoint,South Africa,Sundanese,531318.84,TRUE
"Candidate, The",Horror,9/23/2012,Trudi Camm,Rand Jinda,7469774.82,2.9,Dablist,Malaysia,Azerbaijani,955739.35,TRUE
"Yank in the R.A.F., A",Horror,7/27/2006,Fionna Dunwoody,Tarrance Borthram,7570285.55,4.2,Buzzshare,Russia,French,259903.19,FALSE
Beautiful Boxer,Comedy,5/10/2004,Kaitlyn Bassom,Amalita Scottini,8217906.73,2.9,Zoonder,Ireland,Latin,764523.26,TRUE
"Best Little Whorehouse in Texas, The",Action,11/5/2022,Olympe Dimmock,Gerry Tonkes,8973767.97,8.8,Blogtag,Colombia,Zhuang,18583.65,FALSE
"Heart in Winter, A (Un coeur en hiver)",Drama,3/4/2016,Shani Mum,Merlina Retallack,4945162.3,6.2,Mydeo,Russia,Avaric,532796.39,FALSE
Bert - Den siste oskulden,Action,4/11/2019,Lurette Mechic,Dulci Delouch,2309282.65,5.8,Lajo,Iraq,Welsh,698653.49,TRUE
El Lobo,Horror,10/23/2017,Corilla Lally,Nap Hilling,6581658.99,0.4,Oyondu,Indonesia,Kanuri,863767.95,FALSE
Mentor,Comedy,8/17/2021,Kingsly Brownlow,Quill Billitteri,8580149.03,8,Zoomzone,Norway,Sichuan Yi,634079.38,TRUE
Sands of Iwo Jima,Sci-Fi,10/9/2018,Ingeberg Dyka,Juliet Hully,2845603.97,2.6,Tagtune,China,Bengali,71953.57,TRUE
Au revoir les enfants,Comedy,11/14/2012,Marley Ceney,Alverta Parlour,9809254.42,7.7,Feedspan,Argentina,Xhosa,214086.38,FALSE
Dragon (Wu Xia),Drama,9/21/2005,Timmy Hinsche,Heather Jeratt,6131776.51,4.1,Trupe,Thailand,Macedonian,896818.18,FALSE
Universal Soldier,Drama,2/28/2015,Bernard Brozsset,Paulie Grint,8397519.37,7.7,Rhybox,China,Japanese,703593.97,TRUE
Fun,Comedy,2/7/2018,Sloane Skingle,Joelie Halbert,8191063.32,2.9,Ailane,Japan,Russian,228341.68,FALSE
Cabaret,Horror,1/28/2014,Berna Yaldren,Kirk Lownie,7178993.73,7.4,Brainsphere,Brazil,Basque,762238.57,TRUE
"Monster Squad, The",Comedy,7/2/2014,Menard Edney,Karin Jeffreys,4439565.24,8.2,Omba,Nigeria,Bislama,306006.24,TRUE
"Dust of Time, The",Drama,8/19/2003,Sarette Kilfoyle,Bethanne Enrico,1293891.03,1.7,Geba,China,Uzbek,577362.12,TRUE
"Grey Fox, The",Horror,4/6/2005,Alexandros Marians,Algernon Somner,1499005.3,2.3,Tagcat,Portugal,Kashmiri,492533.94,FALSE
Make Believe,Action,3/4/2008,Jeth Ponten,Bethanne Netherwood,3251060.93,0.6,Dazzlesphere,China,Marathi,953680.13,TRUE
Grease,Sci-Fi,4/12/2017,Quintana Ouldred,Jannel Ikin,2582839.13,8.1,Twitterwire,Sweden,Marshallese,310585.57,TRUE
Ski Patrol,Sci-Fi,1/8/2009,Tiff Wingar,Nicky Dragon,254330.36,8.6,Katz,Russia,Kazakh,562059.69,TRUE
Kama Sutra: A Tale of Love,Drama,1/5/2020,Berta Leigh,Germain Gudgen,730823.52,9.6,Zoombeat,Bolivia,Inuktitut,931198.63,TRUE
Montana,Drama,4/29/2007,Annabal Picker,Tommi McAlarney,185435.24,2.4,Photospace,Saudi Arabia,Japanese,745254.71,FALSE
Friend Zone (Pagafantas),Horror,12/6/2000,Leola Rois,Ernaline Mammatt,1769051.43,1.2,Tambee,Russia,Swedish,73920.5,TRUE
Who's Your Daddy?,Sci-Fi,10/19/2013,Ainslee Stratz,Catriona Kayley,2357806.73,8.9,Kwideo,China,Tigrinya,31134.04,FALSE
The Siege of Firebase Gloria,Comedy,7/5/2009,Craig Spillett,Blancha Pitsall,2775481.43,7.3,Meejo,China,Azerbaijani,599338.87,TRUE
"Good, the Bad and the Ugly, The (Buono, il brutto, il cattivo, Il)",Action,5/26/2001,Cesaro Jonathon,Sheeree Endrizzi,1122044.18,3.6,Skipstorm,Egypt,Norwegian Nynorsk,721244.24,FALSE
"Puppet Masters, The",Action,12/15/2003,Ricki Idney,Rockie MacCaughen,5297167.14,8.2,Buzzbean,Indonesia,Irish,197611.28,TRUE
Sweet Smell of Success,Horror,10/5/2000,Stephen Shird,Lesley Esberger,7135743.67,5.2,Flashpoint,China,Yoruba,402250.93,FALSE
Collision Earth,Drama,8/11/2011,Eloisa Kleinhausen,Marice Frandsen,6345658.39,0.7,Eare,China,Lao,361440.78,TRUE
Roustabout,Action,2/18/2003,Biron Goad,Michaella Starte,9571569.51,2.3,Photolist,Indonesia,Welsh,77819.12,TRUE
Kundun,Sci-Fi,4/18/2005,Gratia Craik,Fanechka Crompton,5099717.53,8.6,Feedfish,Palestinian Territory,Galician,464836.51,FALSE
Thawing Out (La fonte des neiges) ,Comedy,10/28/2011,Dionne Isabell,Svend Heppenspall,4989625.94,3.4,Trilith,Serbia,"Sotho, Southern",61132.23,TRUE
Celine and Julie Go Boating (Celine et Julie vont en bateau),Sci-Fi,3/21/2020,Orv Fife,Killian Nuccitelli,7483646.15,3.4,Flipstorm,Indonesia,Igbo,973954.84,TRUE
7th Floor,Action,12/21/2000,Mohandis Treace,Drusilla Courtliff,1382489.73,3.5,Gabvine,Poland,Bashkir,753226.81,TRUE
Shadows (Senki),Action,3/1/2015,Winnie Byrkmyr,Darda Littefair,6827464.87,6.3,Ailane,Brazil,Aymara,455183.22,FALSE
Traffic Affairs (Mitfahrer),Sci-Fi,6/7/2009,My Jendrich,Emile Cote,5725554.68,6.3,Meevee,Taiwan,Herero,306221.84,TRUE
Now and Then,Comedy,3/22/2000,Arvy Kilroy,Nestor Bibby,3231596.93,8.2,Camido,Indonesia,Tahitian,847191.45,FALSE
Enemy at the Gates,Comedy,10/6/2007,Ware Kuscha,Innis Castellino,9102309.61,9,Skyvu,France,Estonian,252256.4,FALSE
One Mile Away,Sci-Fi,11/30/2017,Dana Chicchetto,Miguela Zoellner,4158614.9,4.6,Browseblab,Netherlands,Indonesian,989488.65,FALSE
Urgh! A Music War,Comedy,4/11/2010,Elston Hawksley,Rossie Glanert,3478786.24,2,Meeveo,Peru,Western Frisian,825440.63,FALSE
Just love me (Tylko mnie kochaj),Comedy,5/9/2019,Sandy Adney,Alvis Francklyn,2187117.75,3.7,Meevee,Swaziland,Tatar,888771.14,TRUE
Freakin' Beautiful World (Sairaan kaunis maailma),Sci-Fi,2/28/2012,Marten Batteson,Odessa Corbyn,6888907.36,1.7,Realbuzz,Indonesia,Oriya,681410.3,TRUE
Déjà Vu (Deja Vu),Horror,9/23/2014,Biron Hernik,Aubert Moulster,8201677.93,8,Eire,Russia,Yoruba,442785.94,FALSE
Stockholm Stories,Horror,11/17/2009,Dolf Rains,Timothy Kolis,7892216.29,6.6,Flashset,Guam,Finnish,827997.85,FALSE
Cold Prey III (Fritt Vilt III),Horror,9/4/2017,Gilberte O'Dowling,Bobbie Buckthorp,6681831.23,5,Skyndu,Poland,Occitan (post 1500),557447.93,TRUE
Godspeed You! Black Emperor,Comedy,9/12/2014,Jarrid Clementel,Keir Mowsdell,2462964.34,2.7,Gabspot,China,Central Khmer,881657.05,TRUE
"Fast Five (Fast and the Furious 5, The)",Drama,5/29/2015,Jolynn Barrs,Kris Pranger,8547252.87,3,Jetpulse,China,Afar,499373.71,FALSE
Poor White Trash,Sci-Fi,7/1/2009,Briano Dukes,Federica Kavanagh,8006231.21,8.2,Twimm,Sweden,Luba-Katanga,671126.6,TRUE
How Tasty Was My Little Frenchman (Como Era Gostoso o Meu Francês),Drama,2/24/2000,Gard Andreini,Tanner Stoven,1147228.1,4.5,Bubbletube,France,Ojibwa,152671.07,TRUE
Blind (Beul-la-in-deu),Action,9/29/2005,Berkley Willmer,Grannie Salomon,5356309.87,4.3,Linktype,Indonesia,Luxembourgish,499629.24,TRUE
Jay And Silent Bob's Super Groovy Cartoon Movie,Drama,5/22/2009,Maximilian Layburn,Anitra Bunkle,4833903.07,8.4,Camimbo,United States,German,491620.78,FALSE
Kairat,Drama,7/29/2011,Clementina Ayer,Fancie Castiblanco,2912469,9.7,Browsebug,Sweden,Komi,184225.22,TRUE
Lonely Are the Brave,Comedy,12/17/2011,Hashim Ginnally,Asa Pash,7804067.57,2.7,Shuffledrive,China,Azerbaijani,770298.39,TRUE
Follow the Fleet,Action,3/27/2013,Rebeca Martino,Katya Reinger,1398573.99,0.4,Youopia,Argentina,Cornish,724926.48,TRUE
"Power of Kangwon Province, The (Kangwon-do ui him)",Action,1/1/2015,Johannah Pinwill,Phylis Lumm,8784137.53,1.8,Kayveo,United States,Kinyarwanda,774330.67,TRUE
"Poseidon Adventure, The ",Action,2/18/2014,Forester Blakemore,Rabi Fulep,5681969.99,8,Shufflebeat,Macedonia,Divehi,584036.31,FALSE
"Notti bianche, Le (White Nights)",Comedy,6/22/2002,Melesa Bausor,Wendie Standring,7959741.34,5.5,Livefish,Indonesia,Akan,943231.56,TRUE
"First Deadly Sin, The",Comedy,4/12/2001,Vail Ketcher,Addison Bolin,1546195.51,8.9,Yodo,Jamaica,Marshallese,662550.12,TRUE
External Affairs,Action,5/21/2011,Nolan Vasilov,Bartlet Tatnell,3057785.12,4.6,Babbleblab,Indonesia,Gaelic,600411.03,TRUE
Sparkle,Horror,9/22/2020,Bertrando Skettles,Wyatt Brower,990990.4,3.2,Edgeclub,Indonesia,Abkhazian,99502.09,TRUE
Ride Beyond Vengeance,Horror,3/21/2007,Antonina Sibun,Dion Martina,1757375.89,5.4,Feedfire,China,Romansh,852239.57,FALSE
Nuts,Comedy,3/13/2019,Garnet Pyffe,Jennifer Samper,6294356.9,7.7,Devshare,Indonesia,Lingala,436565.42,TRUE
Rapid Fire,Comedy,2/6/2002,Eran Male,Krystle Coultass,1798077.38,1.8,Mymm,France,Kongo,802580.78,TRUE
Rhyme & Reason,Comedy,3/26/2003,Torrey Broseke,Ingmar Giabucci,667190.13,9.2,Photofeed,China,Norwegian Nynorsk,502215.16,TRUE
Abbott and Costello in the Foreign Legion,Sci-Fi,12/9/2011,Michelina Vasyanin,Patrick Artois,5366135.98,1.7,Mynte,Poland,Norwegian,229217.63,FALSE
Nine Deaths of the Ninja,Horror,4/15/2004,Sorcha Domney,Leslie Donett,4462250.1,2.6,Vipe,Indonesia,Dutch,831597.67,TRUE
Tokyo Zombie (Tôkyô zonbi),Drama,6/1/2022,Erasmus Jurges,Sabina Kettlesing,9056742.02,5.1,Twitterwire,France,Ojibwa,78860.21,FALSE
"Organization, The",Drama,4/23/2011,Murry Malyj,Brandea Able,6147753.18,1.8,Gigazoom,Russia,Tigrinya,803488.43,TRUE
I Accuse,Sci-Fi,12/25/2001,Gene Applegate,Alex Donaghy,3476149.26,4,Aivee,Egypt,Irish,773382.7,TRUE
Casino Royale,Action,11/18/2009,Beverly Dencs,Hubey Medley,1970889.86,1.8,Realfire,Russia,Chinese,361697.29,TRUE
Bless the Child,Action,10/8/2003,Sherry Chevis,Em Marriot,728502.34,6.2,Tagcat,Indonesia,Telugu,133475.5,TRUE
"Ring Two, The",Action,12/16/2014,Ronnie Place,Maiga Suddick,6711062.36,9.2,Kwideo,Colombia,Inupiaq,903717.82,FALSE
Baghead,Drama,6/17/2006,Lanny Yitzovicz,Melisande Cater,6124685.1,9.9,Quinu,Thailand,Tagalog,381776.8,TRUE
Lady Killer,Comedy,4/1/2022,Cristine Tamblyn,Barnie Gaitley,6158125.87,8.7,Photobean,Indonesia,Croatian,365087.01,FALSE
Next,Action,6/11/2004,Elana Lippitt,Kassie Churchyard,9215259.98,1.4,Plajo,New Zealand,Ewe,123068.81,FALSE
"Banger Sisters, The",Drama,9/3/2020,Darya Skace,Sigfrid Winsom,7920638.27,5.7,InnoZ,South Korea,"Ndebele, North",917091.12,TRUE
Sleepover,Drama,6/17/2004,Salomone Nazair,Coral Hazelgrove,4190354.23,5.2,Fatz,Sweden,French,683520.34,TRUE
Son in Law,Horror,1/2/2015,Karissa Burberry,Cristian Basnett,2199875.59,5.5,Browsecat,China,Lingala,443941.61,TRUE
Die Another Day,Sci-Fi,9/4/2012,Henry Titcombe,Robbert Bond,6495854.05,4.2,Voonder,Russia,Persian,150945.6,TRUE
"Sun Also Rises, The",Drama,8/4/2022,Ashil Olenchenko,Ingamar Disbrey,8391973.29,1.3,Mydeo,Dominican Republic,Venda,810881.49,FALSE
Mona Lisa,Drama,11/14/2002,Stevena Keavy,Chet McCurtain,5022784.77,0.1,Thoughtstorm,Portugal,Uzbek,266612.4,FALSE
"Land Before Time, The",Comedy,6/7/2012,Francesco Petit,Jeanelle Coales,587022.04,2,Tagcat,China,Ewe,415196.83,FALSE
Raw Meat (Death Line),Drama,4/14/2007,Lynnett Kurt,Lari Terrill,7348321.93,7.7,Jabbercube,United States,Chichewa,477805.93,FALSE
Rent,Comedy,8/27/2022,Herrick Sharrard,Jacenta Lewis,6587338.32,6,Meevee,China,Welsh,610810.05,FALSE
Ricky & Barabba,Horror,1/4/2015,Vachel Musterd,Eziechiele Housley,8836602.11,7.2,Quimba,Syria,Divehi,356342.98,FALSE
False as Water (Falsk som vatten),Drama,7/11/2017,Jermain McCosh,Mata Scoffham,3186341.61,8.3,Wikizz,Philippines,Avaric,553272.15,TRUE
Lockdown,Action,11/12/2022,Townie Keedwell,Angie Borkin,2281880.64,0.9,Mydeo,China,Venda,411332.34,FALSE
Glasses (Megane),Sci-Fi,3/23/2001,Reed Fullalove,Crichton Kiessel,3567182.64,1.2,Yozio,Brazil,Luba-Katanga,96581.88,TRUE
Lost Horizon,Horror,1/6/2013,Welsh Royste,Calley Dury,8382536.52,7.4,Devcast,Malta,Chamorro,663561.51,TRUE
Mad Ron's Prevues from Hell,Horror,7/14/2011,Grata Marklew,Willetta Paxforde,1283219.62,4.6,Bluejam,Benin,Indonesian,836651.53,FALSE
"French Connection, The",Horror,10/4/2010,Gunther Henlon,Arluene Springthorpe,1219186.07,5.7,Ailane,Ireland,Sango,16233.21,TRUE
Excuse Me for Living,Comedy,11/18/2020,Hilliard Jacmar,Aleta Isaac,1224928.9,3.2,Vinder,Benin,Pushto,52506.99,TRUE
"Spaghetti West, The",Action,5/9/2020,Herrick Filippyev,Inglis Heinsh,8944173.46,6,Wikizz,Argentina,Marshallese,315222.17,FALSE
Modern Romance,Sci-Fi,12/10/2000,Aurelia Glowacz,Atalanta Beloe,8686495.74,8.6,Thoughtworks,Indonesia,Serbian,889317.77,TRUE
"Legend of 1900, The (a.k.a. The Legend of the Pianist on the Ocean) (Leggenda del pianista sull'oceano)",Action,4/7/2008,Sigfried Smellie,Koo Burchard,4516237.04,4.4,Minyx,China,Central Khmer,439656.94,FALSE
Spinout,Drama,8/12/2005,Justinn Wendover,Tiphani Oxtoby,8018803.49,1.1,Buzzdog,Poland,Breton,880980.01,FALSE
Graveyard Shift (Stephen King's Graveyard Shift),Horror,7/20/2016,Millie Balleine,Kalvin Connor,4843028.86,6,Skimia,France,Georgian,169289.4,FALSE
Panic Button,Drama,8/26/2012,Yolanthe Baxstair,Sofie Nutbean,1901435.12,3.9,Kazu,Serbia,Kirghiz,807871.84,TRUE
Shoot the Piano Player (Tirez sur le pianiste),Comedy,9/2/2000,Irita Charles,Justinian Clashe,275507.97,0.9,Snaptags,China,Divehi,27837.33,FALSE
"Heartbreak Kid, The",Comedy,1/19/2018,Filbert Monteath,Craig Lince,2745497.39,6.3,Yamia,Faroe Islands,Wolof,179945.5,TRUE
"Story of Floating Weeds, A (Ukikusa monogatari)",Horror,10/12/2018,Tan Vanin,Ravi Butte,1839932.55,7.2,Twimm,Czech Republic,Swedish,183128.68,FALSE
Jumping the Broom,Horror,5/27/2010,Darin Foley,Augusta Patemore,9042759.63,2.9,Mynte,Indonesia,Turkish,644043.49,FALSE
The Gamers,Comedy,3/11/2017,Brendon Corssen,Nonnah MacCourt,1756683.39,5.5,Brightdog,United States,Ukrainian,789727.22,TRUE
Home Sweet Hell,Drama,9/5/2019,Saw Blackborough,Jania Yushin,7024446.87,9.2,Browsetype,Indonesia,Lithuanian,129552.95,FALSE
Izo,Comedy,4/17/2010,Evaleen Mitchel,Brandyn Waldie,5909770.4,3.6,Yakijo,Malaysia,Dzongkha,681303.22,FALSE
Devil's Playground,Action,5/29/2005,Lurline McCutcheon,Webb Jeroch,8845383.59,3.3,Aibox,Philippines,Telugu,402033.24,TRUE
Katsastus,Drama,9/1/2008,Madalyn Pryor,Carola Wiggington,6525283.36,5.8,DabZ,Brazil,Telugu,595215.63,TRUE
Every Girl Should Be Married,Action,11/3/2009,Creighton Gheeorghie,Josepha Lottrington,6378009.77,2.7,Photolist,Russia,Corsican,976531.66,TRUE
"Driver, The",Action,9/18/2010,Coretta Daniells,Minnnie Biddy,6428231.6,7.5,Kayveo,China,Spanish,513432.39,FALSE
Jill the Ripper (Jill Rips),Horror,3/1/2016,Dulcia Sackler,Ronald Scuffham,825526.13,9.1,Eayo,Indonesia,"Bokmål, Norwegian",783751.44,FALSE
Judy Berlin,Horror,10/20/2015,Illa Gurrado,Myrle Benwell,9008236.9,1.4,Meembee,Brazil,Tatar,809650.14,TRUE
Bewitched (Alter Ego),Horror,3/4/2012,Isadore Mosco,Raff Whylie,4779806.74,3.7,Miboo,Venezuela,Marshallese,41796.22,FALSE
Kenny Begins,Horror,7/26/2019,Gilli Armfield,Julian Torpie,8931528.79,7.2,Zava,United States,Wolof,898252.29,TRUE
3:10 to Yuma,Action,11/28/2010,Demeter Bratcher,Jacintha Blackmoor,5722309.07,3.4,Yabox,Brazil,Guarani,557719.04,TRUE
"Man Who Couldn't Say No, The (Mies joka ei osannut sanoa EI)",Action,4/2/2008,Renee Seignior,Theadora Bontoft,5967704.06,8.6,Skibox,Bosnia and Herzegovina,Avaric,413306.41,TRUE
Julia,Sci-Fi,9/14/2020,Templeton Crowcher,Raina Balls,9754921.65,4.4,Thoughtmix,Vietnam,Oromo,881081.31,FALSE
Relative Fear,Sci-Fi,2/16/2011,Elsbeth Kittel,Townsend Tincey,4036971.87,8.7,Kwimbee,South Africa,Guarani,371575.6,TRUE
Dhoom,Comedy,5/19/2011,Dode MacCombe,Chariot Foskew,3434409.93,9.1,Ntag,Indonesia,Marathi,927968.73,FALSE
Springsteen & I,Horror,10/26/2012,Oneida Heater,Karry Dolder,2784307.73,7.9,Skilith,Argentina,Nepali,806853.07,FALSE
El asombroso mundo de Borjamari y Pocholo,Horror,6/6/2013,Osborne Barlace,Sephira Panchin,4422925.17,6.1,Bluejam,Indonesia,"Ndebele, North",397461.32,TRUE
Chloe,Action,7/15/2006,Arleyne Cotgrove,Josephina Will,3841781.96,6.9,Topicstorm,Haiti,Croatian,132712.98,FALSE
Wonder Bar,Drama,3/5/2020,Salome Stamper,Tobit Lummus,8882968.88,5.8,Rhycero,Greece,Kannada,258427.28,TRUE
"Wrong Man, The",Drama,3/23/2007,Oby Bresner,Orazio Ollett,2203394.7,3.8,Divanoodle,China,Tibetan,696703.39,TRUE
Made in Heaven,Action,6/24/2001,Isaac Pakes,Elbertina Fodden,9219532.13,1.9,Skiptube,France,Slovenian,574482.06,TRUE
Southland Tales,Action,2/10/2007,Ferrell Zannelli,Joletta Bemment,843809.92,4.4,Fivebridge,China,Wolof,30499.84,TRUE
Team America: World Police,Comedy,6/28/2014,Yale Klesse,Jobie Kramer,2284834.16,8.5,Omba,China,Luxembourgish,217916.1,TRUE
Dominick and Eugene,Drama,3/5/2014,Marta Kordova,Joli Stapells,3414769.89,4.2,Eadel,Vietnam,Assamese,90887.84,FALSE
Bugs Bunny's 3rd Movie: 1001 Rabbit Tales,Drama,8/26/2014,Tony Agget,Bowie Riolfi,9735048.89,4.4,Tekfly,Indonesia,Norwegian Nynorsk,85417.79,FALSE
"Truth About Emanuel, The",Action,12/20/2004,Sheilah Loddon,Kile Monni,8876573.18,2.9,Kwimbee,Belgium,Chechen,293697.77,TRUE
Elvis: That's the Way It Is,Comedy,10/30/2018,Clemmie Varker,Justine Whyffen,9114284.19,0.9,Kare,Yemen,Estonian,329373.19,TRUE
"Loss of a Teardrop Diamond, The",Comedy,9/23/2015,Pattin Spurier,Larry Crouch,279963.91,6.7,Topicshots,China,Burmese,86935.16,TRUE
"Big Night, The",Sci-Fi,4/4/2006,Chadwick Cronchey,Lane Krauss,7724379.22,8.5,Leenti,Poland,Chichewa,919937.67,TRUE
Coma,Drama,12/13/2020,Bertine West,Sonni MacGibbon,7721892.23,1.3,Skyba,United States,Divehi,973922.55,FALSE
Pearl Jam Twenty,Sci-Fi,10/6/2017,Conway Else,Hilde Blackborow,5636780.82,9.4,Quimba,Finland,Aymara,934169.6,FALSE
JFK,Action,5/10/2017,Adrianna Vyvyan,Adara Rimer,2519586.85,3.5,Minyx,Mongolia,Icelandic,772981.24,FALSE
Royal Wedding,Horror,6/26/2010,Etty Farlam,Jemmy Hodcroft,3696814.91,1.3,Rhyloo,China,Chinese,434772.37,TRUE
Aladdin,Comedy,6/15/2011,Heidi Readwing,Huberto Gowrich,9228699.96,8,Zoomzone,Indonesia,German,499168.4,TRUE
Citizen X,Action,8/29/2017,Hugh Withinshaw,Sebastian Brittles,2292410.11,2.7,Edgetag,Peru,Maori,627517.6,FALSE
"War of the Worlds, The",Horror,5/11/2010,Frederick Worsnip,Chloris Le Grove,4093852.85,3.2,Wordpedia,Russia,Occitan (post 1500),221916.16,TRUE
"Tür, Die (Door, The)",Drama,3/31/2003,Richardo Tootin,Adey Puddifer,2980255.48,2.2,Photojam,China,Aymara,757588.74,TRUE
"French Minister, The (Quai d'Orsay)",Action,7/26/2001,Ansley Roncelli,Fidelity Geratasch,6518398.38,3.6,Talane,Philippines,Nepali,718971.59,TRUE
Prom,Action,6/25/2012,Rozanne Leport,Blanch Geockle,4355810.41,0,Pixope,Vietnam,Slovenian,674118.68,TRUE
Gore Vidal: The United States of Amnesia,Action,7/7/2015,Tiebout Shakeshaft,Cortney Hallet,2351486.96,3.4,Zava,France,Oriya,56935.34,TRUE
"Daytrippers, The",Action,8/6/2003,Humphrey Macklam,Micheline Orkney,7975325.94,4.4,Fivechat,China,Albanian,513517.95,TRUE
Warriors of Virtue,Action,1/17/2018,Amaleta Emblow,Wright Cornil,1248638.21,6.5,Jaxworks,China,Afrikaans,655545.61,TRUE
Metallica: Through the Never,Comedy,9/1/2003,Heidie McCuaig,Pauletta Burbage,751397.8,1,Wikizz,Tuvalu,Zhuang,941573.61,FALSE
Training Day,Sci-Fi,12/8/2014,Cecilio Kegg,Cordell Papachristophorou,5775498.09,9.6,Skibox,Russia,Tsonga,33465.85,FALSE
Asphalt,Sci-Fi,9/17/2007,Tildy Berthomier,Sherry Rickard,494567.57,8.2,Topiclounge,Russia,Northern Sami,96108.23,TRUE
Cannibal Women in the Avocado Jungle of Death,Sci-Fi,12/27/2001,Norry McFaell,Fania Petr,9897139.43,9.9,Ainyx,Tanzania,Assamese,398914.05,FALSE
Casual Sex?,Comedy,9/30/2013,Kylie Etheridge,Ax Mabson,8063252.59,7.1,Tambee,Uruguay,Tatar,123040.74,TRUE
Always Leave Them Laughing,Drama,3/4/2007,Bank Algar,Bradley Smallman,3361573.57,2.6,Kazu,Sweden,Ndonga,27336.71,TRUE
Aftermath,Sci-Fi,12/12/2017,Debra Kewley,Vonni Rushbrooke,4053867.49,2.7,Linkbuzz,Philippines,Swati,287714.6,TRUE
"Town is Quiet, The (Ville est tranquille, La)",Comedy,4/4/2003,Bevan Cecere,Grayce Hicks,7381450.26,2.2,Zoonoodle,Panama,Rundi,853032.83,TRUE
"Mexican, The",Comedy,10/3/2007,Deana Vickers,Davis Sawter,1343833.17,4.4,Topicshots,Poland,Croatian,363914.06,FALSE
Kevin Hart: I'm a Grown Little Man,Horror,2/14/2021,Karry Drejer,Gerianna Buey,8291220.28,2,Meeveo,Nigeria,Tahitian,745834.01,FALSE
Sugar Cane Alley (Rue cases nègres),Action,6/14/2012,Ramona Wadeling,Wilmette Dils,8500694.83,7.8,Quimba,Italy,Tonga (Tonga Islands),151086.69,TRUE
Seoul Searching,Horror,4/23/2000,Renelle De Simoni,Bevon Tripp,8908459.55,7.3,Linklinks,Thailand,Turkmen,696029.34,TRUE
Wodehouse In Exile,Comedy,1/19/2009,Elenore Spaughton,Daryl Cordelle,5803403.02,6.5,Rhybox,Indonesia,Georgian,161887.96,FALSE
Admiral Yamamoto,Comedy,5/30/2017,Armin Cockin,Carly Abbiss,6744693.37,0.2,Zoonoodle,Palestinian Territory,Polish,698048.75,TRUE
Bowery at Midnight,Sci-Fi,9/16/2007,Dunn Buzza,Hillie Grunwald,2426858.67,7.2,Reallinks,Chile,Central Khmer,229162.76,TRUE
"Delicate Balance, A",Horror,10/8/2015,Ly Doody,Gabrielle Bazley,5423497.65,7.6,Edgetag,China,Afar,422042.51,FALSE
Killjoy Goes to Hell,Sci-Fi,6/15/2008,Amandy Tattersfield,Dodi Rees,7839906.88,5.9,Shufflebeat,China,Telugu,518307.89,TRUE
Diminished Capacity,Drama,5/21/2021,Tedda Riggulsford,Merell Ivic,9971228.55,7.1,Skajo,China,Sichuan Yi,455281.53,TRUE
"Texas Chainsaw Massacre, The",Action,8/7/2012,Frannie Barrott,Dewain Priditt,1057609.65,6.8,Gigaclub,Dominican Republic,Central Khmer,703855.09,FALSE
Band of Brothers,Action,5/19/2002,Falito Longhorne,Nertie Burdikin,8914470.71,1.4,Devpoint,Brazil,Chechen,390065.01,FALSE
"Theory of Flight, The",Action,8/17/2012,Kathryne Reese,Mersey Bolderoe,9438681.25,7,Divape,China,Yiddish,730882.94,FALSE
Favela Rising,Sci-Fi,8/31/2018,Hugo Jenson,Zorah Backshill,4446719.96,8.7,Yoveo,Poland,Turkish,142872.73,FALSE
Earth Entranced (Terra em Transe),Comedy,4/16/2007,Jenelle Couth,Marylynne Parken,5071057.25,7.8,Kimia,Nigeria,Latin,73139.89,FALSE
Middle of Nowhere,Drama,6/11/2008,Ashton Niess,Cecily Longman,9510136.03,9.3,Buzzbean,France,Thai,349863.08,FALSE
In the Realm of the Senses (Ai no corrida),Comedy,9/23/2008,Pearle Venneur,Juanita Lecky,5260383.53,2.2,Flipstorm,Thailand,"Ndebele, North",849394.71,TRUE
Girls Against Boys ,Action,10/17/2000,Zollie Cutford,Cornelius Tointon,5938587.95,2.2,Eayo,China,Guarani,473730.03,TRUE
The Adventures of Hercules,Action,4/25/2000,Benyamin Scheffler,Jillayne Anneslie,7294765.82,1.3,Edgeblab,Russia,Occitan (post 1500),991613.45,TRUE
Teddy Bears' Picnic,Action,3/17/2011,Fae Kock,Gerri McCutheon,881440.54,3.2,Realcube,China,Sundanese,334692.42,FALSE
56 Up,Drama,2/23/2004,Isiahi Giddens,Jacquenetta Tanby,3450463.29,9.6,Plambee,China,Breton,749953.99,TRUE
The Vexxer,Action,3/14/2021,Russ Caress,Dagny Gilloran,1884016.88,7.2,Dabtype,Indonesia,Occitan (post 1500),933910.86,TRUE
"Mickey, Donald, Goofy: The Three Musketeers",Drama,7/2/2004,Brooks Shew,Abdel Welbeck,5202547.03,7.8,Zazio,Philippines,Zulu,961503.95,TRUE
"Alley Cats, The",Comedy,12/4/2014,Wyn Scola,Beatrice Clitherow,9869891.11,3.4,Realmix,Tonga,Faroese,152334.12,TRUE
'Salem's Lot,Comedy,12/16/2016,Johnathon Escolme,Alfonse Pogosian,8378651.17,7.5,Voolith,China,Mongolian,37236.51,FALSE
Sinbad: The Fifth Voyage,Drama,4/10/2009,Carlynn Speerman,Nathanial Kleinhaut,1775798.04,9.9,Jabbertype,Colombia,Catalan,582249.33,FALSE
27 Dresses,Comedy,10/25/2012,Titus Smitheman,George Weightman,9358421.78,0.6,Oba,Brazil,Uzbek,448879.06,FALSE
"Last Lions, The",Horror,1/21/2008,Karlens Genery,Reinald Sprowson,3861366.57,3.3,Dablist,Luxembourg,Akan,535273.95,TRUE
Austin High,Sci-Fi,5/14/2021,Arvin Freyn,Morley Redhouse,299814.4,3.5,Brightdog,Vietnam,Norwegian,668501.5,FALSE
"Morning After, The",Action,10/21/2005,Chet Dohmer,Min Eastwell,2658816.3,7.8,Tagchat,China,Swedish,117070.08,TRUE
Man in the Saddle,Action,9/24/2016,Trista Moxstead,Trent Allridge,4468910.88,3.8,Ozu,Comoros,Spanish,523850.9,TRUE
Asier ETA biok,Action,11/30/2006,Hynda Lamcken,Kirstin Freddi,6348475.13,1.5,Wikivu,Ethiopia,Swati,891132.49,TRUE
Freeze Me,Horror,5/12/2004,Tracy Barron,Nathan Studdal,8429410.79,1.5,Npath,Senegal,Bashkir,535686.51,FALSE
Blind Date,Action,3/9/2008,Skell Windle,Iris Keepence,9211839.93,9.9,Babblestorm,Somalia,Catalan,711755.79,TRUE
Circus,Sci-Fi,12/17/2019,Willie Dalloway,Matthus Rilston,3640706.91,2.8,Browseblab,Nigeria,Corsican,477990.78,TRUE
The Little Matchgirl,Action,8/6/2010,Shalom Dunmore,Clarette Hargate,1829169.93,5.2,Browsecat,Ethiopia,"Sotho, Southern",744346.8,TRUE
"Year of Living Vicariously, The",Horror,4/28/2021,Bunni Del Checolo,Modesty Castells,8919392.47,0,Browsecat,United States,Slovak,201343.04,FALSE
Oz the Great and Powerful,Sci-Fi,10/28/2020,Vyky Whitehorn,Madelle Littley,1784045.53,5.1,Katz,China,Western Frisian,741037.34,FALSE
C'mon Man,Comedy,12/30/2019,Eva Skirrow,Lavena Dowthwaite,626148.8,5.2,Nlounge,Portugal,Latin,808417.14,FALSE
Little Lord Fauntleroy,Sci-Fi,11/26/2017,Averyl Boyle,Abba Westrey,2756200.71,4.6,Gigashots,China,Bislama,625383.01,FALSE
Ziggy Stardust and the Spiders from Mars,Horror,3/26/2006,Aloisia Eickhoff,Gladys Cossam,7759824.46,1.3,Realfire,Gambia,Haitian,321116.4,TRUE
Fireflies in the Garden,Drama,11/24/2017,Janela Orehead,Conan Pretsel,1063558.73,7.7,Oyoba,Macedonia,Kongo,906906.6,FALSE
Driving Lessons,Horror,4/30/2009,Noella Knibley,Celie Simonutti,6648933.67,4.4,Skidoo,Indonesia,Tsonga,735610.5,TRUE
Patience (After Sebald),Comedy,12/3/2007,Vivia Milkins,Perrine Madner,9368331.93,1.6,Aimbo,Philippines,Chamorro,316308.92,TRUE
"Phantom, The",Action,6/21/2020,Jinny Penburton,Desiree Workes,2510262.17,5.8,Jabbercube,Peru,Chichewa,680620.77,TRUE
The Forbidden Room,Sci-Fi,4/15/2003,Dilly Crippes,Benedicto Pelosi,7819788.95,1.7,Shufflester,Tunisia,Danish,703211.98,TRUE
He Who Dares,Horror,4/23/2000,Mari Rusk,Symon Egiloff,3658109.03,2,Gigaclub,Argentina,Lithuanian,663987.14,FALSE
Journey to Italy (Viaggio in Italia) (Voyage to Italy) (Voyage in Italy),Sci-Fi,2/1/2016,Burl Aulsford,Kurt Kliment,4607804.39,2.4,Buzzbean,United States,Wolof,104250.62,TRUE
Doubting Thomas,Action,6/4/2000,Kristian Angrave,Sandie Larwood,9612880.54,5.3,Meezzy,Bosnia and Herzegovina,Uzbek,476747.24,FALSE
"Dangerous Method, A",Sci-Fi,7/13/2009,Vida Sisnett,Sascha Pegden,5605427.65,0.8,Avamm,Yemen,Welsh,600648.21,FALSE
Napoléon,Comedy,2/15/2000,Emmett Luten,Chadwick Canet,8218157.46,4.9,Photobug,Honduras,Bengali,756837.46,TRUE
Scatter My Ashes at Bergdorf's,Sci-Fi,3/27/2013,Jacinta Crosetto,Gaspard Bartrap,6957198.72,8.6,Eabox,China,Croatian,949042.42,TRUE
Search for the Beast,Horror,5/27/2015,Anatola O'Longain,Stormie Sausman,3357601.83,7,Jaxbean,Peru,Navajo,53650.18,FALSE
The Sword and the Rose,Drama,5/21/2008,Elyn Guilfoyle,Justinian Cullen,9451915.25,1.2,Yoveo,Sweden,Pushto,282559.51,FALSE
Shock Corridor,Sci-Fi,11/14/2014,Loretta Pengelly,Edita Joslow,1282991.65,1.3,Plambee,Philippines,Amharic,193633.69,TRUE
Rare Exports: A Christmas Tale (Rare Exports),Action,5/6/2006,Joshia Farmloe,Hewie Malster,3931267.63,7.9,Meeveo,United States,Divehi,591109.79,TRUE
"Great Train Robbery, The",Horror,7/28/2001,Addi Thickins,Solly Swigg,4130427.24,8.9,Feedspan,Czech Republic,Tsonga,153379.52,TRUE
Demon Lover Diary,Comedy,3/7/2022,Maura Candey,Marlie Fairbanks,467806.41,9.5,Voolith,China,Icelandic,892140.29,FALSE
Phase 7,Sci-Fi,6/14/2018,Imelda Jizhaki,Angelika Biasio,5068738.79,1.5,Kare,China,Swahili,718577.75,TRUE
Just Go with It,Horror,9/7/2011,Amelia Dyter,Mair Renny,266064.87,1.8,Twitterbeat,France,Tatar,238063.13,TRUE
40 Pounds of Trouble,Horror,12/10/2014,Pete McDarmid,Sibbie Fomichyov,3421340.14,5.1,Riffpedia,Botswana,Somali,105888.91,TRUE
How They Get There,Comedy,8/24/2019,Davide Jirasek,Joyous Leadstone,5032224.1,3.6,Tekfly,Latvia,Quechua,564128.4,FALSE
In Vogue: The Editor?s Eye,Horror,11/21/2010,Yancey Hastler,Shayne Fredy,5884694.46,7.2,Demimbu,Vietnam,Esperanto,410490.67,TRUE
King Corn,Comedy,4/28/2000,Jervis Oxborrow,Konstantin Ajam,3981105.69,6.9,Jabbercube,Indonesia,Venda,627166.34,FALSE
"Four Horsemen of the Apocalypse, The",Sci-Fi,11/17/2000,Dillie Tubbles,Darby Trousdale,9525309.99,7.1,Meemm,Portugal,Kazakh,441412.99,TRUE
Flowers in the Attic,Sci-Fi,2/16/2015,Barb Beamont,Keri Chaimson,1233122.8,7.2,Yodo,Finland,Telugu,380029.93,FALSE
Trick,Drama,12/2/2009,Maribel Formilli,Lanni Whorf,9090912.2,5.1,Zoozzy,Norway,Mongolian,742073.15,FALSE
Butley,Drama,6/15/2020,Reuven Cundy,Jonell MacHarg,3167687.19,4,Realfire,Indonesia,Vietnamese,733448.61,TRUE
"Bakery Girl of Monceau, The (La boulangère de Monceau)",Drama,11/1/2010,Franchot Lamba,Gearard Yarnell,6386409.53,5.6,Twitterbridge,Palestinian Territory,Finnish,231986.92,FALSE
Dead Silence,Horror,6/24/2022,Sofie Pilger,Pinchas Chellam,3895188.44,7,Jayo,Venezuela,Vietnamese,436573.42,TRUE
Dark Island,Drama,1/19/2003,Flori Anthes,Dulcy Gullen,6552440.5,0.4,Jetwire,Indonesia,Armenian,419474.99,FALSE
"Black Power Mixtape 1967-1975, The",Sci-Fi,10/16/2018,Rayner Rosle,Federico Fincher,3301187.33,9.9,Bubbletube,Indonesia,Somali,632476.35,TRUE
"Return of the Pink Panther, The",Drama,1/16/2011,Hurlee Rickcord,Regan Scholcroft,2268648.32,1,Rhybox,Palestinian Territory,Tatar,767271.14,FALSE
Private School,Action,6/15/2017,Casandra Ackery,Albertina Habbergham,3936742.04,2.2,Dabtype,France,Akan,188003.43,FALSE
Thunderpants,Drama,3/26/2012,Merwin Cherry,Emery Lazarus,8021122.7,2.3,Yacero,China,Polish,127835.69,FALSE
Cheeky Girls,Sci-Fi,2/17/2009,Madelene Tuppeny,Hy Worsalls,7632758.85,5.8,Yodel,Maldives,Telugu,587052.03,TRUE
"4th Man, The (Fourth Man, The) (Vierde man, De)",Horror,6/20/2016,Elissa Whylie,Guenevere Hymans,6592545.1,5.9,Skyble,Peru,Abkhazian,574994.89,FALSE
War Dance,Comedy,9/26/2019,Leann Manktelow,Tull Jaquest,2864601.45,4.5,Fadeo,Poland,"Greek, Modern (1453-)",413159.3,TRUE
The Cabin in the Cotton,Action,8/14/2002,Gusty Halshaw,Anna-diane Lonnon,4011130.34,3.8,Rhybox,Mongolia,Interlingua (International Auxiliary Language Association),574852.33,FALSE
Always,Action,11/4/2008,Lanae Hazeley,Benjie MacKee,3160277.56,8.8,Yacero,Greece,Pali,572059.53,TRUE
"10th Kingdom, The",Action,3/28/2014,Allsun Westall,Linus Warcup,3947565.67,6.3,Tagchat,China,Gaelic,909385.03,TRUE
Where the Rivers Flow North,Horror,12/16/2009,Grove Brugemann,Artemus Kays,6745071.48,1.6,Edgepulse,France,Guarani,397162.72,FALSE
Lucky Luke: The Ballad of the Daltons,Comedy,9/11/2003,Ardra Bogges,Lexie Hankinson,2144736.36,9.3,Dynava,China,Marathi,532131.85,TRUE
"Temptations, The",Comedy,10/16/2021,Karolina Guye,Mauricio Cossar,4800225.9,3.7,Youfeed,Portugal,Zulu,433225.5,FALSE
Transformers: The Movie,Comedy,5/10/2004,Gannie Abrahm,Nike Elwill,9526408.58,9.7,Skimia,Sweden,Bambara,204757.92,FALSE
Tall Story,Comedy,8/16/2004,Templeton Gotobed,Arabella Titmarsh,5754544.15,1.5,Flashdog,Pakistan,Bislama,168164.91,FALSE
Annie Get Your Gun,Drama,11/30/2021,Myrah Barrs,Danielle Hultberg,2361870.96,4.1,Jabbertype,Indonesia,Kongo,596713.41,TRUE
Semi-Tough,Action,6/7/2020,Lorilyn Jehaes,Rourke Hoggan,4505533,3.9,Ooba,Greece,Herero,869813.31,TRUE
Dead Presidents,Horror,12/21/2010,Nerti Slocumb,Travers Davey,7340981.87,0.1,Feedmix,Czech Republic,Cornish,589953.1,FALSE
Bringing Down the House,Horror,10/15/2019,Stafani Syder,Lauretta Bruster,5510222.54,4.5,Vimbo,Sweden,Kannada,508422.68,FALSE
All Mine to Give,Sci-Fi,3/30/2017,Demetra Lillywhite,Ronda Attwoull,5813248.12,7.7,Blogpad,Ukraine,Inuktitut,376845.03,TRUE
Peep World,Action,9/14/2019,Benedetta Antrag,Der Gaiger,4135732.37,7.4,Zoovu,Russia,Tamil,516062.98,FALSE
"Brotherhood, The",Drama,10/2/2007,Kariotta Oldfield-Cherry,Glenn Mordon,1644345.3,3.6,Feedbug,Barbados,Georgian,684536.23,FALSE
But I'm a Cheerleader,Action,12/29/2021,Wyatan Parken,Gino Lloyd-Williams,9969853.55,7.3,Eayo,Indonesia,Tatar,232373.68,FALSE
"Serious Man, A",Drama,5/10/2016,Rube Kleeborn,Susette McGeagh,5723384.55,8.4,Demimbu,Argentina,Ewe,463496.93,TRUE
"Well Spent Life, A",Drama,3/1/2005,Rachael Took,Garv O'Kerin,6520516.78,8.5,Skaboo,Brazil,Panjabi,439405.39,TRUE
Control,Drama,11/25/2003,Paxon Bullan,Gilli MacDuffie,7100350.02,2,Skipfire,Brazil,Slovak,257303.44,FALSE
Nobody Lives Forever,Action,1/13/2017,Shoshana Maggs,Odille Ducker,1986483.54,2.2,Zoombeat,Portugal,Lithuanian,572575.34,TRUE
Wuthering Heights,Sci-Fi,6/7/2016,Nikoletta Cuchey,Kevon Jone,4976090.31,4.6,Eazzy,Philippines,Ossetian,631598.43,FALSE
Angel and the Badman,Comedy,11/26/2001,Glenine Foulger,Silvana Carnie,2064403.69,6.2,Feedmix,Morocco,Igbo,854199.87,FALSE
Broken Flowers,Sci-Fi,2/27/2008,Chip Tambling,Charleen Tithecott,7746912.91,6.8,Zoomlounge,Indonesia,Turkish,790462.8,TRUE
"High and the Mighty, The",Action,8/2/2022,Court D'eye,Valentine Doret,3656023.05,4.3,Dabfeed,Tanzania,Breton,794615.83,FALSE
"One-Armed Swordsman, The (Dubei dao)",Drama,1/11/2005,Read Devote,Eugenius Whellams,6418753.11,2.7,Eabox,Vietnam,Gujarati,865772.38,FALSE
Godzilla vs. Mechagodzilla II (Gojira VS Mekagojira),Action,5/9/2005,Wynny York,Kellby Ortega,5376051.53,6.1,Wordpedia,Martinique,Fijian,370916.59,TRUE
Clerks,Action,12/30/2011,Gallard Raffan,Zita Ratlee,5729111.46,7.5,Bluejam,China,Belarusian,636069.38,FALSE
X,Action,11/9/2003,Natal Pottage,Almeda D'Ambrosi,5866182.38,1.1,Gabspot,China,Chinese,461946.83,FALSE
Around the World Under the Sea,Comedy,11/14/2000,Fanni Vanner,Elayne Messingham,7220590.37,4.7,Shuffledrive,Russia,Tsonga,417657.4,TRUE
Bringing Down the House,Action,10/15/2016,Margo Kobera,Obediah Joplin,8303978.61,9.1,Avamba,Albania,Macedonian,462954.33,TRUE
Demetrius and the Gladiators,Comedy,5/15/2005,Shep Sherrin,Miquela Codeman,5820016.08,7,Divape,Indonesia,Chichewa,35504.97,TRUE
"Seduction of Joe Tynan, The",Comedy,8/4/2013,Viviana Purbrick,Addi Grioli,5491317.46,1,Gabvine,Vietnam,Lithuanian,351400.65,FALSE
Wreck-It Ralph,Comedy,7/10/2013,Orelia Alderton,Dorian Sicha,9501361.68,2.1,Avaveo,Croatia,Inupiaq,589148.17,TRUE
Sleep Furiously,Drama,1/7/2013,Asher Haseman,Sondra McGilvray,5207918.25,6,Yabox,Poland,Hebrew,196370.77,FALSE
Vacancy,Comedy,9/24/2022,Alexei Smithson,Micheil Ovenell,248574.52,8.3,Quatz,Indonesia,Inupiaq,477252.14,FALSE
"Little Mermaid, The",Horror,10/16/2021,Dominique Berggren,Karolina Yeeles,6423985.66,8.6,Thoughtbridge,Indonesia,Tsonga,881878.72,TRUE
Cars,Comedy,8/23/2012,Kalindi Webby,Kincaid Surgison,6618907.49,9.2,Linklinks,Ivory Coast,Kalaallisut,279891.62,TRUE
Sextette,Horror,10/7/2019,Danna Duny,Darelle Batters,6635790.74,5.7,Muxo,United States,Maori,580751.91,FALSE
Parenthood,Action,7/25/2008,Wendel Marrison,Desirae Book,8592850.27,9.3,Skyble,France,Pali,142113.56,FALSE
New York Minute,Horror,4/15/2004,Wrennie Garlick,Parnell Sloan,9003928.98,5,Thoughtworks,Czech Republic,Igbo,417335.28,FALSE
Louisiana Story,Drama,4/29/2012,Hyatt Jaqueme,Jocelin Propper,6038689.26,8.8,Blogtags,Czech Republic,Ojibwa,254607.51,FALSE
It Might Get Loud,Horror,3/22/2014,Willdon Godsal,Homerus Tithacott,4413680.58,5.7,Skyvu,Indonesia,Wolof,648261.15,TRUE
"Lathe of Heaven, The",Horror,8/3/2004,Deb MacRanald,Alwin Fawson,978448.62,2.5,Skibox,Sweden,Bambara,968446.87,TRUE
From Dad to Son,Sci-Fi,10/1/2015,Brandon Fante,Elbertina Lince,2205041.3,6.9,Zoomlounge,Brazil,Welsh,197147.18,FALSE
Blaise Pascal,Horror,7/26/2015,Worthy Barr,Meryl Giorgeschi,7511712.94,7,Yakidoo,Russia,Avaric,859670.81,FALSE
Voyage to the Bottom of the Sea,Sci-Fi,7/26/2017,Kristos Barstowk,Rora Tewkesberry,4324043.98,1.3,Kamba,Jordan,Bosnian,911265.93,FALSE
Ugly,Drama,4/16/2017,Cleavland Bagster,Pauly Duckfield,4159673.1,1.5,Skiba,China,Lithuanian,826993.16,TRUE
That Cold Day in the Park,Sci-Fi,6/9/2003,Hardy Sprakes,Olia Pattlel,4210449.27,0.4,Gevee,South Korea,"Ndebele, North",697489.97,TRUE
Celestial Wives of the Meadow Mari (Nebesnye zheny lugovykh mari),Sci-Fi,10/11/2008,Percy Quilleash,Bevon Lambswood,6899824.89,8.9,Quire,Portugal,Bambara,298587.87,TRUE
Passion of Mind,Action,3/8/2016,Helsa Keaton,Wittie Oddey,2841752.13,6.5,Voonder,China,Polish,212977.52,FALSE
"Cook the Thief His Wife & Her Lover, The",Sci-Fi,11/4/2019,Edik Ferrarotti,Thurstan McGrah,2247436.92,4.7,Skyba,Philippines,Bengali,263351.21,FALSE
Cass,Comedy,3/19/2018,Radcliffe Geaveny,Cole Oty,229655.01,6.4,Gabtype,Philippines,French,668532.54,FALSE
Kill! (Kiru),Comedy,3/10/2002,Debora Driuzzi,Burke Daniaud,7001121.92,0.6,Kaymbo,Canada,Cree,21285.04,FALSE
Life 2.0,Drama,9/8/2017,Vevay McPeice,Samuele Emlyn,7712957.97,1,Zava,Philippines,Bengali,274593.29,TRUE
"It's Not Me, I Swear! (C'est pas moi, je le jure!)",Comedy,8/2/2002,Clemmy Sebert,Chery Pawden,9348715.66,5.2,Zoomcast,Brazil,Yiddish,827078.13,FALSE
Midnight Madness,Action,5/3/2009,Hermina Beneix,Alexei Reinhart,2730829.99,9.7,Eare,Ukraine,Malagasy,411061.3,FALSE
Cloudburst,Action,2/28/2006,Haskel Crockley,Serena Gormley,1182439.66,1.8,Zoomzone,Indonesia,Tswana,977239.29,FALSE
Royal Wedding,Drama,12/17/2012,Shelley Vigne,Christos Doncom,2005642.26,7.8,Topiclounge,Thailand,Russian,948787.44,TRUE
South Central,Horror,4/24/2015,Ethelin Garshore,Darin Inkles,7732055.8,0.3,Kimia,Thailand,Tonga (Tonga Islands),95421.3,TRUE
Double Tide,Comedy,5/25/2010,Guenevere Illem,Vincents Malpas,6708621.37,8.2,Skajo,China,Tajik,906987.13,FALSE
Asterix in America (a.k.a Asterix Conquers America) (Astérix et les Indiens),Drama,7/14/2001,Faythe Mathissen,Nadia Knocker,5786350.01,4.9,Skipfire,Indonesia,Nepali,613054.33,FALSE
Waking the Dead,Sci-Fi,6/20/2006,Esma O'Luby,Hal Britian,8351220.03,2.3,Skyndu,Panama,Turkish,903717.28,TRUE
John Doe: Vigilante,Horror,4/21/2019,Marion Muat,Luce Mingey,4799260.61,1.1,Plajo,Ukraine,Georgian,981304,FALSE
Bait,Horror,3/8/2012,Geri McPhelim,Creighton Jonsson,3997991.48,6.9,Agimba,China,Slovak,58927.63,FALSE
Countdown,Horror,7/6/2000,Wye Georgievski,Madelin Trenfield,3696787.32,6,Fadeo,Philippines,Serbian,731331.68,TRUE
Getaway,Horror,1/12/2020,Marlena Yesson,Kylie Wheelband,6236129.2,6.4,Buzzster,Indonesia,Romanian,250282.12,FALSE
Salaam Bombay!,Action,6/24/2001,Broderic O' Cloney,Arri Pischof,2956310.42,0.3,Tazzy,China,Hebrew,463858.22,FALSE
"Swamp, The (Ciénaga, La)",Sci-Fi,4/2/2013,Stacy Scholz,Lynna Ackrill,5533487.37,1.1,Yoveo,China,Uighur,465464.51,FALSE
Naturally Native,Sci-Fi,5/14/2020,Beitris Elverstone,Everett Blues,3142143.13,0.2,Avaveo,Portugal,Faroese,932243.68,TRUE
Clean,Comedy,4/3/2017,Darlleen Paolacci,Quinta Blatcher,8778003.43,5.6,Dynava,Nigeria,"Sotho, Southern",446883.95,FALSE
Song of the South,Comedy,11/19/2002,Patrizio Halbert,Grady Gavigan,3669723.67,1.7,Tambee,Ukraine,Northern Sami,380148.75,FALSE
FC Venus,Comedy,9/23/2017,Gennie Twist,Nathan Siddell,9639949.15,3.9,Topicblab,Czech Republic,Samoan,427964.07,TRUE
Dying of the Light,Horror,6/17/2001,Priscella Falk,Myrtle Fudge,803905.83,4,Mita,Brazil,Lingala,897446.83,TRUE
Little Witches,Horror,10/15/2014,Mikel Croot,Pace Bachellier,9885257.33,4.5,Fiveclub,France,Yoruba,243432.51,TRUE
"Private Lives of Pippa Lee, The",Comedy,10/24/2012,Robin Reggler,Maxwell Vasiliev,9873447.15,1.4,Mycat,Portugal,Icelandic,421274.79,FALSE
"Trip to Mars, A",Action,12/6/2001,Witty Tebald,Benyamin Illing,2491997.25,3.3,Dynava,Russia,Afar,530316.53,TRUE
Russendisko,Comedy,11/3/2014,Rance Sherville,Sergent Spurr,4195406.42,6,Vipe,China,Spanish,107907.32,FALSE
Elvis and Anabelle,Sci-Fi,4/3/2015,Jonah Tunnick,Nickie Stitson,9056694.07,8.7,Tagfeed,China,Pali,377216.51,TRUE
"I Love You, Man",Comedy,4/11/2000,Consalve Deekes,Jolie Esmond,6262790.81,2.5,Dabvine,Philippines,Luxembourgish,261579.21,FALSE
"War Wagon, The",Sci-Fi,10/22/2009,Catie Grigori,Eloisa Le Galle,2540118.44,9.8,InnoZ,Nigeria,"Ndebele, South",389776.02,TRUE
Burnt Money (Plata Quemada),Horror,4/28/2005,Tami Manass,Lauraine Stiger,9431822.79,0.3,Edgepulse,Russia,Northern Sami,169192.55,FALSE
Garfield: A Tail of Two Kitties,Drama,5/31/2006,Lorrie Kingsbury,Belvia Trimmell,2932394.62,4.2,Eabox,Portugal,Volapük,489064.84,TRUE
Scary Movie 3,Comedy,9/24/2013,Bianca Quarrington,Linette Tolefree,3657984.64,4.4,Livetube,Sweden,Luba-Katanga,600843.47,TRUE
Circus,Comedy,2/26/2018,Fax Tiltman,Kerry Comer,3961672.38,8.5,Jabberstorm,Sweden,Nepali,807896.01,FALSE
Pathfinder (Ofelas),Action,1/4/2012,Deck Camoletto,Gay Folkerts,7282015.05,8.2,Skyba,Russia,Danish,525580.46,FALSE
Gate of Hell (Jigokumon),Horror,5/3/2011,Brianna Downham,Aldus Ickovicz,2522268.28,1,Twinte,Saint Lucia,Tonga (Tonga Islands),810637.67,FALSE
"White Sound, The (Das weiße Rauschen)",Action,6/9/2004,Shelia Truwert,Cecelia Bunyard,5505416.51,2.1,Voonix,China,Romanian,992193.26,TRUE
Flight,Comedy,11/3/2019,Isac Presidey,Michele Legonidec,945652.89,7.2,Linklinks,Guatemala,Ojibwa,435271.97,FALSE
Taifu Club (Taifû kurabu),Sci-Fi,10/28/2018,Tamiko Scutts,Natalee Rydeard,7330012.5,4.5,Realmix,Denmark,Volapük,752069.34,FALSE
"Hi, Mom!",Comedy,5/26/2006,Didi Wait,Elsi Poundsford,856495.57,3.6,Babbleset,Indonesia,Norwegian,753035.57,TRUE
Seven Up!,Sci-Fi,7/7/2013,Sula Boatswain,Myrtice Lydford,2872876.23,5.5,Meembee,China,Pali,745673.45,TRUE
"Way of the Gun, The",Horror,8/16/2016,Walliw Ninnotti,Faber Stenton,793582.11,0.3,Dazzlesphere,China,Chichewa,830097.51,FALSE
Tibet: Cry of the Snow Lion,Horror,10/6/2017,Leonelle Howat,Vin Watkinson,358157.41,2.2,InnoZ,Philippines,Icelandic,335657.55,FALSE
Dawn of the Dead,Sci-Fi,6/17/2009,Pincus Paladini,Darby Sherwell,8320536.05,9.8,Brainbox,China,Vietnamese,521911.84,FALSE
Wild Horses (Caballos salvajes),Drama,5/26/2015,Nicholle Walsh,Titus Babin,8153315.24,6.9,Zoomcast,China,Sardinian,122401.54,FALSE
"Terminator, The",Comedy,7/23/2022,Fernande Bosma,Cyril Oxbrow,9152248.06,5.8,Jabbertype,Portugal,Bashkir,692466.07,FALSE
Resident Evil: Apocalypse,Sci-Fi,11/20/2005,Jackquelin Kave,Harriett Semrad,7025709.85,7.7,Muxo,Botswana,Kikuyu,639592.34,FALSE
Messengers 2: The Scarecrow,Sci-Fi,9/29/2008,Everett Feldhammer,Tamma Barbisch,5253790.43,8.1,Twimm,France,Navajo,480991.4,TRUE
Moscow on the Hudson,Action,2/13/2014,Maurits O'Hanley,Ola Beckensall,2457993.74,2.5,Jetpulse,China,Georgian,95788.53,FALSE
Algiers,Action,8/3/2010,Lilly Corkhill,Mozes Soot,9205377.91,2.8,Shufflester,Philippines,Faroese,868526.81,TRUE
Stranger on the Third Floor,Sci-Fi,12/22/2001,Georges Sawle,Theodore Stoter,9116432.61,8.1,Kimia,Portugal,Czech,19025.37,FALSE
Highlander: The Search for Vengeance,Comedy,8/23/2019,Chic Bamber,Fidelio Greenier,502560.36,7.2,Gigabox,China,Vietnamese,194077.87,FALSE
"House on Sorority Row, The",Comedy,5/22/2018,Pyotr Gounin,Shandra Kirstein,7569525.15,4.1,Skidoo,South Korea,Spanish,22205.39,FALSE
"Kiss Me, Guido",Sci-Fi,8/6/2009,Adelice Leabeater,Tabor Camelin,7144212.33,2.3,Oyoloo,Indonesia,Latin,829331.54,FALSE
Mr. Wu,Drama,2/28/2012,Larissa Dissman,Benjamin Hallums,6144285.08,4.3,Skibox,Russia,Lingala,513628.6,FALSE
Black Friday,Horror,2/13/2012,Darby Rennox,Kalina Lindmark,5628597.37,7,Brainbox,Brazil,Zhuang,28741.84,TRUE
The Concert for Bangladesh,Sci-Fi,8/10/2018,Janey Odde,Darb Windress,7085167.52,3,Fiveclub,Japan,Marshallese,806310.56,TRUE
Decision Before Dawn,Comedy,10/1/2015,Boonie Price,Reinhard Avramovsky,7855376.48,6.9,Yadel,Indonesia,Chuvash,280097.55,TRUE
"Hero: Love Story of a Spy, The",Drama,2/21/2020,Carolynn Postles,Micaela O'Cahsedy,5868798.97,4,Innotype,Philippines,Tibetan,529837.09,FALSE
Lasa y Zabala,Comedy,5/10/2021,Electra Caddock,Gaby Leeman,3775025.26,3.3,Zoomdog,Thailand,Tajik,398787.18,FALSE
Blood in the Mobile,Sci-Fi,9/7/2006,Amelita O'Hengerty,Joelly Paten,5401341.78,1.9,Yodo,Saudi Arabia,Swedish,503590.22,FALSE
Circles (Krugovi),Drama,5/31/2020,Elmira Kopecka,Roddy Petken,2392235.22,6.9,Voomm,Paraguay,Gaelic,462065.51,FALSE
Longtime Companion,Sci-Fi,4/12/2008,Ericka Olivie,Harrie Mack,2694514.26,9.9,Plajo,Philippines,Pushto,886939.07,FALSE
Emotion,Horror,11/21/2019,Gilbertine Oxford,Pansy Daviot,1234227.55,7.9,Jatri,Azerbaijan,Corsican,437540.94,TRUE
Make Like a Thief (Juokse kuin varas),Drama,10/21/2002,Audrie Bunting,Oliver Firmin,5316071.46,0.8,Linklinks,Indonesia,Chechen,182638.48,TRUE
"Damned, The (Les Maudits)",Comedy,5/30/2006,Orlan Trenoweth,Kimberlee Sissens,4893750.02,7,Wikivu,Russia,Oromo,894776.6,TRUE
Crumb,Horror,4/12/2004,Drugi Cuttle,Lucita Filkov,7791282.83,10,Eare,Japan,Tamil,680137.61,TRUE
Akira Kurosawa's Dreams (Dreams),Action,6/20/2019,Terrell Mackett,Querida Goricke,8044676.5,2.7,Jabbersphere,Czech Republic,Mongolian,703657.88,FALSE
Faithful,Sci-Fi,11/16/2020,Loralyn Macci,Edithe Truett,7063442.17,4.6,Kwinu,China,Interlingue,472855.83,TRUE
Disturbing Behavior,Action,6/30/2022,Viole Maric,Inglebert de Clerk,9024316.32,7.6,Yakijo,France,Ido,562703.76,FALSE
Dream Land,Sci-Fi,6/10/2007,Charity Ling,Claudia Rusbridge,8407443.8,1.8,Dabvine,Jordan,Kannada,261981.38,FALSE
"Expendables 2, The",Drama,6/23/2013,Bunnie Quinion,Mommy Aiston,1912471.18,8.2,Blogtag,Russia,Western Frisian,44576.47,TRUE
Chicken Run,Comedy,8/4/2016,Ber Gorman,Clyde Kytley,7982107.34,5.9,Layo,Serbia,Polish,690357.5,TRUE
"Lonely Place to Die, A",Drama,12/28/2007,Michaeline Langeren,Carlin Allans,8703411.5,1,Dynazzy,Portugal,Ukrainian,138039.08,TRUE
Chocolate Strawberry Vanilla,Comedy,11/11/2021,Maddy Dampney,Putnem Adaway,7563020.93,6.8,Twinte,Colombia,Corsican,707896.72,FALSE
Why Has Bodhi-Dharma Left for the East?: A Zen Fable (Dharmaga tongjoguro kan kkadalgun),Comedy,3/19/2020,Brantley Pauel,Willi Minty,7390273.75,3.9,Mynte,Japan,Hiri Motu,885673.54,FALSE
Streets of Fire,Sci-Fi,12/12/2003,Terrence Koba,Trixy Kingston,6027748.38,9.3,Photospace,Ukraine,Northern Sami,846193.17,FALSE
Facing Ali,Sci-Fi,1/23/2006,Roberto Ockendon,Connor Burd,4307032.69,5.4,Devify,Russia,Pushto,503135.17,TRUE
Deliver Us From Evil,Action,7/12/2009,Norrie Turbayne,Tuck Erskin,132160.6,1.9,Divape,Finland,Shona,568563.78,FALSE
Down Argentine Way,Sci-Fi,5/19/2022,Raquel Jermey,Ramona Maffezzoli,9677364.56,2.9,Fanoodle,Brazil,"Ndebele, North",990182.31,TRUE
Harper Valley P.T.A.,Sci-Fi,3/2/2011,Si Caldecourt,Willis Shillan,4437830.03,3,Avavee,Greece,Avestan,265385.65,TRUE
S.O.S. Eisberg,Horror,5/14/2011,Zack Manntschke,Stephenie Macoun,8350023.55,2.2,Bubblebox,Iran,Malagasy,516523.46,FALSE
Hit Squad,Horror,3/21/2014,Reece Fellow,Carita Woolaghan,6186938.56,7.1,Yoveo,China,Kinyarwanda,862797.57,TRUE
Boys Town,Action,9/9/2010,Ewart Penhaligon,Ferdinand Hyrons,7573350.34,4,Mydo,Thailand,Amharic,921929.13,TRUE
"Brass Teapot, The",Comedy,3/14/2006,Torre Hucklesby,Robbin Aguirrezabala,4023837.14,7.1,Twitterbridge,Greece,Irish,75999.8,FALSE
Alive and Ticking (Ein Tick anders),Sci-Fi,10/20/2000,Gerry Kliesl,Osbert Mount,1531283.03,4,Jabbersphere,Russia,Tigrinya,949078.06,FALSE
Mammuth,Drama,3/15/2009,Noemi McCollum,Katina Ramlot,8177963.65,7.1,Latz,Portugal,Arabic,526074.36,FALSE
Miranda,Comedy,6/18/2006,Vick Kleint,Carolyne Tottie,6951507.73,0.8,Zoomlounge,Tanzania,Sinhala,63153.46,TRUE
Cimarron,Sci-Fi,4/27/2003,Thelma Lait,Hammad Dumbare,9452908.99,1.7,Edgepulse,China,Luba-Katanga,939504.02,FALSE
Dead Silence,Sci-Fi,4/5/2009,Corey Haverson,Yale Sleigh,666709.9,7.4,Linklinks,Germany,Chechen,612176.27,FALSE
Crimes and Misdemeanors,Drama,12/25/2014,Chiarra Ridde,Colby Callar,5935302.48,2.9,Rhyloo,Philippines,Lao,855282.47,FALSE
Where the Day Takes You,Drama,9/27/2008,Daisi Engel,Starla Albasini,9133949.71,8.4,Skippad,Venezuela,Tatar,273621.68,TRUE
"I Are You, You Am Me (Tenkosei)",Drama,9/5/2004,Gloria Kunert,Callean Fraczak,3956104.37,9.6,Minyx,China,Welsh,35902.56,TRUE
Sunshine on Leith ,Drama,1/29/2012,Maudie Marshallsay,Esmaria Minichillo,2451449.84,4.1,Yodel,Honduras,Welsh,430040.77,TRUE
The Brain,Horror,12/18/2015,Lynda McIan,Elvira Jankovsky,6877951.56,9.6,Mydo,Guatemala,Ossetian,112682.16,TRUE
Dangerous Ground,Sci-Fi,10/22/2011,Merralee Cornilli,Camel Follis,9757612.47,6,Jabbersphere,Indonesia,Japanese,722990.19,FALSE
Porky's II: The Next Day,Drama,9/24/2012,Tybi Tidder,Cherin Bispo,4529591.66,0.8,Eayo,Mali,Malayalam,815410.92,TRUE
Fat City,Comedy,3/7/2010,Giraud Starmont,Riley Gutridge,1514502.07,1.7,Yata,United States,Ossetian,774833.45,TRUE
En rachâchant,Horror,12/31/2000,Worth Shakesby,Angelico Lieber,9886692.68,3.9,Jayo,Russia,Slovak,465936.37,TRUE
Go,Sci-Fi,7/27/2021,Julietta Hamal,Stillman Gahan,3373573.69,3.1,Twitterworks,Philippines,Estonian,435978.78,TRUE
Destiny Turns on the Radio,Action,6/18/2014,Nikola Dobbs,Garey Mohammad,9160668.58,7,Linkbuzz,Brazil,Romansh,988288.93,FALSE
"Moderns, The",Drama,5/22/2009,Englebert Ramas,Cherry Jack,4054327.74,0.7,Zoomcast,Ukraine,"Sotho, Southern",832322.74,FALSE
Deliver Us From Evil,Horror,2/23/2008,Claudianus Shobrook,Dimitry Kamen,3449453.04,5.7,Zoomzone,Spain,Russian,238282.21,TRUE
Salaam-E-Ishq,Sci-Fi,3/2/2007,Forbes Drivers,Barn Schaumaker,8254960.61,3.7,Browsetype,Russia,Uighur,197796.1,FALSE
Elvis and Anabelle,Comedy,5/29/2004,Honoria Kitchener,Spense Durrance,6108769.04,4.8,Flashset,Poland,Abkhazian,167399.08,FALSE
"Woman in The Septic Tank, The (Ang Babae sa septic tank)",Sci-Fi,12/26/2008,Thibaut Gremain,Tamqrah Feathers,2117304.44,4.5,Topicware,Ukraine,Chamorro,652875.9,TRUE
"Hit List, The",Comedy,9/1/2019,Alfredo Arrault,Ardyth Ibbetson,9358052.42,9.9,Skyndu,Greece,Chinese,528860.49,FALSE
Hi-Life,Action,6/1/2021,Darwin Cavanagh,Kenna Cremen,6962363.85,1.6,Quire,United States,Zhuang,16819.24,TRUE
Outside Ozona,Horror,7/26/2009,Enos Michelin,Alfred Bevis,7151098.57,2.6,Cogidoo,Philippines,Telugu,877178.98,TRUE
Dance with the Devil (Perdita Durango),Sci-Fi,4/21/2016,Noble Fee,Devlen Narbett,9242433.54,8,Brainlounge,China,Abkhazian,927613.21,TRUE
Wasabi,Action,5/21/2001,Wright Augur,Ewell De Meyer,226773.05,5.7,Edgewire,United States,German,957718.49,FALSE
Suicide Kings,Drama,6/22/2010,Chandal Switsur,Kennan Cabotto,3423680.12,4.2,Quimba,Indonesia,Northern Sami,997064.58,TRUE
Miss Bala,Action,11/2/2005,Saunderson Fairfoot,Wait Bucke,5548526.97,8.1,Teklist,Philippines,Oromo,375338.2,FALSE
Interrogation (Przesluchanie),Drama,6/20/2002,Jedediah Evetts,Dominic Philpots,3707025.46,3.3,Muxo,China,Maori,183704.92,TRUE
King David,Action,7/28/2001,Darcy Mees,Rip Mattessen,1692145.69,5.9,Linktype,Mexico,Tibetan,917325.44,TRUE
Holes in My Shoes,Action,12/20/2005,Kelley Ashling,Shayne Steffan,8337854.62,4.6,Yombu,Indonesia,Northern Sami,797547.12,TRUE
Rowing with the Wind (Remando al viento),Action,8/14/2020,Lelia Husbands,Torrence Aldrich,3404645.36,4.8,Fliptune,China,Sardinian,868264.64,FALSE
"Lawless Frontier, The",Sci-Fi,1/15/2012,Noreen Jordin,Bucky Knath,9574778.17,4.9,Zoozzy,Vietnam,Korean,776601.72,FALSE
Shadows Over Chinatown,Action,8/16/2005,Wyatan McIlmorow,Reginauld Nobriga,7291168.85,9.2,Tekfly,Japan,Marshallese,725102.18,FALSE
Nightcrawler,Drama,1/5/2014,Izzy Butterwick,Abdul Flear,5534950.88,7.2,Edgepulse,Russia,Lao,517284.04,TRUE
We Were Soldiers,Action,2/19/2006,Loralyn McTrustrie,Rochella Christley,1874875.49,5.3,Kwideo,Turkey,Tonga (Tonga Islands),968804.25,TRUE
Agenda: Grinding America Down,Sci-Fi,1/26/2002,Eliza Reddan,Lanette Mayhead,8544379.95,2.6,Voonte,United States,Lao,475384.08,FALSE
Electric Dreams,Action,1/14/2003,Lorettalorna Kettlestring,Simeon Osbiston,9338475.18,4.9,Omba,Indonesia,Armenian,762434.54,FALSE
"Scarlet Letter, The",Sci-Fi,3/4/2009,Dolley Fishburn,Andie Chataignier,2915312.01,7.3,Quatz,Indonesia,Shona,464633.17,TRUE
Lost & Found,Action,4/28/2018,Alexina Stollenberg,Lovell Johnes,243941.9,3.9,Quimm,Vietnam,Serbian,437238.81,TRUE
Sun on the Horizon,Sci-Fi,10/26/2018,Roland Lethardy,Aldus Loveitt,9781466.49,3.3,Browsecat,Ukraine,Norwegian,117009.42,FALSE
Bad Timing: A Sensual Obsession,Action,6/18/2006,Aluino Paoletto,Fina Baistow,8172518.16,8.8,Jetwire,Indonesia,Sango,760962.49,FALSE
Naked Lunch,Sci-Fi,2/13/2016,Colan Penrose,Leshia Prigmore,8969872.59,2.6,Skippad,United States,Spanish,424055.1,FALSE
"Unforgettable Summer, An (Un été inoubliable)",Horror,6/30/2004,Tildy de Courcy,Marcille Hasel,8893092.04,2.1,Jaxworks,Netherlands,Hungarian,220121.32,TRUE
Adventureland,Sci-Fi,4/24/2000,Salmon Restorick,Timi Suston,3246444.25,7.9,Jazzy,China,Tigrinya,430283.37,FALSE
Logorama,Action,7/21/2011,Flynn Note,Ferne Russilll,3275316.28,6.5,Yozio,Philippines,"Bokmål, Norwegian",52222.15,FALSE
My Life in Pink (Ma vie en rose),Drama,2/27/2005,Aubree Parlett,Hedvig Leindecker,4485361.76,5.5,Mita,Honduras,Yoruba,582634.48,FALSE
"Fog, The",Sci-Fi,10/14/2001,Estrella Brack,Kendrick Bess,1131211.42,9.3,Quatz,Iran,Armenian,531992.01,TRUE
Dragonheart,Action,6/20/2014,Ricki Friend,Joane Hidderley,800456.8,5.7,Rhyloo,Brazil,Volapük,956333.46,TRUE
Jack's Back ,Comedy,7/5/2017,Haley Vaun,Willabella Parnall,3933946.43,5,Yakidoo,Syria,Polish,868298.66,FALSE
Horror Planet (a.k.a. Inseminoid),Drama,11/26/2014,Lennard Piborn,Aidan Heigold,7979455.41,2.4,Yacero,China,Telugu,662224.87,FALSE
"Man, The",Drama,11/25/2018,Stuart Hartfield,Delmar Boatwright,1298467.97,4,Dabfeed,Greece,Danish,470724.11,FALSE
"Glass Menagerie, The",Horror,4/10/2006,Shanon Roobottom,Lyman Hassewell,1197652.3,8.8,Meembee,Canada,Rundi,729566.55,FALSE
"Tailor of Panama, The",Action,4/25/2003,Sawyer Bonnett,Mariam Sinnott,2081322.14,0.9,Digitube,Cambodia,Bulgarian,166039.3,TRUE
Shoot 'Em Up,Drama,8/12/2013,Anthe Acutt,Clem Darling,968927.37,10,Dabvine,China,Kashmiri,315745.11,TRUE
Manhattan Murder Mystery,Comedy,10/2/2020,Ogdan Shreeves,Bennett Hodgets,4128401.36,6.9,Oyope,China,Limburgan,475136.73,TRUE
Manito,Sci-Fi,10/30/2016,Arden Thurbon,Chip Baumaier,5101283.78,9.3,Eabox,Mali,Rundi,94585.25,TRUE
Reeker,Drama,6/29/2019,Karee Dewberry,Pearl Blaszkiewicz,2220264.32,5.2,Jatri,Spain,Guarani,245943.83,TRUE
My Avatar and Me (Min Avatar og mig),Action,7/17/2016,Jean McKitterick,Riannon Ballantine,9054331.79,0.9,Fatz,Micronesia,Inupiaq,513215.86,TRUE
Carnosaur 3: Primal Species,Comedy,5/6/2009,Skyler Bockler,Dre MacGaughey,3219845.11,9,Skipstorm,France,Hungarian,391794.25,TRUE
Christopher Strong,Action,7/7/2012,Bronnie Jambrozek,Reinald Crambie,5579914.31,9.6,Wordpedia,Myanmar,Zhuang,20474.56,TRUE
"Reivers, The",Horror,1/22/2008,Robby Hehir,Sada Antonio,2138676.89,5.6,Ntags,United States,Breton,584147.13,TRUE
Thunder Rock,Horror,4/29/2020,Othilie Epinay,Aurlie Kestle,5255096.77,3.1,Meevee,Ukraine,Malayalam,165075.55,TRUE
Salaam Namaste,Horror,6/10/2004,Hort Chisholme,Lynnett Honig,6499319.17,7,Bluezoom,Ukraine,Lithuanian,811230.51,FALSE
Mahogany,Drama,2/26/2002,Moritz Carratt,Darcie Djakovic,3661131.67,1.2,Youbridge,Ukraine,Marathi,233273.67,FALSE
Road to Rio,Sci-Fi,2/11/2008,Manda Meadmore,Emmery Francello,6126796.84,2.1,Twinte,United States,Italian,339735.04,FALSE
Them!,Comedy,8/19/2015,Iseabal Bezants,Charmion Ivanikov,1233783.67,7.9,Meeveo,China,Xhosa,185253.22,TRUE
Pride and Prejudice,Comedy,1/29/2021,Gan Djurkovic,Rayna Thay,1789888.19,8.8,Yombu,Czech Republic,Ukrainian,673388.34,TRUE
Anne of Green Gables: The Sequel (a.k.a. Anne of Avonlea),Action,4/4/2022,Gerladina Bradock,Daryle Snuggs,4269811.51,8.8,Brightdog,Sweden,Georgian,294679.01,FALSE
Paheli,Drama,10/21/2021,Daffi Abatelli,Ingeberg Eger,743447.41,7.2,Roombo,Israel,Ido,340752.34,TRUE
Little Criminals,Action,8/18/2001,Pasquale Blancowe,Lenna Jeary,4971257.35,8.7,Vimbo,Honduras,Kanuri,736129.62,FALSE
Another Me,Sci-Fi,3/11/2019,Sherwynd Purvey,Susi Skeat,7257944.11,3.6,Quimm,Indonesia,Tswana,34495.79,FALSE
Crime Zone,Horror,10/23/2006,Willie Burrett,Martie Greenwood,9729180.94,7.3,Ntag,China,Cree,920322.12,TRUE
Terms and Conditions May Apply,Action,3/19/2017,Alice Duncanson,Natty Fielders,9540146.23,1.7,Yombu,Spain,Central Khmer,992327.36,TRUE
"Planet of the Future, The",Comedy,5/29/2004,Chrissy Godsell,Tobias Giacovetti,4178721.91,8.5,Pixonyx,Poland,Turkmen,887652.12,TRUE
Snow Falling on Cedars,Comedy,8/8/2022,Marlin Grishkov,June Blooman,2472782.16,5.9,Dablist,Ukraine,Limburgan,332821.67,FALSE
Human Traffic,Sci-Fi,12/20/2005,Liana Gue,Fannie Casotti,4293137.71,6.9,Zoomzone,Japan,Basque,549283.53,FALSE
SubUrbia,Sci-Fi,8/19/2012,Deonne Manston,Clary Heitz,8531845.21,5.5,Jaxspan,China,Bosnian,309988.19,FALSE
Rally On! (Ralliraita),Comedy,2/16/2012,Isak Arndell,Berkie Aspin,5082363.88,1.5,Cogidoo,Colombia,Kuanyama,453716.54,FALSE
Let Him Have It,Action,8/21/2019,Clayborn Webling,Emilee Ilyukhov,5277286.16,8.7,Aimbo,Philippines,Armenian,306759.99,TRUE
Free Willy 2: The Adventure Home,Sci-Fi,7/8/2013,Base Simanenko,Ramsay Martinetto,4276022.85,1,Jabberbean,Russia,Slovak,256773.26,FALSE
Loaf and Camouflage,Sci-Fi,6/21/2008,Celinda Binder,Nickie Athridge,1503102.91,9.8,Chatterbridge,China,Serbian,895548.9,FALSE
Homecoming,Action,4/16/2019,Perle Lowey,Marne Gresham,9054824.1,8.2,Rhyzio,Sri Lanka,Interlingua (International Auxiliary Language Association),293530.8,TRUE
Forget Paris,Horror,12/13/2010,Coop Tedman,Flossi Easton,4776985.17,8.8,Twitterbeat,China,Oriya,269528.8,FALSE
Cheech & Chong's The Corsican Brothers,Comedy,5/30/2009,Fayina Toplis,Karlens Cobbledick,8842189.22,10,Topdrive,United States,Assamese,938195.04,TRUE
"Whisperers, The",Sci-Fi,10/31/2001,Cooper Luquet,Dynah Wingrove,3871845.5,3.5,Skivee,Benin,Central Khmer,185548.94,TRUE
Revenge,Sci-Fi,3/28/2004,Pauline Cuer,Benson Gilbane,8948507.01,4,Livetube,Philippines,Faroese,734691.03,TRUE
"Injury to One, An",Sci-Fi,7/27/2017,Marla Derry,Cherish Supple,4868677.54,9.9,Skiptube,China,Macedonian,664785.8,TRUE
Sunset Blvd. (a.k.a. Sunset Boulevard),Sci-Fi,11/11/2016,Margarita Muggeridge,Stanton Copozio,8466019.62,0.8,Photobean,Philippines,Kannada,388639.57,FALSE
"Macbeth (a.k.a. Tragedy of Macbeth, The)",Horror,7/1/2012,Robers Deare,Dorita Everit,7658789.91,1.9,Photobug,Mexico,Chinese,102616.59,TRUE
John Rabe,Comedy,8/7/2006,Gypsy Padly,Andeee Kalaher,3874457.35,5.1,Jetpulse,China,Bislama,461938.82,FALSE
"Tramp, The (Awaara) (Awara)",Comedy,2/18/2020,Yvor O'Hengerty,Maria Curzey,7702441.34,1,Twitterbridge,United States,Twi,662045.62,FALSE
"Friend of the Deceased, A (Priyatel pokonika)",Sci-Fi,8/30/2013,Galvin Cornill,Marshall Indge,3518911.69,2.5,Fanoodle,China,Pali,857581.94,FALSE
Snow on Tha Bluff,Comedy,5/29/2019,Melvin Hathaway,Emile Emburey,9849547.77,4.5,Youspan,Indonesia,Kurdish,685826.58,TRUE
Catastroika,Horror,7/25/2014,Josiah Billyeald,Everett Petersen,4742752.75,4.9,Trupe,Indonesia,Uzbek,41918.72,TRUE
Fright,Comedy,9/29/2021,Sissie Kingscote,Coleman Boydle,9607013.59,7.2,Voonix,Portugal,Javanese,396473.12,TRUE
"Amityville Curse, The",Action,6/16/2005,Gianni Portis,Huntlee Shewry,8107285.31,4.3,Tagopia,Japan,Ojibwa,768841.36,TRUE
Coogan's Bluff,Sci-Fi,7/12/2009,Diarmid Chattell,Gretel Liffey,3032374.9,1.6,Divavu,Slovenia,Uighur,688543.22,FALSE
"War Within, The",Drama,11/16/2022,Gladys Topping,Jodi Delafont,4922409.98,3,Yadel,Ukraine,Malay,52623.62,TRUE
Madonna of the Seven Moons,Sci-Fi,6/4/2007,Wilhelm Dunridge,Bay Scafe,4392989.19,9.7,Thoughtbridge,Mexico,Icelandic,583878.87,FALSE
Careful,Action,10/1/2020,Ruben Plant,Ric Hitcham,7224411.55,5.5,Mita,Indonesia,Irish,377480.05,TRUE
"Illusionist, The (L'illusionniste)",Action,10/11/2021,Clare Lenham,Jon Templeton,1818432.46,6.1,Gabcube,Kazakhstan,Romansh,583370.15,TRUE
Seven Brides for Seven Brothers,Action,4/18/2009,Hermione Noon,Emili Tutsell,3148800.43,3.5,Mymm,Slovenia,Hungarian,493584.1,TRUE
Divorce,Action,10/3/2019,Rowena Allibon,Peirce Erangey,6929625.15,9.9,Talane,Indonesia,Haitian,846539.46,FALSE
Ghost Town,Horror,3/21/2006,Lorilee Barneville,Lilli Markwelley,5666179.7,8.6,Twinder,Poland,Ganda,606030.4,FALSE
Angels Over Broadway,Drama,7/22/2021,Eliot Filson,Zeke Geggus,9419303.15,7.2,Geba,Ukraine,Swati,820117.49,TRUE
Exposed,Horror,4/27/2012,Lin Leitch,Caprice Masey,3680410.62,7,Youfeed,United States,Azerbaijani,970974.59,FALSE
Sweet Movie,Horror,2/7/2007,Rea Hallgate,Paul Pointin,8145147.81,7.1,Topicstorm,Russia,Catalan,959052.47,FALSE
Sarah Silverman:  We Are Miracles,Action,10/7/2021,Lutero Rostron,Graehme Dionisetto,3483298.75,6.6,Wordtune,Hungary,Inuktitut,706808.63,TRUE
"Century of Cinema, A",Horror,4/14/2011,Alexandra Husset,Moll Whistance,2721822.77,3.9,Midel,Brazil,Tswana,530606.89,TRUE
Robin-B-Hood (Bo bui gai wak),Action,10/7/2011,Breanne McAllaster,Konstantine MacUchadair,585140.24,7.3,Mynte,Philippines,Korean,808401.81,TRUE
Dorian Gray,Horror,5/25/2019,Dilly Hakewell,Bil Brettor,8817333.03,8.4,Yoveo,Botswana,Kashmiri,954734.29,FALSE
Beaver Trilogy Part IV,Action,6/25/2003,Harris Conew,Julianna Spriggen,1288131.98,3.1,Babbleopia,China,Cree,949697.34,TRUE
"Cube of Sugar, A (Ye Habe Ghand)",Comedy,1/31/2015,Paton Brosel,Benedetto Peach,889675.32,5.9,Topicstorm,Kosovo,Swati,46707.32,TRUE
3096 Days,Comedy,2/18/2008,Ulises Kemsley,Dewitt Crossgrove,600615.9,0.4,Skyba,Indonesia,Irish,642389.23,TRUE
"Pelican, The (Le Pelican)",Comedy,8/10/2009,Nisse Phlipon,Cindy Goldin,514542.31,6.1,Zoombeat,China,Avestan,454708.53,TRUE
What If... (An...),Horror,1/25/2002,Pippo Cornwell,Maybelle Milverton,2125304.43,0.1,Tagopia,Poland,Quechua,989486.99,TRUE
"House on Telegraph Hill, The",Action,3/21/2019,Robinia Wyper,Ellette Klima,4692076.75,4.2,Browseblab,Canada,Malagasy,265257.13,FALSE
My Giant,Sci-Fi,2/4/2018,Kalila Labden,Elita Hillock,9733562.64,7.2,Gabtune,Syria,Zhuang,696579.3,FALSE
James and the Giant Peach,Action,7/8/2022,Sheelagh Chason,Candida Bour,7571249.61,2.1,Rhynyx,Botswana,Pali,897561.85,TRUE
Cadillac Man,Comedy,4/10/2019,Ninnetta O'Hannigan,Thibaud Sausman,1854869.43,6,Roombo,North Korea,Chechen,673598.73,FALSE
Out of Time,Comedy,2/18/2020,Tiebold Phair,Freddie Revely,6104793.21,7.2,Jamia,Philippines,Thai,277732.14,FALSE
Bianca Beauchamp: All Access,Drama,4/23/2010,Herc Lukock,Matteo Wardingly,6573432.92,5.3,Ainyx,China,Lingala,158874.28,FALSE
The UFO Incident,Drama,5/17/2001,Jeth Housaman,Lucita McGreary,8053738,6.5,Twitternation,Indonesia,Inupiaq,30479.06,FALSE
Salem's Lot,Action,5/17/2000,Titos Gheorghescu,Debora Desseine,5294125.16,4.9,Linkbuzz,Guatemala,Hungarian,133112.91,FALSE
Joan of Paris,Action,9/21/2001,Kinsley Scranny,Lee Covey,7545576.55,7.5,Trilith,France,Nauru,563914.53,TRUE
Chain Reaction,Comedy,6/20/2019,Filmore Keyme,Lorelle Besse,8914792.97,4.5,Wordpedia,Palestinian Territory,Marathi,295284.63,FALSE
In the Winter Dark,Comedy,3/2/2000,Derick Dingivan,Dunstan Lamont,7635307.44,8.1,Abatz,Indonesia,Azerbaijani,307795.56,FALSE
12:08 East of Bucharest (A fost sau n-a fost?),Drama,10/2/2008,Bryn Caudray,Orin Ondricek,6173193.66,9.8,Eayo,China,Chechen,135018.44,FALSE
Lupin the Third: The Secret of Mamo,Sci-Fi,12/7/2009,Faulkner Brayshaw,Meyer Bartle,9472720.12,8,Zoombeat,China,Rundi,110193.39,TRUE
"Way Ahead, The (a.k.a. The Immortal Battalion)",Action,9/27/2006,Jillana Dudderidge,Talbert Sinnock,4034457.05,0.5,Voolia,Iran,Zulu,484310.31,TRUE
Hemingway & Gellhorn,Drama,2/26/2011,Anabal Kobierski,Olly Handman,8094401.2,7.3,Voonder,United States,Kalaallisut,22351.77,TRUE
Charm School (Niñas mal),Horror,1/11/2015,Staford Chidwick,Ban Burgher,457273.11,9.8,Bubblemix,Argentina,Maltese,592761.24,FALSE
Carolina,Horror,10/7/2015,Dorie Joscelyne,Flinn Kobierski,9970834.26,3.4,Photospace,China,Latvian,205869.22,TRUE
"8 Diagram Pole Fighter, The (a.k.a. Invincible Pole Fighter) (Wu Lang ba gua gun)",Drama,5/25/2000,Kaela Retter,Sandi Vamplers,2931014.16,7.5,Skinder,Sweden,Tswana,928706.97,TRUE
3 A.M.,Action,3/2/2021,Tessie Farrance,Kaine Jankovic,7861375.47,1.6,Wikivu,China,Chuvash,684391.64,FALSE
Sparrows Dance,Drama,3/21/2009,Keane Renoden,Pansie Harmon,9312747.65,9.3,Skiptube,Ukraine,Croatian,859322.38,FALSE
Warriors of Heaven and Earth (Tian di ying xiong),Drama,9/4/2016,Jenny Elwel,Trisha Basford,3247643.2,2.9,Wikivu,Bosnia and Herzegovina,Oromo,647936.95,TRUE
Tootsie,Sci-Fi,6/21/2000,Booth Emblem,Othella Brogden,206167.34,2,Ozu,Thailand,Marshallese,109570.48,TRUE
Paradise Lost 3: Purgatory,Horror,10/18/2004,Marni Petrie,Keefe Steels,1434942.74,10,Kazu,Czech Republic,Tamil,735031.33,FALSE
Hoodoo Ann,Action,7/25/2005,Zelma Linacre,Redford Kiffe,3481433.81,6.5,Thoughtstorm,Russia,Tonga (Tonga Islands),60671.8,TRUE
Battlestar Galactica: Razor,Comedy,7/17/2019,Addie Chillingsworth,Minna Eby,5142932.14,3.2,Dynava,Russia,Turkmen,514275.28,TRUE
I'm No Angel,Comedy,8/9/2021,Justinn Cookley,Audrye Crabb,9759233.29,6.8,Flashset,China,Tsonga,669740.42,TRUE
"Story of Maths, The",Horror,12/20/2012,Ilaire Pulman,Helen-elizabeth Garratt,9254293.66,3.6,Voolith,Kazakhstan,Arabic,135905.01,FALSE
The Count of Monte Cristo,Comedy,10/13/2014,Martie Flury,Maris Dalglish,697791.32,2.7,Brainlounge,Vietnam,Shona,538298.53,FALSE
Bethlehem,Drama,3/24/2003,Dory Stonham,Gualterio Danes,8029070.05,3.1,Zoombeat,China,Kirghiz,117773.25,FALSE
Alvarez Kelly,Horror,1/8/2000,Gwen Harnetty,Tamas M'Chirrie,2822950.13,1.1,Realfire,Mexico,Ossetian,324549.32,TRUE
Viva Zapata!,Sci-Fi,8/6/2016,Iorgo Canto,Valentin Gossage,2072690.69,9.4,Eayo,Indonesia,Oriya,833706.52,FALSE
Trench Road (Juoksuhaudantie),Sci-Fi,5/7/2003,Lionello Hutfield,Lenette Hruska,657240.29,6.7,Zazio,Lithuania,Malayalam,470609.09,TRUE
"King in New York, A",Action,4/28/2006,Michele De Domenicis,Amie Bungey,2900669.02,1.8,Dablist,Czech Republic,"Greek, Modern (1453-)",467227.28,TRUE
"Lawless Street, A (Marshal of Medicine Bend)",Comedy,4/5/2021,Mattie Leedal,Nessa Hick,609845.53,3.7,Voonte,Portugal,"Ndebele, North",554145.93,TRUE
My Piece of the Pie (Ma part du gâteau),Horror,7/31/2013,Augusto Flemyng,Debi Cicchinelli,1315092.78,9.9,Centimia,Afghanistan,Yoruba,803220.41,FALSE
"Go-Between, The",Sci-Fi,8/14/2000,Kristel McLinden,Cully Klemensiewicz,9466985.93,0,Gevee,Argentina,English,237930.16,TRUE
D-War (Dragon Wars),Sci-Fi,9/13/2016,Claiborne Jostan,Jaymie Jenik,5470392.89,0.5,Eimbee,Serbia,Icelandic,42891.33,FALSE
Starry Eyes,Action,4/19/2006,Gratiana Dunridge,Modesta Mateo,3163638.85,2.9,Skimia,Czech Republic,Tajik,259132.07,FALSE
Ghoulies,Comedy,11/10/2000,Laverne Dabner,Bill Furzer,3810866.72,7,Babblestorm,Peru,Pali,819764.26,TRUE
The Diary of Preston Plummer,Action,7/10/2012,Chuck Twede,Marten Beiderbeck,9097714.94,1,Skyvu,China,Tsonga,27981.03,FALSE
Stars in Shorts,Comedy,7/25/2007,Udale Tithecott,Sada Antonsson,6376318.06,4.1,Zoomcast,China,Rundi,579644.63,TRUE
Life with Mikey,Horror,6/5/2013,Chiquita Lantuffe,Joella Aitkenhead,8662325.59,9.4,Flipstorm,Ireland,Somali,975153.04,TRUE
Fire Over England,Comedy,7/12/2022,Jarrad Boken,Easter Hamsley,9862757.18,8.2,Riffpedia,Democratic Republic of the Congo,Malay,346052.7,FALSE
Drug War (Du zhan),Horror,8/4/2011,Emelina Fonte,Lita Cansdill,5765965.8,1.9,Nlounge,Indonesia,Cree,605566.22,FALSE
Che: Part One,Drama,4/5/2015,Shalne Badrock,Barney Thirkettle,829368.29,8.2,Kimia,China,"Bokmål, Norwegian",912587.03,FALSE
Fred: The Movie,Sci-Fi,6/21/2008,Ashien Kubin,Wiatt Bein,6546645.05,0.2,Chatterpoint,China,Welsh,234854.86,TRUE
Blackball,Sci-Fi,2/13/2011,Megen Freebury,Deeanne Vasovic,6899473.16,5.1,Gigashots,Canada,Chamorro,303127.38,TRUE
"Dark, The",Sci-Fi,10/11/2022,Bryan Plumtree,Ida Billany,5773899.81,0.5,Thoughtmix,Poland,Ido,952157.85,FALSE
Chicks with Sticks,Drama,12/20/2021,Dare Tomalin,Dorelia Tottem,959357.31,7.5,Devify,China,Tswana,361372.79,TRUE
A Viking Saga: The Darkest Day,Drama,4/10/2009,Lanny Saipy,Morissa Digwood,6306087.35,1.8,Roombo,Mexico,Wolof,594891.6,FALSE
"Flame and the Arrow, The",Sci-Fi,3/24/2006,Hubie Nasey,Bennie Hovie,7090365.56,2.4,Buzzdog,United States,Divehi,907371.45,FALSE
New York Cop (Nyû Yôku no koppu),Action,4/18/2022,Marijo Gadsden,Madalyn Alyokhin,8219944.21,2.2,Blogtag,Indonesia,Yiddish,354391.25,FALSE
"Lion King, The",Comedy,5/17/2011,Peta Woodard,Maris Abbot,9251066.89,6.3,Oyoba,Indonesia,Tibetan,680855.95,TRUE
Gia,Horror,11/6/2011,Alanna Cawker,Patricio Guilloux,9165233.9,1.5,Tazz,Slovenia,Divehi,677945.99,FALSE
I Give It a Year,Sci-Fi,6/15/2001,Nicolina Jewes,Gerrie Wombwell,7462721.34,8.1,Abata,United States,Church Slavic,81755.08,FALSE
"Four Seasons, The",Sci-Fi,11/4/2014,Mireille Upchurch,Linet Lorkin,5972170.23,1.7,Tagopia,Russia,Swati,274321.5,FALSE
Agent Red,Drama,5/15/2007,Dolorita Corley,Kaylil Dewer,3979826.16,2.3,Lazzy,Indonesia,Kongo,343573.14,TRUE
"Little Princess, The",Horror,6/22/2011,Myrwyn Capper,Annamarie Eddington,2782432.45,2,Photolist,China,Hebrew,438527.87,FALSE
Forest (Rengeteg),Horror,10/29/2002,Emmerich Talboy,Vonny Jotcham,9101352.33,2.7,Skippad,China,Albanian,961203.36,TRUE
Charlie Chan at the Circus,Sci-Fi,7/19/2013,Horace Mowle,Jaquenetta Bruff,3267382.64,0.8,Rhybox,East Timor,Chamorro,247737.84,TRUE
Big Nothing,Comedy,11/29/2003,Athene Blackboro,Trixie Medland,3592440.69,9.9,Skaboo,Russia,Shona,801103.78,FALSE
Night Catches Us,Drama,7/14/2010,Michal Bartolommeo,Scotti Dybald,9731288.2,6.6,Mybuzz,Czech Republic,Macedonian,633568.39,TRUE
Taken,Sci-Fi,1/28/2014,Genevra Gilman,Bone Fazakerley,4125244.17,4,Youspan,Brazil,Sichuan Yi,561859.09,FALSE
Save Me,Comedy,12/4/2022,Zsa zsa Trulocke,Jemimah Maxstead,3093762.04,4,Podcat,China,Yiddish,785421.89,FALSE
"Cincinnati Kid, The",Sci-Fi,5/2/2001,Arnold Velde,Joyce Beddows,6001785.71,8,Browsedrive,China,Hebrew,667962.32,TRUE
In My Sleep,Action,12/25/2004,Hadlee Follitt,Jose Menco,4580796.34,8.8,Eayo,China,Northern Sami,769771.69,FALSE
Space Chimps,Horror,4/10/2000,Wallas Kuzma,Joy Candlin,6496869.02,2.6,Tekfly,Indonesia,Korean,431462.94,TRUE
Frenchman's Creek,Action,11/29/2006,Nicky Arboin,Joline Vasyutin,8187739.74,7.4,Oodoo,China,Hebrew,760693.5,FALSE
Pretty Persuasion,Horror,6/24/2014,Melina Ghiron,Emile Hollyar,9377801.57,3.6,Realblab,Netherlands,Oromo,350241.74,TRUE
"Curiosity of Chance, The",Drama,9/14/2018,Brander Foxcroft,Saxon Barnish,3065101.36,7.1,Vidoo,Palestinian Territory,Xhosa,26501.09,FALSE
Saving Face,Action,11/23/2002,Tera Edgeler,Jackson Dabinett,1453309.05,5.2,Gigashots,Greece,Interlingua (International Auxiliary Language Association),208874.56,TRUE
Party Monster,Action,6/19/2021,Georgianna Greenhead,Denys Northgraves,812882.76,3.9,Mudo,Germany,Oromo,889686.24,FALSE
"Edge of Heaven, The (Auf der anderen Seite)",Drama,4/4/2001,Imogene Gile,Mead Wolstencroft,5886610.24,9.4,Ntag,Brazil,Zhuang,355161,TRUE
All the Way Home,Comedy,2/20/2018,Belia Kelly,Nessi Faivre,7212050.99,3,Dabjam,Nepal,Chinese,466660.28,FALSE
"Hip Hop Witch, Da",Comedy,10/7/2017,Olympe ducarme,Ede Redsull,538400.47,3.5,Browsedrive,Malaysia,Serbian,860646.25,FALSE
Marianne & Juliane (Die Bleierne Zeit),Drama,1/19/2019,Edithe De Blasi,Jessa Pringour,3733236.07,7.6,Edgeclub,Japan,Irish,686711.63,TRUE
"Murder of Crows, A",Drama,12/19/2001,Cory Grimestone,Correy Gettens,2253745.03,4.9,Lazzy,Colombia,Kirghiz,425826.53,TRUE
Let It Snow,Action,12/9/2002,Tate Walsh,Auguste Anslow,8073270.03,1.6,Zoombox,Indonesia,Herero,195404.05,TRUE
Anna,Action,10/13/2019,Lenore Tungate,Ruttger Mucklow,4081004.88,3.2,Meezzy,United States,"Ndebele, North",275795.79,TRUE
"Loving Story, The",Action,1/5/2000,Hallie Roddie,Gunilla Nutbeam,7827492.34,3.8,Gabcube,Poland,Walloon,434416.36,TRUE
Sexy Baby,Comedy,4/24/2013,Cob MacNeice,Layla Staynes,7832514.93,4.3,Divavu,Indonesia,Swedish,923880.06,TRUE
King Boxer: Five Fingers of Death (Tian xia di yi quan),Action,9/10/2019,Margi Braitling,Row Belderfield,4897462.18,8.7,Dabshots,Madagascar,Lithuanian,563637.66,TRUE
"Psychomania (Death Wheelers, The)",Sci-Fi,11/14/2013,Andrus Able,Lisa Lyddiard,4027650.33,7,Devbug,Peru,Polish,752247.61,FALSE
Haunted Castle,Action,7/31/2017,Sari Nardrup,Arty Follit,2432740.79,7.2,Jabberstorm,Poland,Czech,295481.57,TRUE
Two Guys Talkin' About Girls,Sci-Fi,6/23/2016,Helaine Grimley,Roma Dunsleve,8225686.7,8.4,Quire,Russia,Kongo,615426.16,FALSE
Up the Yangtze,Drama,8/17/2011,Windy Hulle,Melessa Pedel,1361901.93,1.6,Zoonder,Niger,Komi,802338.13,TRUE
Mala Noche,Horror,9/15/2006,Colin Syddon,Dougie Drogan,9118464.14,2.7,Realcube,Hungary,Divehi,441156.56,FALSE
Outpost,Horror,10/3/2007,Hannie Duddle,Ravid Mapples,1658330.47,4.2,Livetube,China,Avestan,94149.27,TRUE
Tekken,Comedy,6/17/2013,Ray McAw,Dodi Duffy,5287767.37,1.8,Topdrive,China,Malagasy,308896.15,TRUE
In Your Eyes,Sci-Fi,7/13/2020,Heddi Okell,Joyann McLarens,2352897.63,6.7,Thoughtmix,Argentina,Macedonian,801843.1,FALSE
Howling IV: The Original Nightmare,Comedy,8/27/2016,Saundra Lidstone,Samaria Labrow,2358996.53,0.6,Jetwire,Cameroon,Limburgan,513071.19,FALSE
"General's Daughter, The",Horror,1/29/2012,Marcille Arpin,Allianora Chantree,5468104.1,8.1,Vipe,Philippines,Romansh,170179.62,TRUE
"The Hire: Follow, The",Drama,12/6/2007,Milena D'Emanuele,Carmelita Liddall,4972663.61,1.4,Photobug,France,Malayalam,917944.31,FALSE
Jauja,Action,4/18/2021,Gianni Kupper,Brock Fright,8517857.1,3.8,Feedfire,Kenya,Hausa,972304.8,FALSE
Youth of the Beast (Yaju no seishun),Horror,2/4/2019,Rhetta Siemens,Emmalynn Dukelow,2365019.8,2.7,Photobean,Portugal,Hiri Motu,690480.25,TRUE
Happy Birthday to Me,Action,8/29/2000,Ron Grugerr,Chance Poe,529568.17,7.3,Ozu,Vietnam,Burmese,725313.05,TRUE
Casual Sex?,Drama,4/12/2000,Marcos Lidyard,Domenic Neary,939753.71,9.6,Brainsphere,Indonesia,Oriya,594333.06,FALSE
Home,Action,12/13/2019,Hermann Jerisch,Harriette Overall,8668846.63,4.8,Realbridge,China,Faroese,522158.72,TRUE
Faat Kiné,Comedy,7/16/2018,Leif Pickthorne,Killian Moreton,7439648.04,0.5,Twitterwire,Poland,Hindi,656249.51,FALSE
Road Trip,Sci-Fi,2/1/2004,Veronika Foort,Letti Simmill,7737028.6,7,Wordpedia,Japan,Northern Sami,375793.75,FALSE
"Trial of Joan of Arc, The (Procès de Jeanne d'Arc)",Drama,3/17/2021,Delmer M'cowis,Annadiana Skully,9166360.37,3.9,Shufflebeat,United States,Somali,199423.74,FALSE
"Harvest/La Cosecha, The",Comedy,7/4/2008,Erie Jakobssen,Sebastian Sedgemore,2646314.21,3.9,Fadeo,Russia,"Bokmål, Norwegian",629249.06,TRUE
Sparrow (a.k.a. Cultured Bird) (Man jeuk),Sci-Fi,7/4/2009,Brenden Bales,Filberte Petherick,7559181.85,5.8,Twimbo,Indonesia,Burmese,40884.94,TRUE
Barefoot in the Park,Drama,2/5/2001,Elly Jukubczak,Cal Dashkov,1147522.93,4.3,Avamba,China,Pushto,708570.29,FALSE
Once in a Lifetime: The Extraordinary Story of the New York Cosmos,Sci-Fi,8/30/2017,Clarette Van Halen,Ofella Adamiak,357250.01,8.8,Jaxspan,North Korea,Dutch,541033.18,FALSE
Enchanted,Drama,5/11/2013,Carlyn Sabben,Ennis Larrosa,3503151.29,8.5,Yamia,Palestinian Territory,Georgian,595784.73,FALSE
These Are the Damned (a.k.a. The Damned),Drama,3/3/2003,Margarethe Ratray,Rowen Delap,2437077.03,5.8,Blogspan,Haiti,Bashkir,403712.31,TRUE
Ace Attorney (Gyakuten saiban),Action,1/30/2004,Raffaello Congdon,Early Yon,2594355.44,3.9,Chatterpoint,Philippines,Inupiaq,17424.5,TRUE
Hickey and Boggs,Sci-Fi,2/14/2020,Christoforo Trowsdall,Drud Waycot,5662265.26,4.5,Flipstorm,Nigeria,Kalaallisut,808518.04,FALSE
"Sea Wolves, The",Action,4/20/2005,Constantine Mourgue,Filippo Norvill,1496506.79,5.2,Buzzshare,Indonesia,Samoan,264210.19,FALSE
Atrocious,Drama,4/18/2006,Ranee Rees,Quinn Orton,4244858.53,9.3,Yacero,Russia,Gujarati,841207.71,TRUE
Wild Zero,Sci-Fi,7/8/2007,Milissent Karpol,Tawnya Shurrocks,1459161.44,3.2,Flipstorm,Croatia,Limburgan,725170.16,FALSE
"Princess Diaries 2: Royal Engagement, The",Action,4/30/2011,Nita Stuckes,Rae Fillery,4441309.56,6.5,Voonyx,Indonesia,Aymara,598936.36,TRUE
Amore (L'Amore),Comedy,7/23/2019,Bronnie Sanham,Hortensia Satchell,6017263.32,5.8,Centimia,Russia,Quechua,771289.13,TRUE
Extremities,Comedy,6/21/2018,Aloysia Mollnar,Paolo Southerden,5755263.08,0.8,Divanoodle,Poland,Gujarati,896492,TRUE
Stone of Destiny,Action,3/27/2002,Marcello Plaster,Kelvin Mallaby,8710820.98,5.4,Brainverse,United States,Sindhi,240935.86,TRUE
Dragnet,Horror,9/16/2009,Sara Kennon,Cordell Durward,2861300.17,5.6,Trunyx,Ukraine,Bambara,561354.18,FALSE
FM,Sci-Fi,9/17/2003,Vanya Varran,Lilas Lasham,2370668.75,8.9,Avamm,China,Northern Sami,482337.49,FALSE
Freakin' Beautiful World (Sairaan kaunis maailma),Drama,2/14/2008,Stephannie Wanka,Basilio Pescott,9823958.55,6,Tazzy,Russia,Manx,852246.41,TRUE
The Grump,Action,7/28/2005,King McGeffen,Eldin Fordy,4797348.82,2.5,Oyoyo,Serbia,Armenian,839084.69,TRUE
Recollections of the Yellow House (Recordações da Casa Amarela),Horror,7/4/2018,Eduino Diviney,Vanya Shortall,7993240.14,9.8,Mydo,Portugal,Wolof,352828.32,FALSE
One Missed Call (Chakushin ari),Horror,8/28/2010,Babbie Blaxall,Garret Smyley,6891733.89,7.1,Linkbridge,China,Sinhala,540954.4,TRUE
Paternity,Action,9/2/2000,Genna Boyen,Harley Nisen,8690553.33,4.9,Yabox,Sudan,Maltese,242998.01,TRUE
Gerhard Richter Painting,Sci-Fi,3/4/2018,Dorisa Spurden,Hester Senecaut,6393095.63,8.8,Latz,China,Nepali,420319.58,FALSE
The Brain,Action,2/13/2010,Claudio Springthorp,Ashlan Lowndsbrough,9769607.41,2.9,Buzzster,Indonesia,Norwegian,205403.74,TRUE
Man of Her Dreams (a.k.a. The Fiancé),Horror,10/29/2017,Phip Milkins,Polly Durdle,4264369.88,2.5,Yoveo,Philippines,Haitian,119545.61,FALSE
Good Work (Beau travail),Horror,9/30/2008,Sela McKinna,Neall Suttill,5736231.55,8.7,Yakitri,Guatemala,Portuguese,546127.76,FALSE
Out of Nature,Horror,10/21/2021,Evyn Lakeman,Sandye Cortez,8398901.28,8,Feedfish,Poland,Kirghiz,931260.67,TRUE
Countdown to Zero,Horror,9/9/2006,Georgeanne Ashton,Nikos Satterfitt,5003089.62,9.2,Meeveo,United States,Czech,732348.89,TRUE
Lotta 2: Lotta flyttar hemifrån,Comedy,4/2/2002,Rich Schwandermann,Maximilianus Youel,5220395.7,9.4,Jaxnation,China,Tigrinya,112438.2,FALSE
Lawless Range,Comedy,8/6/2019,Cordy Sandry,Blake Dykins,6917523.3,6.7,Ozu,China,Italian,62229.61,TRUE
Eerie Tales (Unheimliche Geschichten),Horror,8/10/2019,Meier Maharg,Maryjo Hackleton,9705722.32,2,Tazzy,China,Zulu,972118.67,TRUE
Look Who's Talking,Comedy,2/19/2003,Ruperto Cossington,Daryl Sleicht,7668596.96,5.9,Tagcat,France,Czech,586684.5,FALSE
"Fourth Angel, The",Comedy,4/22/2013,Thadeus McKay,Renaud Rainford,8534975.97,5.2,Wordpedia,Croatia,Tajik,382477.04,TRUE
Repossessed,Action,5/15/2003,Riva Annice,Nariko Bucklan,6403313.6,4.1,Twinte,Brazil,Latvian,127102.89,FALSE
Outrage,Comedy,6/6/2001,Giuditta Havick,Merralee Obeney,5629450.46,2.3,Jabberbean,Russia,Lithuanian,300103.67,TRUE
The Hire: Powder Keg,Drama,1/20/2011,Sadye Gumbrell,Delmer Jeannard,8902634.54,7.5,Voonix,Peru,Tamil,501508.81,FALSE
Without a Paddle,Drama,3/29/2012,Elsi Heading,Auberon Sollas,9415543.25,6.7,Myworks,Brazil,Tsonga,263926.39,TRUE
High School Hellcats,Comedy,1/19/2016,Lotte Carpenter,Lloyd Nangle,8065295.37,1.1,Livefish,China,Lao,641841.57,TRUE
They Made Me a Criminal (I Became a Criminal) (They Made Me a Fugitive),Comedy,1/18/2021,Carri Tredwell,Irina Klaiser,6463448.8,3.7,Gigabox,Venezuela,Uighur,751765.99,FALSE
Spring is Here,Horror,8/14/2015,Tersina Wichard,Brit Skaife,247209.15,8.6,Feednation,Indonesia,Czech,559307.5,FALSE
Monster-in-Law,Drama,11/18/2006,Prissie Atger,Alison Obal,9890576.43,3.1,Zoombeat,Philippines,Western Frisian,764530.04,FALSE
Tonight and Every Night,Action,9/10/2013,Boris Boor,Sal Churchward,9601789.18,3.3,Ailane,Guatemala,Northern Sami,129406.66,FALSE
"Old Dark House, The",Comedy,3/7/2020,Teressa Waples,Gweneth Novkovic,7602130.11,8.9,Mybuzz,United States,German,845553.77,TRUE
Cry Wolf,Sci-Fi,3/11/2003,Blinnie Damsell,Eleanora Durkin,6491118.31,6.2,Chatterbridge,Argentina,Herero,99319.77,TRUE
"Matrix Reloaded, The",Drama,8/30/2006,Benjamen Shore,Gilemette Climo,8451452.71,8.1,Livetube,Czech Republic,Basque,369265.76,TRUE
Taxi,Horror,11/13/2009,Vina Whitely,Dusty Szwandt,6829953.11,7.8,Zoomzone,Democratic Republic of the Congo,Kuanyama,33159.04,FALSE
"Story of Seabiscuit, The",Comedy,4/25/2010,Barnett Sholem,Cully Cottle,5326080.87,8.7,Thoughtstorm,Indonesia,Lithuanian,70949.77,TRUE
Stray Cat Rock: Delinquent Girl Boss (Nora-neko rokku: Onna banchô),Sci-Fi,4/4/2002,Eimile Tarpey,Tine De Gowe,5709452.67,7.6,Twitterworks,Russia,"Bokmål, Norwegian",487948.72,FALSE
Kagemusha,Horror,2/12/2013,Xerxes Jindrich,Merry Burberye,3614186.92,0.1,Ailane,Brazil,Polish,732357.83,FALSE
Levitated Mass,Horror,12/14/2004,Ramonda Mollin,Isaak McLenahan,6028506.01,8,Shuffletag,Philippines,Danish,829386.06,TRUE
Planet of the Vampires (Terrore nello spazio),Horror,9/20/2015,Cathe Keller,Collete Rowlson,5516240.45,6.5,Oloo,China,Vietnamese,891090.65,FALSE
"Weather Underground, The",Horror,3/19/2012,Karlis Brehault,Andriana Lanyon,5452741.94,9.8,Centimia,Jamaica,Bulgarian,402584.49,TRUE
What Price Hollywood?,Sci-Fi,2/20/2001,Ema Raspison,Nicolais Leah,2955169.9,7.7,Dabvine,Indonesia,Hungarian,717621.22,TRUE
Two Mules for Sister Sara,Comedy,4/6/2011,Timothee Pickrell,Lesya Tittletross,2503968.64,8.2,Linkbridge,China,Ido,682060.7,FALSE
Pride and Glory,Sci-Fi,11/2/2016,Gussi Fortman,Bea Biaggi,4918187.1,4.4,Quimba,Russia,Aymara,535883.38,TRUE
Wings of Hope (Julianes Sturz in den Dschungel),Action,3/17/2006,Killy Reiners,Gillan Roark,9685604.06,0.5,Yakijo,France,Kanuri,309950.97,TRUE
Make Way for Tomorrow,Action,10/12/2017,Inglebert Bolzmann,Herbert Pilley,7110405.95,1.4,Youopia,Japan,Interlingue,121487.6,FALSE
Pumping Iron,Horror,10/10/2003,Ainslie Wudeland,Thorvald Lount,2145377.29,7.8,Trunyx,Poland,Tibetan,696863.63,FALSE
Victor and the Secret of Crocodile Mansion,Comedy,2/18/2004,Orlando Trighton,Torey Jankowski,3929862.75,6.5,Aivee,Finland,Herero,299755.09,TRUE
Billabong Odyssey,Sci-Fi,10/29/2019,Sallyanne Sicely,Loella Haycox,2411661.14,4.8,Oozz,Netherlands,Belarusian,362677.03,TRUE
King of Hearts,Horror,1/1/2010,Zea Sunners,Nollie Bottelstone,9816707.1,0.8,Edgeblab,Libya,Estonian,823420.61,FALSE
Fantomas Unleashed,Drama,5/10/2015,Edvard Boadby,Noach Weddup,6371540.31,5.9,Pixoboo,China,Armenian,920414.9,TRUE
Earth,Sci-Fi,6/17/2009,Shaughn Cullon,Dar Timny,473634.21,2.4,Eire,Russia,Serbian,998823.75,FALSE
Funny Farm,Drama,3/14/2018,Elisa Wiltshaw,Myca MacKinnon,9792429.44,6,Eabox,Indonesia,Abkhazian,15034.06,FALSE
"Children of Leningradsky, The",Drama,7/10/2006,Sven Compford,Yolane Inde,8347820.32,7,Twimbo,China,Swedish,162564.16,FALSE
"King and the Clown, The (Wang-ui namja)",Sci-Fi,12/13/2015,Claudio Diplock,Melanie Franzonetti,9277882.12,3.9,Mudo,Indonesia,"Sotho, Southern",856052.06,FALSE
Strange Circus (Kimyô na sâkasu),Sci-Fi,6/9/2005,Jackie McAlroy,Jeromy Bicknell,5587696.82,3.2,Buzzdog,Brazil,Tatar,663098.91,FALSE
Tape,Horror,12/16/2005,Ede Beincken,Bink Ellingsworth,1381539.31,9.7,Bubblemix,Palestinian Territory,Finnish,487876.55,TRUE
"Hard Corps, The",Drama,12/2/2002,Stirling Rubinsky,York Berkelay,8391942.21,7.1,Thoughtbridge,Azerbaijan,Tamil,913389.99,TRUE
"Ballad of Narayama, The (Narayama Bushiko)",Drama,4/14/2001,Kayley Gilardone,Florinda Fonquernie,651682.31,1.9,Zoovu,Greece,Avaric,148523.82,FALSE
American Revolutionary: The Evolution of Grace Lee Boggs,Drama,2/14/2015,Doralyn Chetwynd,Mose Linsay,6582416.43,1.3,Topicblab,China,Sango,292551.49,FALSE
My Neighbor Totoro (Tonari no Totoro),Drama,11/11/2022,Vasily Wegener,Shelley Pawels,4492463.01,9.2,Tazzy,Japan,Kazakh,473981.72,FALSE
"South, The (Sur)",Comedy,9/23/2001,Joella Loughead,Euphemia Zum Felde,2383282.69,0,Feednation,Philippines,Sundanese,404491.42,FALSE
"Station Agent, The",Horror,12/4/2020,Ethelbert Toulamain,Ryann O'Lagen,9359869.43,7.5,Janyx,Indonesia,Bashkir,538868.66,TRUE
Onegin,Horror,8/22/2022,Michaelina Sheffield,Fara Janaud,8823541.34,6.7,Edgeify,United States,Kannada,754461.74,TRUE
"Good Guy, The",Comedy,11/10/2005,Godiva Robrose,Webster Rosling,2253896.8,8,Tagopia,Sweden,Interlingue,336222.55,FALSE
Love unto Death (L'amour a mort),Horror,8/25/2005,Meredithe Hartright,Orelle Clow,5848374.42,6.7,Realmix,Portugal,Romanian,35645.56,TRUE
Dragon Ball Z: Broly Second Coming (Doragon bôru Z 10: Kiken na futari! Sûpâ senshi wa nemurenai),Comedy,8/3/2002,Gordan Jindrich,Jen Ibell,5763684.45,7.5,Skyba,China,Aymara,239464.29,TRUE
Road House,Comedy,10/25/2013,Domeniga Canedo,Monti Phelp,9659509.36,3.2,Vinder,China,Ojibwa,889767.4,TRUE
Summer Heights High,Sci-Fi,4/18/2000,Enrique Dugget,Alena Garie,2105693.32,1.5,Realfire,Sri Lanka,Tagalog,432617.43,FALSE
"Grace Lee Project, The",Sci-Fi,2/19/2008,Krissie Bruckmann,Joice Owen,9734810.59,9.3,Avamba,Netherlands,Somali,123913.77,FALSE
Lady Oscar,Drama,12/11/2015,Carroll Marrow,Laurie Kohn,1601941.09,7.3,Avaveo,Czech Republic,Uzbek,242513.96,TRUE
Jim Jefferies: I Swear to God,Horror,11/24/2004,Ryon Bitchener,Jackie Sturch,3508000.77,4.1,Vipe,Peru,Chichewa,770618.95,TRUE
Picture Bride (Bijo photo),Comedy,1/6/2012,Bernhard Bastie,Teodoro McCarron,9812516.35,4.9,Thoughtstorm,Pakistan,Sundanese,167677.4,TRUE
Twin Peaks: Fire Walk with Me,Horror,8/5/2017,Ransell Woolway,Inness Eymor,5401486.58,7.3,Flipopia,Bangladesh,Venda,691880.65,FALSE
"Night Train Murders (Last Stop on the Night Train) (Ultimo treno della notte, L')",Drama,6/7/2015,Sal Waith,Sawyere Morby,9440826.64,6.3,Avaveo,Sweden,Hungarian,391119.62,TRUE
Lethal Weapon 2,Action,4/21/2021,Teddy Lark,Nero Siddens,3771131.38,5.4,Skimia,Indonesia,"Sotho, Southern",613462.97,FALSE
Lahore,Drama,6/30/2002,Kaspar Valdes,Udell Cronkshaw,5505283.81,2.9,Jabberbean,Philippines,Kurdish,866942.33,FALSE
Marnie,Sci-Fi,5/7/2004,Berkie Collyear,Krissie Rizzolo,131449.49,6.2,Edgepulse,South Korea,Latin,386937.41,TRUE
Green Zone,Horror,8/23/2010,Cassius Dudenie,Rosalie Pudding,842940.51,2.4,Feedfish,Czech Republic,Nepali,569550.6,TRUE
Flood,Sci-Fi,8/12/2003,Filippa Cottom,Frayda Feldharker,5686169.21,2.6,Nlounge,Indonesia,Pushto,750600.01,FALSE
Charlie Chan in Egypt,Action,2/28/2010,Teodora Vowell,Cleveland Potier,890383.56,5.6,Fanoodle,Poland,Kanuri,347008.82,FALSE
Bridge to Terabithia,Drama,8/25/2006,Hali Jopson,Madlen Minards,2220826.2,8.7,Midel,Canada,Kazakh,671004.6,TRUE
Lasa y Zabala,Comedy,4/12/2010,Tanney Tiplady,Herc Drinkale,1142133.57,4.1,Centidel,Indonesia,Western Frisian,243464.46,TRUE
Julian Po,Drama,3/5/2015,Sylvia Hallwood,Hillery Willes,6622248.93,1.3,Centidel,Belarus,Ewe,262837.91,FALSE
7 Khoon Maaf,Sci-Fi,11/6/2010,Hewett Ellwood,Meggi Yerrill,595648.59,7.2,Latz,Serbia,Cree,512041.06,TRUE
Lathe of Heaven,Drama,3/19/2008,Daniella Sushams,Manya Geator,4864318.12,4.2,Jatri,China,Aymara,309843.4,FALSE
Journey Into Fear,Horror,9/5/2016,Euell Oxshott,Marmaduke Nevett,9357485,7.6,Linklinks,France,Maori,356082.02,FALSE
To Be King (Koning van Katoren),Comedy,8/1/2021,Richart Grestie,Malinda Torrese,8610380.12,0.3,Flipbug,Finland,Georgian,17144.43,FALSE
Bells from the Deep,Sci-Fi,6/14/2020,Cleopatra Sonley,Madelene Winter,574391.72,1,Wordware,China,Corsican,640243.35,TRUE
Equinox Flower (Higanbana),Drama,5/13/2009,Cybill Gracey,Alleyn Janu,3978032.07,3.4,Gevee,Mexico,Albanian,497919.15,FALSE
Hachiko: A Dog's Story (a.k.a. Hachi: A Dog's Tale),Horror,7/17/2004,Joellen Caulwell,Gardy Kitchinghan,2092247.25,0.9,Youspan,Russia,Akan,428273.52,FALSE
Morons From Outer Space,Sci-Fi,3/12/2000,Jarrod Penkethman,Alonzo Raphael,5473561.3,8.4,Thoughtblab,Indonesia,Hungarian,722448.35,TRUE
They Came Together,Comedy,8/22/2005,Sargent McGeachey,Aurelia Keppy,7778568.2,0.7,Izio,Nigeria,Guarani,730634.99,TRUE
"One Potato, Two Potato",Horror,6/5/2007,Norman Trymme,Kristopher Pheby,3351264.11,8.9,Edgepulse,China,Kalaallisut,792364.37,TRUE
"Ketchup Effect, The (Hip Hip Hora!)",Comedy,9/9/2000,Linell Booty,Dominic Newson,3486420.17,7.3,Livetube,Luxembourg,Pali,789454.83,TRUE
"Campaign, The",Sci-Fi,5/21/2016,Rena Cribbott,Bartie Hallet,8044875.18,9.5,Demizz,China,Rundi,744573.32,FALSE
Sherlock Holmes and the Voice of Terror,Sci-Fi,1/20/2000,Micki Veldens,Rochella Bealton,4728688.4,2.7,Edgetag,Sweden,Herero,715483.01,FALSE
"Patriot, The",Drama,11/3/2013,Rosabelle Robbert,Hartwell Griffin,2712421.02,4.4,Zoomcast,Japan,Portuguese,624589.65,FALSE
Cries and Whispers (Viskningar och rop),Sci-Fi,4/19/2016,Jaquelin Baiyle,Philbert Ector,1163211.14,9.2,Twitterworks,Costa Rica,Yoruba,883030.1,FALSE
Overboard,Sci-Fi,2/9/2015,Jehanna Reape,Bree Carruth,5097507.22,0.4,Gigashots,Poland,Kirghiz,335350.95,FALSE
Rosencrantz and Guildenstern Are Undead,Action,8/21/2018,Hamil Hansberry,Drew Tudgay,7358787.42,6.4,Voomm,Tanzania,Persian,181923.47,TRUE
"Scarlet Pimpernel, The",Action,5/11/2011,Uri Crambie,Robbie O'Cannavan,9680889.39,1.9,Yakijo,Latvia,Romansh,44592.27,FALSE
Flock of Dodos: The Evolution-Intelligent Design Circus,Comedy,5/18/2004,Mathew Chuter,Stanton Brownsey,8826447.34,8.6,Brightdog,Thailand,Arabic,738941.7,TRUE
Speed Racer,Comedy,1/27/2016,Ogden Marc,Jobyna Tatam,6398990.21,7.6,Agimba,Portugal,Northern Sami,892131.53,FALSE
"Red Spectacles, The (Jigoku no banken: akai megane)",Comedy,7/18/2015,Aldric Mixer,Renee Swanbourne,1490366.65,0.1,Pixope,Albania,Armenian,206927.11,FALSE
Following,Action,9/3/2017,Carmine Pigden,Hayden Wickey,1923088.58,5.4,Yakitri,China,Ganda,281237.22,TRUE
Mirrors,Comedy,10/14/2016,Tarrance Geerdts,Merrilee Gillbey,7459124.6,0.1,Kanoodle,Finland,Indonesian,844944.31,TRUE
I Don't Want to Talk About It (De eso no se habla),Drama,7/7/2005,Kalli Kyne,Clint Leney,5094035.51,6.9,Bubblebox,Czech Republic,Kuanyama,211849.37,FALSE
"Negotiator, The",Drama,11/27/2011,Florina Thorburn,Jeremy Fawssett,3229613.09,5.3,Tagfeed,Palestinian Territory,Swahili,628169.9,TRUE
"Tall Guy, The",Action,7/2/2005,Rivalee Bartoloma,Marna Waycot,7633328.79,8.4,Feedfish,Sweden,Kirghiz,47691.39,TRUE
Boogie-Doodle,Action,12/28/2020,Seth Lyven,Missie Mustchin,6245426.93,0.1,Meevee,Russia,Central Khmer,811632.38,TRUE
"Best Man, The (Testimone dello sposo, Il)",Sci-Fi,9/19/2003,Esra Macy,Seana Offner,1271868.6,6,Zoonder,Colombia,Urdu,953240.49,TRUE
Ghost Rider: Spirit of Vengeance,Comedy,7/19/2004,Beverie Chuter,Asa Hempel,3305644.37,6.1,Voolia,China,Swahili,386527.35,TRUE
Dead End,Action,11/21/2004,Elora Jarmaine,Amara Austing,1602421.91,5.1,LiveZ,Indonesia,Chinese,516140.05,FALSE
Stray Cat Rock: Delinquent Girl Boss (Nora-neko rokku: Onna banchô),Comedy,2/22/2022,Mathian Harradine,Imojean Stocks,1366398.24,8,Topiclounge,Portugal,Uighur,992913.02,FALSE
Prison Break: The Final Break,Horror,7/13/2019,Alf Blatherwick,Bil Caze,7420217.34,0.8,Shuffletag,China,Kongo,988123.57,TRUE
Calendar Girls,Action,2/6/2021,Adel Sitlinton,Levey Duffy,8319749.27,7.2,Brainbox,Cameroon,Tibetan,918456.93,FALSE
"Little Bit of Heaven, A",Drama,7/12/2000,Alessandra Cheng,Dalila Harlett,2724789.92,7,InnoZ,Lithuania,Interlingue,891390.22,FALSE
Santo vs. las lobas,Comedy,12/1/2004,Fonz Bowcher,Kris Sizland,7900597.84,6.3,Gigabox,Brazil,Ossetian,35410.73,TRUE
Volver,Comedy,8/15/2008,Paolina Dagger,Mendel Belderson,8941471.46,7.1,Fiveclub,Cyprus,Faroese,969679.37,FALSE
Stephen Tobolowsky's Birthday Party,Action,6/1/2010,Harriet Harg,Thacher Farthin,2179668.34,9.8,Fivebridge,China,Chamorro,441293.13,FALSE
Nixon,Drama,9/14/2006,Janka Craig,Bronnie Flemming,6873614.29,1.5,Skibox,Mexico,Sundanese,409728.14,FALSE
Long Day's Journey Into Night,Horror,2/16/2001,Gareth Hassur,Jeni Monkeman,4806910.01,1.1,Zoozzy,Afghanistan,Cornish,560539.47,TRUE
"Kremlin Letter, The",Drama,4/5/2000,Sheridan Moulsdale,Renelle Deaville,2392509.18,1.5,Teklist,Cameroon,Manx,444059,FALSE
Nasty Old People,Drama,6/11/2017,Vikky Feria,Woody Gowanson,218227.75,3.7,Camido,Indonesia,Sanskrit,340012.41,FALSE
Now Is Good,Action,7/25/2019,Curran Dakin,Susanna Leechman,3699682.09,2.8,Quinu,Czech Republic,Samoan,509862.33,TRUE
"Tillman Story, The",Comedy,12/31/2000,Rey Rundall,Shel Jikovsky,1641949.24,6.5,Reallinks,Philippines,Lao,818399.38,TRUE
"Unreal Dream: The Michael Morton Story, An",Comedy,2/12/2018,Lonee Johnys,Tammy Penrice,913743.91,9.7,Roombo,Sweden,Armenian,720239.74,FALSE
Dragon Ball Z: Bardock - The Father of Goku (Doragon bôru Z: Tatta hitori no saishuu kessen - Furiiza ni itonda Z senshi Kakarotto no chichi),Drama,5/29/2003,Skippy Wartnaby,Joella Downage,3784458.07,9.9,Jaxnation,Jordan,Guarani,380521.83,FALSE
71: Into The Fire (Pohwasogeuro),Sci-Fi,10/5/2005,Jephthah Satcher,Codi Butrimovich,5725571.2,9.8,Myworks,Iran,Bambara,426951.02,FALSE
"Southern Yankee, A",Comedy,4/6/2019,Rudie Harken,Hope Mulrean,5877966.77,7.4,Livefish,Greece,Italian,404798.41,FALSE
"Black Room, The",Sci-Fi,5/31/2011,Sergei Garvey,Konstanze Watkiss,2375510.07,9.2,Skyvu,Ukraine,Somali,815903.83,TRUE
"Easy Riders, Raging Bulls: How the Sex, Drugs and Rock 'N' Roll Generation Saved Hollywood",Horror,2/3/2020,Zachary Childs,Mariette Evensden,8575948.28,7.4,Lazzy,Russia,Bulgarian,844243.64,FALSE
"Lord of the Rings: The Fellowship of the Ring, The",Comedy,12/9/2006,Elnore Coneybeer,Hyacinthe Adamec,1226965.6,3.1,Eabox,Argentina,Catalan,402282.62,FALSE
"First $20 Million Is Always the Hardest, The",Comedy,6/18/2005,Buddy Andrioni,Wileen Salvati,1077942.4,5.9,Voomm,Russia,Estonian,711801.12,FALSE
Black Venus,Drama,2/20/2002,Shermie Dacca,Ursuline Delap,9958110.66,2.4,Meezzy,China,Avestan,82640.79,FALSE
"Eddy Duchin Story, The",Drama,11/11/2005,Crystie Gives,Les Branson,4392778.82,4.7,Meembee,Honduras,Kanuri,225997.11,TRUE
The Magic Box,Sci-Fi,9/28/2011,Corrine Noddle,Whitney Schleswig-Holstein,4602771.69,5.1,Vinte,China,Walloon,491531.41,TRUE
"Same Love, Same Rain (El mismo amor, la misma lluvia)",Action,8/24/2022,Loy Fronks,Neron Hallmark,8380140.28,0.8,Quatz,Pakistan,Sanskrit,167834.2,TRUE
Panic in the Streets,Action,11/30/2017,Abner Philcock,Griswold Studart,8264281.95,5.4,Bubblemix,Syria,Swahili,844675.96,FALSE
Pokémon the Movie 2000,Action,6/9/2007,Daniele Nozzolii,Orella Ludwikiewicz,3644736.35,1.6,Ailane,Indonesia,Bashkir,621678.21,TRUE
Jauja,Action,7/7/2004,Zack Gulc,Gray Albrooke,6884187.94,2,Jabbersphere,Costa Rica,Tonga (Tonga Islands),705433.68,TRUE
"Unknown Woman, The (Tuntematon emäntä)",Action,3/13/2019,Mortie Beaten,Stefania Gittens,3372942.02,5.6,Tagpad,France,Avaric,462662.68,FALSE
"Shaggy D.A., The",Drama,9/21/2002,Berty Cudmore,Tiffie Dellenbrok,671663.99,3.1,Kare,Morocco,"Greek, Modern (1453-)",711170.53,TRUE
Silentium,Sci-Fi,10/19/2004,Humfried Neesham,Sybilla Richardsson,2380794.11,5.8,Dynabox,Sri Lanka,Rundi,559068.68,FALSE
"Yank in the R.A.F., A",Action,12/28/2018,Alfy Domesday,Jens Walkden,4695852.16,5.9,Dynabox,South Korea,Yoruba,645479.91,TRUE
Casino Royale,Drama,4/6/2016,Cindi Tucsell,Lilia Aspenlon,8474893.04,2.3,Gigashots,Philippines,Northern Sami,954538.02,FALSE
Goyokin,Comedy,7/19/2008,Hillier O'Rafferty,Mikkel O'Cullen,2431225.31,8.2,Skyble,United States,Arabic,112676.73,TRUE
"Wild, Wild Planet (I criminali della galassia)",Drama,8/8/2016,Hercules Ridgley,Albina Sinyard,7226192.63,4,Mita,Indonesia,Albanian,65688.09,FALSE
"Two of Us, The (Le vieil homme et l'enfant)",Action,9/21/2000,Butch Selby,Raddy Trime,218470.48,2.2,Centidel,China,Haitian,132419.53,FALSE
Sleeping Beauty,Drama,6/29/2015,Benn Taber,Ruperta Lanon,1326474.83,9.8,Jaloo,Sweden,Bashkir,458721.83,FALSE
Caught Inside,Comedy,10/30/2020,Ebonee Jamary,Sanders Sircombe,7226159.24,5.5,Edgeblab,Haiti,Kongo,65371.52,FALSE
Passport to Pimlico,Sci-Fi,2/4/2020,Ring Vellender,Gallard See,4803622.7,1.3,Roomm,Kuwait,Divehi,813992.29,TRUE
Bickford Shmeckler's Cool Ideas,Comedy,6/11/2018,Zitella Beavington,Mario Kingswold,1690405.11,7.4,Yadel,China,Divehi,142679.35,FALSE
Gerontophilia,Horror,3/1/2014,Shirl Heindle,Jacquette Furber,7634014.97,5.8,Meeveo,Philippines,Kazakh,907799.62,FALSE
Straight Time,Horror,3/6/2005,Nestor Serot,Marna Turbefield,9583561.21,0.8,Twimm,Peru,Tonga (Tonga Islands),721457.35,FALSE
If Lucy Fell,Drama,11/24/2013,Phillipe Murfill,Germaine Daley,2579335.03,1.6,Voonder,Brazil,Sardinian,58680.1,FALSE
Houdini,Drama,1/11/2010,Audre Axell,Jae Ambrogetti,368002.13,6.1,Gabvine,Tajikistan,Tahitian,412014.81,FALSE
"Scarecrow, The",Horror,3/25/2000,Veradis Arnaldy,Giulietta Guisot,244045.08,1.3,Kazio,Portugal,Inupiaq,220291.49,TRUE
"Spanish Prisoner, The",Comedy,8/11/2021,Ban Patis,Robbie Chesswas,4631779.81,9.6,Katz,Albania,Bulgarian,567219,FALSE
Olympian Holiday (Loma) ,Action,3/3/2013,Hadrian Rubenovic,Wilt Vaulkhard,1250297.25,5.4,Myworks,Argentina,Indonesian,484225.96,FALSE
Easy Money 2 (Snabba cash II),Horror,1/10/2005,Ernestine Shiril,Buck Kezar,9725787.7,7.3,Roodel,Indonesia,Navajo,847050.71,FALSE
Hellsinki (Rööperi),Comedy,7/10/2010,Gabi Semple,Bo Hayth,8813328.19,5.7,Gevee,Armenia,Oromo,515212.37,TRUE
Beautiful Ohio,Sci-Fi,6/24/2009,Nike Cejka,Lisbeth Maddie,7913217.05,4.7,Thoughtworks,China,Slovenian,338284.49,FALSE
For Ever Mozart,Action,6/14/2001,Osbert Osbidston,Selia Pine,3685972.21,4.9,Voonix,Indonesia,Walloon,435996.38,TRUE
Captain Midnight,Comedy,4/14/2022,Verile Gonzales,Marcela Wagg,9418840.18,6.1,Dabtype,Poland,Cree,940278.66,FALSE
Crossing the Bridge: The Sound of Istanbul,Comedy,12/27/2002,Colly Staddom,Grayce Witch,984162.14,8.1,Eire,Indonesia,Abkhazian,186418.13,TRUE
Two for the Seesaw,Horror,9/28/2011,Suzi Dalgarnowch,Lacee Helstrip,5576233.9,9,Dabfeed,Czech Republic,Tahitian,692828.58,TRUE
Big Miracle,Comedy,4/17/2004,Gisela Deeble,Darwin Gonsalo,7944160.36,5.8,Kazu,China,Korean,762580.4,FALSE
ParaNorman,Drama,11/20/2020,Carilyn Benner,Terence Bickell,9914697.57,6.9,Innojam,Portugal,Tibetan,787937.35,FALSE
American Pie Presents: The Book of Love (American Pie 7: The Book of Love),Horror,1/14/2008,Lelah Cushe,Odey Girone,9110681.5,9.9,Edgeclub,Indonesia,Serbian,675060.95,FALSE
"Tall Blond Man with One Black Shoe, The (Le grand blond avec une chaussure noire)",Sci-Fi,12/20/2015,Donni Voden,Merrile Casburn,7895168.94,2.5,Mudo,Poland,Polish,511344.41,TRUE
"Baby, The",Comedy,1/23/2014,Channa Ellens,Laetitia Yuryev,8075745.43,5,Fatz,Norway,Amharic,946569.79,TRUE
Street Kings,Sci-Fi,5/25/2003,Nolly Pashan,Juana Drohan,3390244.39,3.9,Photojam,Indonesia,Kuanyama,638466.52,TRUE
Lady for a Day,Sci-Fi,7/30/2010,Othelia Tales,Dorris Fowler,3942624.36,1.1,Zoovu,Morocco,Ojibwa,66413.38,TRUE
"Last Bolshevik, The (Tombeau d'Alexandre, Le)",Drama,10/4/2021,Byrle Johnes,Hanny Hackworthy,2433466.18,5.9,Oyoyo,France,Kuanyama,811046.04,FALSE
Fubar,Horror,12/20/2014,Sadella Ratt,Erwin Pristnor,5616467.1,0.7,Topicshots,Russia,Interlingue,931266.92,TRUE
Patrice O'Neal: Elephant in the Room,Horror,6/23/2003,Aurie Sexton,Trish Cartin,4902782.58,9.1,Thoughtsphere,Ukraine,Inupiaq,443474.59,FALSE
Switch,Horror,5/19/2012,Barnebas Bielefeld,Dilan Jayume,1403413.36,9.8,Katz,China,Georgian,281344.42,FALSE
"Kennedys, The",Horror,4/24/2007,Sashenka O'Halloran,Caitlin Quilligan,5537768.63,0.9,Fivespan,Poland,Ganda,999031.68,TRUE
Two Drifters (Odete),Horror,1/16/2007,Jacklin Webermann,Halette Rase,5801615.65,8.9,Photospace,Japan,Cree,289229.74,TRUE
"Dukes of Hazzard, The",Action,9/6/2020,Barty Jakubovitch,Kellie Brandino,3595826.57,1.1,Innojam,China,Avaric,272363.32,TRUE
Sinister,Drama,1/1/2010,Megan Banfield,Stacy Bellin,2160935.95,9.5,Fatz,Mali,Luba-Katanga,862479.34,TRUE
Silent Light (Stellet licht),Horror,11/29/2022,Dulcia Jeavons,Shea Darville,158704.57,2.4,Omba,China,Oromo,364642.56,TRUE
Havoc,Action,12/9/2012,Berk Kemer,Alexina Skudder,2321571.92,1.2,Kaymbo,Russia,Bislama,585770.76,TRUE
Bilitis,Comedy,1/9/2009,Vaclav Orford,Enrika Coleyshaw,4502029.81,1.4,Rhyloo,China,Ganda,726628.86,TRUE
Love at First Fight,Action,6/27/2017,Quintin Lewsie,Dode Robberecht,8194001.18,2.8,Fadeo,Vietnam,Nepali,104209.09,FALSE
Nim's Island,Drama,2/20/2019,Ophelia Reppaport,Odille Spaldin,2620276.74,2.8,Muxo,Colombia,Cornish,683990.52,TRUE
New Kids Turbo,Action,11/3/2007,Pablo MacNucator,Lonnard Sheldrick,8755740.17,3.7,Yakitri,China,Hebrew,35512.95,TRUE
Four Sahibjade,Drama,2/7/2005,Kiel Melledy,Bobette Gingold,7027631.97,5.6,Shufflebeat,Philippines,English,853755.44,TRUE
Tropical Fish (Re dai yu),Sci-Fi,3/21/2019,Lottie Waistell,Val Freemantle,7505207.51,4.5,Centimia,Russia,Cornish,24285.9,FALSE
Butterflies Have No Memories,Sci-Fi,12/27/2022,Antonetta Issacoff,Stanford Worden,937768.8,9,Lajo,Mexico,Sundanese,261317.95,FALSE
Castle on the Hudson,Sci-Fi,3/9/2022,Caressa Devine,Cristabel Frail,930357.01,3.8,Skynoodle,Indonesia,Kashmiri,555833.18,TRUE
Braveheart,Action,12/27/2000,Mathias Ellum,Noel Meddows,499924.12,9.7,Teklist,United States,Chichewa,851543.03,TRUE
"Spy Who Came in from the Cold, The",Drama,8/29/2022,Lilia Bourgour,Harp Eplett,3257886.16,1.5,Twitternation,Philippines,German,803740.21,FALSE
Apartment for Peggy,Sci-Fi,1/1/2019,Mel Durbridge,Burnard Glasman,4080854.37,5,Jetwire,Russia,Divehi,472411.38,TRUE
"Bear, The (Ours, L')",Drama,8/28/2013,Haleigh Whitely,Avrit Drohun,4204645.19,4.7,Dynabox,Japan,Pali,870650.12,TRUE
13 Beloved (13 game sayawng),Action,11/6/2016,Barr Yegorshin,L;urette Upstell,2477726.23,4.8,Quinu,France,Lingala,557918.96,FALSE
Things You Can Tell Just by Looking at Her,Drama,7/19/2001,Feodor Reicharz,Huntington Haucke,2893928.25,1.2,Zoonoodle,Czech Republic,Marshallese,114992.79,TRUE
Iria: Zeiram the Animation ,Horror,6/8/2015,Vanni Peacham,Penn Chaise,483642.68,6.4,Avavee,Indonesia,Bislama,881714.19,TRUE
Beowulf,Drama,8/30/2009,Kerry Matura,Benjie Coggen,1081884.31,4.8,Avavee,Israel,Norwegian Nynorsk,509499.02,TRUE
Snake and Crane Arts of Shaolin (She hao ba bu),Sci-Fi,4/24/2008,Lois Filipson,Andrei Leaman,8047468.52,5.3,Buzzdog,Portugal,Luba-Katanga,551892.25,FALSE
Howling IV: The Original Nightmare,Horror,6/1/2007,Gerardo Umpleby,Ingeborg Trigg,7960139.49,1.4,Skajo,Russia,Czech,315919,FALSE
Bartleby,Drama,1/7/2013,Findley Renfree,Eve Lamas,9858385.18,8.7,Quinu,France,Ganda,678035.92,FALSE
Kisses for My President,Drama,3/28/2011,Brody MacGaughey,Sadye Pryer,4074222.98,8.6,Meejo,Uzbekistan,Kurdish,610927.1,FALSE
Loners (Samotári),Sci-Fi,10/11/2001,Jessika De Brett,Zebulen Oloshkin,7695051.2,0.4,Livepath,Philippines,Tagalog,984800.52,TRUE
"Living and the Dead, The",Action,5/21/2006,Greta Scowcroft,Randi Pedder,8909214.39,5.8,Rhyloo,Philippines,"Bokmål, Norwegian",79785.45,TRUE
Hannah Arendt,Sci-Fi,2/3/2015,Darryl Briscoe,Lynett Harlin,5314272.52,3.9,Realblab,Indonesia,Ukrainian,471122.43,TRUE
Figures in a Landscape,Action,7/29/2016,Ernesta O'Currigan,Carlye Saterweyte,7495940.45,3.8,Zoombox,Brazil,Bashkir,776887.36,TRUE
Snow on Tha Bluff,Comedy,9/7/2013,Ashton Ianilli,Terza Burthom,9287543.82,3.3,Fanoodle,Portugal,Finnish,838240.13,FALSE
Haider,Sci-Fi,10/5/2006,Thibaut Vigrass,Lev Weatherburn,6083547.14,4.8,Yata,Poland,Yiddish,219995.1,FALSE
Corman's World: Exploits of a Hollywood Rebel,Drama,5/18/2011,Quintus Radsdale,Marissa Ricardot,3448365.53,1.7,Npath,Argentina,French,600402.33,FALSE
K.G. (Karate Girl),Comedy,5/29/2001,Lynea Vido,Raoul Klazenga,4965051.2,7.2,Youopia,Indonesia,Ojibwa,384733.92,FALSE
Hands on a Hard Body,Sci-Fi,6/30/2008,Gavrielle Woloschin,Wittie Twigge,357874.07,0.9,Vinte,Pakistan,Zhuang,171976.86,FALSE
Prisoner of the Mountains (Kavkazsky plennik),Sci-Fi,3/23/2017,Garnette Schutter,Fiann Guiel,789187.44,1.5,Linktype,Indonesia,"Ndebele, South",74983.51,TRUE
The Gift of Love,Horror,10/16/2009,Roosevelt Franies,Violante Rowlson,7886100.28,1.8,Ozu,France,Macedonian,758979.24,FALSE
Gasland Part II,Drama,10/5/2016,Aleta Acom,Huntley Heigl,4427093.79,5.2,Quinu,Afghanistan,Basque,387432.56,FALSE
Catastroika,Horror,5/10/2022,Hilly Muneely,Melitta Wignall,6723116.29,1.3,Yotz,Venezuela,Ukrainian,211712.05,FALSE
Singles,Sci-Fi,6/22/2002,Kakalina Hamal,Berrie Josowitz,1495173.58,7.7,Eimbee,Chile,Arabic,406024.73,FALSE
Even Dwarfs Started Small (Auch Zwerge haben klein angefangen),Sci-Fi,1/25/2005,Meryl Spurge,Elton Feldfisher,4117063.84,6.6,Eadel,China,Yiddish,463355.98,FALSE
Dreams (Kvinnodröm),Drama,9/6/2014,Gabrila Eadon,Coral Maypother,908191.5,1.1,Centimia,Netherlands,Cree,250735.26,TRUE
Dancing Lady,Horror,1/24/2011,Buffy Yashnov,Hillier Sherred,8588295.09,1,Yacero,Bulgaria,Hiri Motu,646788.1,FALSE
Moebius Redux: A Life in Pictures,Drama,9/28/2016,Conn Treadger,Lillian O'Sharry,7843400.1,2.3,Flipbug,Yemen,Telugu,930915.81,TRUE
"Good Marriage, A (Beau mariage, Le)",Horror,11/26/2001,Kaia Dinjes,Chester Sivil,9749580.75,4.5,Nlounge,Indonesia,Thai,532055.2,TRUE
Mail Order Bride,Horror,2/24/2013,Ransom Bringloe,Nestor Alven,7525796.66,6.3,Buzzdog,Russia,Bulgarian,73194.32,TRUE
"Wing and the Thigh, The (L'aile ou la cuisse)",Action,11/25/2002,Karalee Elsom,Con Trunkfield,4852398.24,3,Feedbug,Bulgaria,Afrikaans,37978.8,FALSE
Johnny Handsome,Action,4/20/2010,Logan de Chastelain,Delia Maskrey,9956481.72,3.7,Pixope,Indonesia,Church Slavic,24071.19,FALSE
East Meets West (Dung sing sai tsau 2011),Sci-Fi,2/1/2022,Myrtie Otham,Lenora Shurlock,1366765.62,0,Skimia,Indonesia,Corsican,978496.28,FALSE
Made in Heaven,Horror,5/16/2019,Launce Beeswing,Petronille Woolner,2545325.2,3.7,Quimba,Venezuela,Quechua,792275.94,FALSE
Night Watch (Nochnoy dozor),Comedy,8/13/2007,Lila Mannin,Bren Knight,2628631.21,4,Realbridge,Netherlands,Zulu,306679.84,TRUE
Boogie Nights,Drama,6/18/2002,Timoteo Maffulli,Gertie Gallear,4705642.35,9.9,Vidoo,China,Luxembourgish,333961.04,TRUE
La liga no es cosa de hombres,Action,5/29/2001,Margo Kilshall,Agnella Gilligan,6693578.09,1.6,Kazu,China,Tswana,947717.24,FALSE
5th Day of Peace (Dio è con noi),Sci-Fi,9/4/2017,Corenda Tregido,Gun Piers,3773528.69,4,Twinder,China,Igbo,316096.16,TRUE
Keeping Mum,Drama,11/10/2009,Tito Komorowski,Humfrey Renak,7193302.78,3.8,Linklinks,China,Indonesian,831987.8,TRUE
"Night of the Iguana, The",Comedy,5/10/2004,Monti Emanuel,Gerta Bosson,7806327.1,7.5,Jamia,Malaysia,Nauru,778470.6,TRUE
Brothers of the Head,Horror,12/26/2007,Heda Gommey,Herrick Rihosek,9708457.47,5.4,Jaxspan,Yemen,Hungarian,319300.79,TRUE
Princesas,Drama,11/25/2020,Lek Keynd,Leontine Lamers,2482360.54,3.2,Mynte,Ireland,Wolof,649800.93,TRUE
Finian's Rainbow,Comedy,6/14/2022,Lyndsay McMichan,Ted Stickens,8633243.63,9.7,Gabtype,Thailand,Thai,11582.64,FALSE
"Perfect Storm, The",Comedy,8/5/2021,Conchita Douty,Devonna Strongitharm,3412502.17,1.3,Divape,China,Armenian,636840.96,TRUE
We Live Again,Action,8/19/2015,Roddy O'Feeney,Putnam Granger,6300013.47,9,Meetz,China,Urdu,222988.85,TRUE
"Quiet Ones, The",Comedy,3/7/2008,Jean MacGeaney,Joyan Crake,2029327.96,7.6,Yambee,Indonesia,Latin,583991.65,FALSE
Chronicles (Crónicas),Drama,6/6/2006,Cindee Belshaw,Ritchie Brauninger,1294501.59,2.8,Divavu,Macao,Igbo,245434.41,FALSE
Lemon Tree,Drama,8/1/2020,Issiah Ebbett,Saunder Trillow,7941660.57,5.5,Realfire,Brazil,Kinyarwanda,856682.12,TRUE
Steak,Drama,7/8/2001,Terrel Rimell,Emanuele De Stoop,9502004.93,7.5,Jaxworks,Cameroon,Cree,462402.67,FALSE
The Law of the Weakest,Comedy,10/13/2018,Barbette Crockley,Elysee Fenners,3907104.35,4.5,Mynte,Spain,Gaelic,264396.58,TRUE
Heart of a Lion (Leijonasydän),Drama,9/22/2012,Irina McDoual,Tore Denton,382334.93,9.1,Voonder,Croatia,"Sotho, Southern",336993.83,TRUE
It Happened to Jane,Comedy,9/29/2012,Red Petroff,Erhart Baulcombe,4454289.7,1,Jabberstorm,Russia,Javanese,95147.5,FALSE
"Boxer, The",Sci-Fi,11/9/2006,Collete Darco,Raddy McRoberts,2387068.05,0.6,Zoonder,Thailand,Kazakh,946647.59,TRUE
Shenandoah,Comedy,5/22/2008,Valle Decruse,Laurens MacDermott,9221075.05,0.8,Innotype,Trinidad and Tobago,Kalaallisut,413246.32,FALSE
Let's Not Get Angry (Ne nous fâchons pas),Horror,7/4/2017,Orlando Smitten,Donetta Bapty,4992048.8,4.4,Fivebridge,Sweden,Vietnamese,290359.04,FALSE
Ride Along,Comedy,3/27/2011,Paxton Maling,Brantley Remmers,3348310.43,0.3,Eamia,Panama,Abkhazian,899942.93,TRUE
Robin Hood: Men in Tights,Action,9/25/2016,Sofie Charker,Carol-jean Jahncke,7832922.86,0.2,Pixonyx,Philippines,Walloon,611210.55,TRUE
"Summer at Grandpa's, A (Dong dong de jia qi)",Horror,11/1/2004,Shurlocke Dolder,Ransom Grimsell,4013703.02,8.6,Yambee,China,Yoruba,551964.85,FALSE
Marjoe,Drama,11/11/2022,Ashia Restorick,Imelda Jessep,9779315.23,9.5,Dabtype,Namibia,Hindi,222496.42,FALSE
Cookers,Sci-Fi,1/10/2001,Carlynn Filippi,Jenna Kibbel,631045.78,8.4,Dazzlesphere,Czech Republic,Zhuang,382644.75,FALSE
Hot Pursuit,Drama,6/18/2008,Marc Smickle,Mallory Juarez,6384993.54,6.5,Ntag,Russia,Oriya,683392.2,FALSE
Hobson's Choice,Drama,7/16/2011,Ashia Camilletti,Aurlie Channer,3662638.08,1.5,Blogtags,Syria,Kikuyu,857836.03,FALSE
Moving McAllister,Horror,8/5/2008,Jeff Novkovic,Natalie Lippard,5166513.67,7,Meezzy,Poland,Hiri Motu,749991.65,TRUE
Sapphire,Action,12/23/2008,Jeffry Cheshir,Cori Ganniclifft,4655848.98,8,Livetube,Indonesia,Lao,787308.44,FALSE
Supernova,Sci-Fi,4/10/2017,Gene Taverner,Briana Jerrold,8390968.57,6.4,Wordtune,Indonesia,Welsh,208529.54,FALSE
"Lost Embrace (Abrazo partido, El)",Sci-Fi,2/26/2022,Cheston Bothams,Imogene Deroche,2586540.81,7.2,Yombu,Colombia,Norwegian Nynorsk,250797.89,TRUE
Cinderella Man,Drama,1/23/2001,Annadiana Mattiello,Charline Georgeson,8831005.98,1.5,Edgeblab,Peru,Ojibwa,539185,TRUE
Why Me?,Horror,7/8/2009,Pavia Flooks,Wendy Bulfield,177976.59,9.2,Rhycero,China,Kannada,255768.32,TRUE
Juwanna Mann,Action,12/31/2015,Talbot Kirvell,Leontyne Pavey,7583758.66,1.3,BlogXS,Brazil,Swedish,192613.37,FALSE
Cube 2: Hypercube,Comedy,9/16/2009,Malanie Cartman,Roman Crowcum,2958163.6,3.2,Feedfish,Indonesia,Chuvash,492064.86,FALSE
Honeymoon in Vegas,Comedy,7/2/2011,Bebe Foulgham,Harv Brandel,2791990.73,2.2,Browsezoom,Canada,Tsonga,519354,TRUE
Red Army,Drama,7/21/2021,Alisun Gately,Terese Merdew,2323564.75,4.2,Feedspan,Panama,Malay,863103.62,TRUE
Goldengirl,Sci-Fi,8/16/2006,Tory Merrifield,Tobin Fillan,4179526.23,0.5,Tavu,Sweden,Dzongkha,74344.55,TRUE
Welfare,Comedy,12/24/2001,Rollo Cowland,Sibelle Castagneto,1781842.12,6.4,Topdrive,Indonesia,Abkhazian,185228.57,FALSE
Gambling City,Horror,6/16/2021,Constance Kilty,Tanitansy Canelas,1207175.9,9.2,Photofeed,China,Indonesian,778656.16,FALSE
Welcome to Mooseport,Action,3/2/2001,Evanne Barron,Oralla Jovis,1743770.86,3.9,Jabberstorm,Philippines,Mongolian,291241.24,TRUE
This American Journey,Action,12/5/2001,Gerrie Kermit,Rosemonde Spaunton,2371853.9,2.9,Kaymbo,China,Italian,459507.07,FALSE
Bloodlust: Subspecies III,Comedy,4/16/2015,Marylou Birney,Anet Algore,6168807.52,1,Avavee,China,Oromo,409835.51,TRUE
"Sword of Doom, The (Dai-bosatsu tôge)",Action,8/21/2011,Adelbert Baszkiewicz,Alistair Saller,8495741.12,4.5,Thoughtsphere,Vietnam,Kinyarwanda,771631.07,TRUE
Fist of the North Star,Action,5/22/2017,Prentiss Payn,Philis Gentner,2826467.26,5.1,Jabbercube,Argentina,Guarani,803315.52,TRUE
Unbeatable (Ji zhan),Drama,12/10/2015,Rosalia Glasard,Monique Pactat,8578093.65,4.7,Zoonoodle,Indonesia,Chichewa,374281.81,TRUE
"Angriest Man in Brooklyn, The",Horror,12/24/2003,Omar Stannis,Nehemiah Meriot,5376664.44,2.6,Fatz,Brazil,Bambara,554660.81,TRUE
It's a Bikini World,Drama,3/26/2006,Sukey Dodgson,Olive Bisiker,2535381.03,0.1,Vinte,Brazil,Sanskrit,184656.03,TRUE
Tex,Action,9/19/2004,Marcos Helin,Emmalee Checchetelli,3275859.35,4.8,Photobug,Portugal,Romanian,152481.4,TRUE
Annie,Action,12/13/2009,Nikkie Wahlberg,Simona Neubigin,9929035.05,1.8,JumpXS,Indonesia,Luba-Katanga,560503.48,TRUE
"Stig-Helmer Story, The",Sci-Fi,9/8/2009,Rubin Silson,Nicolea Montacute,9995011.03,4.7,Roombo,Russia,Welsh,186429.34,TRUE
How to Deal,Sci-Fi,12/1/2022,Angelita Fasey,Darnall Rosenbaum,5121702.66,2.4,Buzzbean,Saudi Arabia,Albanian,358064.64,FALSE
"Dentist, The",Sci-Fi,7/17/2012,Noel Gatman,Inessa Rassmann,7161822.77,9.2,Brainlounge,United States,Gaelic,245190.07,FALSE
"Vampyros Lesbos (Vampiras, Las)",Comedy,4/8/2017,Karin Dufaur,Theodora Carnow,3766936.36,7.3,Vitz,Democratic Republic of the Congo,Romanian,30701.6,TRUE
"Charter Trip, The (a.k.a. Package Tour, The) (Sällskapsresan)",Sci-Fi,9/24/2010,Lonnie Giamelli,Lazaro Bonnaire,6535777.95,9.7,BlogXS,Ireland,Wolof,211964.4,TRUE
"Piano in a Factory, The (Gang de qin)",Comedy,5/11/2015,Web Tottie,Brandais Zannotelli,7563131.27,6.4,Centizu,Finland,Uzbek,302486.63,TRUE
"Pirates of Penzance, The",Comedy,10/5/2021,Rosina Mufford,Garvey Souch,9983508.29,2.5,Jaxworks,China,Avestan,740082.02,TRUE
Always Leave Them Laughing,Comedy,6/7/2011,Reinold Cristol,Dori Jorczyk,5177801.42,9.2,Gabspot,China,Amharic,827659.42,FALSE
Over My Dead Body,Sci-Fi,1/4/2012,Pearle Kienle,Robinette Whitehouse,9955382.97,8.6,Twitterlist,China,Corsican,315885.77,FALSE
Forklift Driver Klaus: The First Day on the Job,Comedy,7/30/2005,Remus Lintott,Jewel Fitzer,6796909.43,6.1,Rhybox,France,Fijian,233077.46,TRUE
Conversations with My Gardener (Dialogue avec mon jardinier),Sci-Fi,6/4/2003,Constanta Ciotto,Conway Snaden,4453870.93,1,Trudeo,Paraguay,Kazakh,537341.77,FALSE
"Apprenticeship of Duddy Kravitz, The",Sci-Fi,11/20/2020,Hastie Yanuk,Aggy Kobu,6360080.24,9.7,Edgeclub,China,Hindi,847659.82,TRUE
Tap,Action,11/12/2012,Adriaens Hurton,Vanny Bonnier,9571152.55,2,Teklist,Brazil,Pali,950563.7,TRUE
Caravaggio,Action,2/9/2007,Desiri Cruce,Arman Aspole,4130302.66,6,Meembee,Panama,Chamorro,547064.35,TRUE
Man at Bath (Homme au bain),Horror,2/6/2005,Concettina Rigler,Edi Bloore,7227558.41,1.2,Skimia,China,Kalaallisut,381674.4,FALSE
"Devil Dared Me To, The",Comedy,7/25/2010,Madalena Blucher,Suzanna Willshear,1512974.12,5.7,Ntags,Armenia,Czech,506260.6,TRUE
"Love, Marilyn",Sci-Fi,8/26/2020,Harlin Napier,Debee Vasilchenko,9894643.58,6.1,Centidel,Mongolia,Tibetan,433832.16,TRUE
New Kids Turbo,Drama,1/1/2016,Kirsten Elstow,Nari Lahy,7586433.4,3.6,Blognation,Kenya,Spanish,437172.25,TRUE
"Rare Breed, The",Comedy,7/26/2008,Lezlie Randlesome,Gusella Bohin,4795825.81,4.8,Gabtype,Brazil,Belarusian,944557.96,TRUE
Sense & Sensibility,Comedy,12/30/2020,Mile Crocken,Egor Dowley,1775167.52,7.3,Roombo,Nigeria,Malagasy,325341.77,TRUE
Sherlock Holmes,Sci-Fi,8/13/2014,Douglass de Quesne,Bernette Christofor,1781297.61,6.1,Twitterbridge,China,Serbian,832531.07,FALSE
Dreamworld,Comedy,3/21/2004,Hadleigh Doudny,Pennie Filipczak,9498799.49,2.9,Zooxo,Russia,Norwegian,405651.53,FALSE
Six Days,Horror,4/25/2005,Sloan Goundsy,Honey Ryce,1129636.8,1.9,Oyonder,Indonesia,Russian,332664.6,FALSE
"Thousand Clouds of Peace, A (Mil nubes de paz cercan el cielo, amor, jamás acabarás de ser amor)",Sci-Fi,8/21/2000,Tonie Capstaff,Valentine Dubock,6141395.03,5.3,Zoombeat,Indonesia,Albanian,722815.38,TRUE
Preston Sturges: The Rise and Fall of an American Dreamer,Comedy,11/14/2016,Kathryne Rickert,Rogers Braunds,5033936.54,3.7,Kare,Philippines,Guarani,411721.4,TRUE
High Road to China,Sci-Fi,5/20/2021,Neel Stubbin,Van Summerly,6575905.48,6.9,Kimia,Czech Republic,Cornish,573299.2,FALSE
Three (a.k.a. 3 Extremes II) (Saam gaang),Horror,3/20/2010,Baxie Monck,Billi Tregien,9308944.17,4.5,Voonder,China,Oriya,162720.61,FALSE
About a Boy,Action,12/4/2009,Chaddie Breawood,Lowell Nisbith,5402014.75,8.2,Buzzshare,Sweden,Sanskrit,53113.73,TRUE
Mina Tannenbaum,Sci-Fi,4/21/2004,Osborne Flemyng,Teddy Twitching,4295722.86,8.8,Realbuzz,Iran,Samoan,889024.41,FALSE
Critical Condition,Horror,5/3/2021,Twyla Sondon,Olag Geindre,1459217.36,5.4,Demizz,China,Pali,370876.25,TRUE
"Guard, The",Comedy,6/3/2005,Vivia Buttler,Calvin MacAllister,8611736.75,6.8,Realbuzz,Latvia,Ukrainian,549166.35,TRUE
"Lovely, Still",Comedy,3/2/2016,Constancy Balhatchet,Robbert Leyband,8021937.92,8.4,Janyx,Barbados,Czech,348005.89,TRUE
Amar Akbar Anthony,Action,5/1/2011,Lorinda Melody,Barnie Danby,7844412.19,0.5,Voomm,China,Hausa,576745.01,TRUE
Cutlet for Three (Ein Schnitzel für drei),Sci-Fi,10/22/2005,Eric Hurne,Gavan Ogborne,2249415.74,9,Twitterlist,Laos,Tagalog,105660.34,TRUE
Dangerous Corner,Comedy,8/18/2003,Jasmine Northgraves,Jolynn Drane,6381095.68,5.5,Camido,China,Inuktitut,685194.45,FALSE
Joy Ride 2: Dead Ahead,Comedy,9/23/2010,Roobbie Sieb,Paton Inseal,8656742.77,7.4,Gigabox,China,Ganda,583682.93,TRUE
Kickboxer 2: The Road Back,Drama,5/1/2014,Harry Windas,Ava Pashba,8513769.48,2.5,Devbug,Vietnam,Thai,208779.36,FALSE
Jacqueline Susann's Once Is Not Enough,Sci-Fi,6/18/2013,Rosemonde Koopman,Becki Carwardine,2102418.23,6.2,Brainsphere,Poland,Azerbaijani,745156.69,FALSE
Which Way Is Up?,Comedy,9/25/2014,Umberto Swoffer,Johnny Aslie,5929261.91,5.6,Dabvine,Ukraine,Hungarian,702501.38,FALSE
"Cove, The",Comedy,3/11/2005,Shelden Tiffany,Blake Tinn,5097598.39,7.5,Quamba,Czech Republic,Ganda,66811.82,TRUE
Beautiful Lies (De vrais mensonges) (Full Treatment),Sci-Fi,1/3/2021,Twyla Franscioni,Bonnie Cayford,1654118.03,7.3,Linkbridge,China,Zhuang,201187.51,TRUE
Roadside Prophets,Sci-Fi,11/30/2018,Sheilakathryn Reddihough,Howard Congram,2142407.45,0.1,Buzzbean,United States,Divehi,610297.59,FALSE
